{
  "projectType": [
    "com.watt.common.builder.sapui5clientbuild",
    "sap.watt.uitools.ide.fiori"
  ],
  "build": {
    "targetFolder": "dist",
    "sourceFolder": "webapp",
    "excludedFolders": [
      "test"
    ],
    "excludedFiles": [
      "test.html"
    ],
    "buildRequired": true
  },
  "generation": [
    {
      "templateId": "ui5template.2masterdetailcrud",
      "templateVersion": "1.34.3",
      "dateTimeStamp": "Fri, 11 Nov 2016 16:47:51 GMT"
    }
  ],
  "translation": {
    "translationDomain": "",
    "supportedLanguages": "en,fr,de",
    "defaultLanguage": "en",
    "defaultI18NPropertyFile": "i18n.properties",
    "resourceModelName": "i18n"
  },
  "mockpreview": {
    "mockUri": "/sap/opu/odata/sap/ZPRS_DB_WF02_SRV",
    "metadataFilePath": "",
    "loadJSONFiles": false,
    "loadCustomRequests": false,
    "mockRequestsFilePath": ""
  },
  "basevalidator": {
    "services": {
      "js": "fioriJsValidator",
      "xml": "fioriXmlAnalysis"
    }
  },
  "codeCheckingTriggers": {
    "notifyBeforePush": true,
    "notifyBeforePushLevel": "Error",
    "blockPush": false,
    "blockPushLevel": "Error"
  }
}