{
  "routes": [
    {
      "path": "/resources",
      "target": {
        "type": "service",
        "name": "sapui5",
        "entryPath": "/1.36.7/resources"
      },
      "description": "SAPUI5 Resources"
    },
    {
      "path": "/test-resources",
      "target": {
        "type": "service",
        "name": "sapui5",
        "entryPath": "/1.36.7/test-resources"
      },
      "description": "SAPUI5 Test Resources"
    },
    {
      "path": "/resources",
      "target": {
        "type": "service",
        "name": "sapui5",
        "entryPath": "/1.36.7/resources"
      },
      "description": "SAPUI5 Resources"
    },
    {
      "path": "/test-resources",
      "target": {
        "type": "service",
        "name": "sapui5",
        "entryPath": "/1.36.7/test-resources"
      },
      "description": "SAPUI5 Test Resources"
    },
    {
      "path": "/sap/opu/odata",
      "target": {
        "type": "destination",
        "name": "GWD",
        "entryPath": "/sap/opu/odata"
      },
      "description": "Reference System"
    },
    {
      "path": "/sap/opu/odata",
      "target": {
        "type": "destination",
        "name": "tmp_gwd",
        "entryPath": "/sap/opu/odata"
      },
      "description": "TDIMS Gateway DEV"
    },
    {
      "path": "/orion",
      "target": {
        "type": "service",
        "name": "orion"
      },
      "description": "Orion Service"
    },
    {
      "path": "/sap/bc/ui5_ui5",
      "target": {
        "type": "destination",
        "name": "GWD",
        "entryPath": "/sap/bc/ui5_ui5"
      },
      "description": "Reference System"
    }
  ]
}