{
    "resources": [
        {
            "name": ".che/project.json"
        },
        {
            "name": ".gitignore"
        },
        {
            "name": ".project.json"
        },
        {
            "name": "Component-preload.js",
            "merged": true
        },
        {
            "name": "Component.js"
        },
        {
            "name": "Gruntfile.js"
        },
        {
            "name": "controller/App.controller.js"
        },
        {
            "name": "controller/BaseController.js"
        },
        {
            "name": "controller/ErrorHandler.js"
        },
        {
            "name": "controller/NotFound.controller.js"
        },
        {
            "name": "controller/S1_Planner.controller.js"
        },
        {
            "name": "controller/designMode.js"
        },
        {
            "name": "controller/messages.js"
        },
        {
            "name": "controls/CalendarRow.js"
        },
        {
            "name": "controls/DateTime.js"
        },
        {
            "name": "controls/ElementUtil.js"
        },
        {
            "name": "controls/NonEditDateTime.js"
        },
        {
            "name": "controls/PlanningCalendar.js"
        },
        {
            "name": "css/style.css"
        },
        {
            "name": "dist"
        },
        {
            "name": "i18n/i18n.properties",
            "raw": "i18n/i18n.properties"
        },
        {
            "name": "localService/MockRequests.js"
        },
        {
            "name": "localService/ZJCB_JOB_DAILY_SRV/metadata.xml"
        },
        {
            "name": "localService/metadata.xml"
        },
        {
            "name": "localService/mockdata/AppControlSet.json"
        },
        {
            "name": "localService/mockdata/Appointments.json"
        },
        {
            "name": "localService/mockdata/BayFilterSet.json"
        },
        {
            "name": "localService/mockdata/BaySet.json"
        },
        {
            "name": "localService/mockdata/BookingSet.json"
        },
        {
            "name": "localService/mockdata/LegendSet.json"
        },
        {
            "name": "localService/mockdata/VH_BayTypeSet.json"
        },
        {
            "name": "localService/mockdata/VH_BookReasonSet.json"
        },
        {
            "name": "localService/mockserver.js"
        },
        {
            "name": "manifest.json"
        },
        {
            "name": "model/models.js"
        },
        {
            "name": "neo-app.json"
        },
        {
            "name": "node_modules"
        },
        {
            "name": "package-lock.json"
        },
        {
            "name": "package.json"
        },
        {
            "name": "resources.json",
            "merged": true
        },
        {
            "name": "sap-ui-cachebuster-info.json"
        },
        {
            "name": "view/App.view.xml"
        },
        {
            "name": "view/NotFound.view.xml"
        },
        {
            "name": "view/S1_Planner.view.xml"
        },
        {
            "name": "view/fragment/AppointmentDetail.fragment.xml"
        },
        {
            "name": "view/fragment/BookingDetail.fragment.xml"
        },
        {
            "name": "view/fragment/ViewSettings.fragment.xml"
        },
        {
            "name": "view/fragment/ViewSettingsBooking.fragment.xml"
        }
    ]
}