{
  ".che/project.json": 1548836055573,
  ".gitignore": 1548836055572,
  ".project.json": 1548836055558,
  "Component-preload.js": 1548836074702,
  "Component.js": 1548836055561,
  "Gruntfile.js": 1548836055568,
  "controller/App.controller.js": 1548836055574,
  "controller/BaseController.js": 1548836055575,
  "controller/ErrorHandler.js": 1548836055576,
  "controller/NotFound.controller.js": 1548836055578,
  "controller/S1_Planner.controller.js": 1548836055579,
  "controller/designMode.js": 1548836055576,
  "controller/messages.js": 1548836055577,
  "controls/CalendarRow.js": 1548836055581,
  "controls/DateTime.js": 1548836055582,
  "controls/ElementUtil.js": 1548836055582,
  "controls/NonEditDateTime.js": 1548836055583,
  "controls/PlanningCalendar.js": 1548836055584,
  "css/style.css": 1548836055585,
  "i18n/i18n.properties": 1548836055587,
  "localService/MockRequests.js": 1548836055589,
  "localService/ZJCB_JOB_DAILY_SRV/metadata.xml": 1548836055617,
  "localService/metadata.xml": 1548836055588,
  "localService/mockdata/AppControlSet.json": 1548836055608,
  "localService/mockdata/Appointments.json": 1548836055609,
  "localService/mockdata/BayFilterSet.json": 1548836055610,
  "localService/mockdata/BaySet.json": 1548836055611,
  "localService/mockdata/BookingSet.json": 1548836055613,
  "localService/mockdata/LegendSet.json": 1548836055614,
  "localService/mockdata/VH_BayTypeSet.json": 1548836055615,
  "localService/mockdata/VH_BookReasonSet.json": 1548836055616,
  "localService/mockserver.js": 1548836055590,
  "manifest.json": 1548836055564,
  "model/models.js": 1548836055592,
  "neo-app.json": 1548836055565,
  "package-lock.json": 1548836055569,
  "package.json": 1548836055570,
  "resources.json": 1548836074706,
  "view/App.view.xml": 1548836055593,
  "view/NotFound.view.xml": 1548836055595,
  "view/S1_Planner.view.xml": 1548836055596,
  "view/fragment/AppointmentDetail.fragment.xml": 1548836055619,
  "view/fragment/BookingDetail.fragment.xml": 1548836055620,
  "view/fragment/ViewSettings.fragment.xml": 1548836055620,
  "view/fragment/ViewSettingsBooking.fragment.xml": 1548836055621
}