<core:FragmentDefinition xmlns="sap.m" xmlns:l="sap.ui.layout"
	xmlns:core="sap.ui.core" xmlns:f="sap.ui.layout.form"
	xmlns:app="http://schemas.sap.com/sapui5/extension/sap.ui.core.CustomData/1">
	<Dialog class="sapUiSizeCompact" contentWidth="100%"
		contentHeight="100%">
		<customHeader>
			<Bar>
			<contentMiddle>
					<Label text="Dashboard" id="API_DASHBOARD_DISP_TITLE" />
				</contentMiddle>
			<contentRight>
			<!-- <Button tooltip="image" type="Transparent"
				icon="sap-icon://image-viewer"/> -->
			<Button icon="sap-icon://expand-group"
					press="_onApiAllPanelsExpand" type="Transparent" />
				<Button icon="sap-icon://collapse-group"
					press="_onApiAllPanelsCollapse" type="Transparent" />
			</contentRight>
			</Bar>
			</customHeader>
	
		<l:VerticalLayout id="API_DASHBOARD_DISP_VER_LAY">
		</l:VerticalLayout>
		<buttons>
			<Button text="Close" press="onDialogclose"
				app:dialogType="DashboardDisplayDialog" />
		</buttons>
	</Dialog>
</core:FragmentDefinition>