{
	"run": [
		{
			"filePath": "/ZSMART_CONTROL/webapp/test/flpSandbox.html",
			"previewMode": 1,
			"dataMode": 1,
			"workspace": "withoutWorkspace",
			"urlParameters": [
				{
					"paramName": "",
					"paramValue": "",
					"paramActive": false
				},
				{
					"paramName": "",
					"paramValue": "",
					"paramActive": false
				}
			],
			"hashParameter": "SmartControls-display",
			"ui5ActiveVersion": "snapshot",
			"ui5VerSource": null,
			"isDefaultVersion": 1,
			"_metadata": {
				"id": "1362213",
				"runnerId": "webapprunner",
				"displayName": "App in FLP Sandbox"
			}
		},
		{
			"filePath": "/ZSMART_CONTROL/webapp/test/flpSandboxMockServer.html",
			"previewMode": 1,
			"dataMode": 1,
			"workspace": "withoutWorkspace",
			"urlParameters": [
				{
					"paramName": "",
					"paramValue": "",
					"paramActive": false
				},
				{
					"paramName": "",
					"paramValue": "",
					"paramActive": false
				}
			],
			"hashParameter": "SmartControls-display",
			"ui5ActiveVersion": "snapshot",
			"ui5VerSource": null,
			"isDefaultVersion": 1,
			"_metadata": {
				"id": "8924513",
				"runnerId": "webapprunner",
				"displayName": "App in FLP Sandbox (Mock Server)"
			}
		},
		{
			"filePath": "/ZSMART_CONTROL/webapp/test/unit/unitTests.qunit.html",
			"previewMode": 1,
			"dataMode": 1,
			"workspace": "withoutWorkspace",
			"ui5ActiveVersion": "snapshot",
			"ui5VerSource": null,
			"isDefaultVersion": 1,
			"urlParameters": [
				{
					"paramName": "",
					"paramValue": "",
					"paramActive": false
				},
				{
					"paramName": "",
					"paramValue": "",
					"paramActive": false
				}
			],
			"_metadata": {
				"id": "2910511",
				"runnerId": "webapprunner",
				"displayName": "Unit Tests"
			}
		},
		{
			"filePath": "/ZSMART_CONTROL/webapp/test/integration/opaTests.qunit.html",
			"previewMode": 1,
			"dataMode": 1,
			"workspace": "withoutWorkspace",
			"ui5ActiveVersion": "snapshot",
			"ui5VerSource": null,
			"isDefaultVersion": 1,
			"urlParameters": [
				{
					"paramName": "",
					"paramValue": "",
					"paramActive": false
				},
				{
					"paramName": "",
					"paramValue": "",
					"paramActive": false
				}
			],
			"hashParameter": "",
			"_metadata": {
				"id": "8668571",
				"runnerId": "webapprunner",
				"displayName": "OPA Tests"
			}
		},
		{
			"filePath": "/ZSMART_CONTROL/webapp/test/testsuite.qunit.html",
			"previewMode": 1,
			"dataMode": 1,
			"workspace": "withoutWorkspace",
			"ui5ActiveVersion": "snapshot",
			"ui5VerSource": null,
			"isDefaultVersion": 1,
			"urlParameters": [
				{
					"paramName": "",
					"paramValue": "",
					"paramActive": false
				},
				{
					"paramName": "",
					"paramValue": "",
					"paramActive": false
				}
			],
			"hashParameter": "",
			"_metadata": {
				"id": "1468981",
				"runnerId": "webapprunner",
				"displayName": "Test Suite (Unit, OPA)"
			}
		},
		{
			"filePath": "/ZSMART_CONTROL/webapp/Component.js",
			"previewMode": 1,
			"dataMode": 1,
			"workspace": "withoutWorkspace",
			"ui5ActiveVersion": "snapshot",
			"ui5VerSource": null,
			"isDefaultVersion": 1,
			"urlParameters": [
				{
					"paramName": "",
					"paramValue": "",
					"paramActive": false
				},
				{
					"paramName": "",
					"paramValue": "",
					"paramActive": false
				}
			],
			"hashParameter": "",
			"_metadata": {
				"id": "2524381",
				"runnerId": "fiorirunner",
				"displayName": "App as Fiori Component"
			}
		}
	]
}