<edmx:Edmx
    xmlns:edmx="http://schemas.microsoft.com/ado/2007/06/edmx"
    xmlns:m="http://schemas.microsoft.com/ado/2007/08/dataservices/metadata"
    xmlns:sap="http://www.sap.com/Protocols/SAPData" Version="1.0">
    <edmx:DataServices m:DataServiceVersion="2.0">
        <Schema
            xmlns="http://schemas.microsoft.com/ado/2008/09/edm" Namespace="ZPRS_ICEXP_REVIEW_APPR_SRV" xml:lang="en" sap:schema-version="1">
            <EntityType Name="Expense" sap:content-version="1">
                <Key>
                    <PropertyRef Name="Bukrs"/>
                    <PropertyRef Name="Belnr"/>
                </Key>
                <Property Name="Bukrs" Type="Edm.String" Nullable="false" MaxLength="4" sap:unicode="false" sap:label="Company Code" sap:creatable="false" sap:updatable="false"/>
                <Property Name="Belnr" Type="Edm.String" Nullable="false" MaxLength="10" sap:unicode="false" sap:label="Document Number" sap:creatable="false" sap:updatable="false"/>
                <Property Name="Gjahr" Type="Edm.String" Nullable="false" MaxLength="4" sap:unicode="false" sap:label="Fiscal Year" sap:creatable="false" sap:updatable="false" sap:sortable="false" sap:filterable="false"/>
                <Property Name="Buzei" Type="Edm.String" Nullable="false" MaxLength="3" sap:unicode="false" sap:label="Line item" sap:creatable="false" sap:updatable="false"/>
                <Property Name="Blart" Type="Edm.String" Nullable="false" MaxLength="2" sap:unicode="false" sap:label="Document type" sap:creatable="false" sap:updatable="false"/>
                <Property Name="Ltext" Type="Edm.String" Nullable="false" MaxLength="20" sap:unicode="false" sap:creatable="false" sap:updatable="false"/>
                <Property Name="Cpudt" Type="Edm.DateTime" Precision="7" sap:unicode="false" sap:label="Entered On" sap:creatable="false" sap:updatable="false" sap:sortable="false"/>
                <Property Name="Budat" Type="Edm.DateTime" Precision="7" sap:unicode="false" sap:label="Posting Date" sap:creatable="false" sap:updatable="false"/>
                <Property Name="Xblnr" Type="Edm.String" Nullable="false" MaxLength="16" sap:unicode="false" sap:label="Reference" sap:creatable="false" sap:updatable="false"/>
                <Property Name="Waers" Type="Edm.String" Nullable="false" MaxLength="5" sap:unicode="false" sap:label="Currency" sap:creatable="false" sap:updatable="false" sap:semantics="currency-code"/>
                <Property Name="Buzid" Type="Edm.String" Nullable="false" MaxLength="1" sap:unicode="false" sap:label="Line Item ID" sap:creatable="false" sap:updatable="false" sap:sortable="false" sap:filterable="false"/>
                <Property Name="Bschl" Type="Edm.String" Nullable="false" MaxLength="2" sap:unicode="false" sap:label="Posting Key" sap:creatable="false" sap:updatable="false" sap:sortable="false" sap:filterable="false"/>
                <Property Name="Shkzg" Type="Edm.String" Nullable="false" MaxLength="1" sap:unicode="false" sap:label="Debit/Credit" sap:creatable="false" sap:updatable="false"/>
                <Property Name="Yshkzg" Type="Edm.String" Nullable="false" MaxLength="6" sap:unicode="false" sap:label="Text" sap:creatable="false" sap:updatable="false" sap:sortable="false" sap:filterable="false"/>
                <Property Name="Mwskz" Type="Edm.String" Nullable="false" MaxLength="2" sap:unicode="false" sap:label="Tax Code" sap:creatable="false" sap:updatable="false" sap:sortable="false" sap:filterable="false"/>
                <Property Name="Dmbtr" Type="Edm.Decimal" Nullable="false" Precision="14" Scale="3" sap:unicode="false" sap:unit="Waers" sap:label="Amount in LC" sap:creatable="false" sap:updatable="false" sap:sortable="false" sap:filterable="false"/>
                <Property Name="Wrbtr" Type="Edm.Decimal" Nullable="false" Precision="14" Scale="3" sap:unicode="false" sap:unit="Waers" sap:label="Amount" sap:creatable="false" sap:updatable="false"/>
                <Property Name="Pswsl" Type="Edm.String" Nullable="false" MaxLength="5" sap:unicode="false" sap:label="G/L Currency" sap:creatable="false" sap:updatable="false" sap:sortable="false" sap:filterable="false" sap:semantics="currency-code"/>
                <Property Name="Mwsts" Type="Edm.Decimal" Nullable="false" Precision="14" Scale="3" sap:unicode="false" sap:unit="Waers" sap:label="LC Tax" sap:creatable="false" sap:updatable="false" sap:sortable="false" sap:filterable="false"/>
                <Property Name="Wmwst" Type="Edm.Decimal" Nullable="false" Precision="14" Scale="3" sap:unicode="false" sap:unit="Waers" sap:label="Tax Amount" sap:creatable="false" sap:updatable="false" sap:sortable="false" sap:filterable="false"/>
                <Property Name="Hwbas" Type="Edm.Decimal" Nullable="false" Precision="14" Scale="3" sap:unicode="false" sap:unit="Waers" sap:label="LC Base" sap:creatable="false" sap:updatable="false" sap:sortable="false" sap:filterable="false"/>
                <Property Name="Fwbas" Type="Edm.Decimal" Nullable="false" Precision="14" Scale="3" sap:unicode="false" sap:unit="Waers" sap:label="Base Amount" sap:creatable="false" sap:updatable="false" sap:sortable="false" sap:filterable="false"/>
                <Property Name="Zuonr" Type="Edm.String" Nullable="false" MaxLength="18" sap:unicode="false" sap:label="Assignment" sap:creatable="false" sap:updatable="false" sap:sortable="false" sap:filterable="false"/>
                <Property Name="Sgtxt" Type="Edm.String" Nullable="false" MaxLength="50" sap:unicode="false" sap:label="Text" sap:creatable="false" sap:updatable="false"/>
                <Property Name="Hkont" Type="Edm.String" Nullable="false" MaxLength="10" sap:unicode="false" sap:label="G/L" sap:creatable="false" sap:updatable="false"/>
                <Property Name="Werks" Type="Edm.String" Nullable="false" MaxLength="4" sap:unicode="false" sap:label="Plant" sap:creatable="false" sap:updatable="false"/>
                <Property Name="Prctr" Type="Edm.String" Nullable="false" MaxLength="10" sap:unicode="false" sap:label="Profit Center" sap:creatable="false" sap:updatable="false"/>
                <Property Name="Ktext" Type="Edm.String" Nullable="false" MaxLength="20" sap:unicode="false" sap:label="Name" sap:creatable="false" sap:updatable="false"/>
                <Property Name="Xref1" Type="Edm.String" Nullable="false" MaxLength="12" sap:unicode="false" sap:label="Reference Key 1" sap:creatable="false" sap:updatable="false"/>
                <Property Name="Xref2" Type="Edm.String" Nullable="false" MaxLength="12" sap:unicode="false" sap:label="Reference Key 2" sap:creatable="false" sap:updatable="false" sap:sortable="false" sap:filterable="false"/>
                <Property Name="Xref3" Type="Edm.String" Nullable="false" MaxLength="20" sap:unicode="false" sap:label="Reference key 3" sap:creatable="false" sap:updatable="false" sap:sortable="false" sap:filterable="false"/>
                <Property Name="Zzfeprgrp" Type="Edm.String" Nullable="false" MaxLength="2" sap:unicode="false" sap:label="Practice Group Code" sap:creatable="false" sap:updatable="false"/>
                <Property Name="Zzfeteam" Type="Edm.String" Nullable="false" MaxLength="4" sap:unicode="false" sap:label="Fee Earner Team" sap:creatable="false" sap:updatable="false"/>
                <Property Name="Ydmbtr" Type="Edm.Decimal" Nullable="false" Precision="14" Scale="3" sap:unicode="false" sap:unit="Waers" sap:label="Amount in LC" sap:creatable="false" sap:updatable="false" sap:sortable="false" sap:filterable="false"/>
                <Property Name="Ywrbtr" Type="Edm.Decimal" Nullable="false" Precision="14" Scale="3" sap:unicode="false" sap:unit="Waers" sap:label="Amount" sap:creatable="false" sap:updatable="false" sap:sortable="false" sap:filterable="false"/>
                <Property Name="Ymwsts" Type="Edm.Decimal" Nullable="false" Precision="14" Scale="3" sap:unicode="false" sap:unit="Waers" sap:label="LC Tax" sap:creatable="false" sap:updatable="false" sap:sortable="false" sap:filterable="false"/>
                <Property Name="Ywmwst" Type="Edm.Decimal" Nullable="false" Precision="14" Scale="3" sap:unicode="false" sap:unit="Waers" sap:label="Tax Amount" sap:creatable="false" sap:updatable="false" sap:sortable="false" sap:filterable="false"/>
                <Property Name="Zdmbtr" Type="Edm.Decimal" Nullable="false" Precision="14" Scale="3" sap:unicode="false" sap:unit="Waers" sap:label="Amount in LC" sap:creatable="false" sap:updatable="false" sap:sortable="false" sap:filterable="false"/>
                <Property Name="Zwrbtr" Type="Edm.Decimal" Nullable="false" Precision="14" Scale="3" sap:unicode="false" sap:unit="Waers" sap:label="Amount" sap:creatable="false" sap:updatable="false"/>
                <Property Name="Waerk" Type="Edm.String" Nullable="false" MaxLength="5" sap:unicode="false" sap:label="Doc. currency" sap:creatable="false" sap:updatable="false" sap:semantics="currency-code"/>
                <Property Name="Gltxt" Type="Edm.String" Nullable="false" MaxLength="50" sap:unicode="false" sap:label="Long Text" sap:creatable="false" sap:updatable="false" sap:sortable="false" sap:filterable="false"/>
                <Property Name="RB1" Type="Edm.String" Nullable="false" MaxLength="1" sap:unicode="false" sap:label="Char01" sap:creatable="false" sap:updatable="false"/>
                <Property Name="RB2" Type="Edm.String" Nullable="false" MaxLength="1" sap:unicode="false" sap:label="Char01" sap:creatable="false" sap:updatable="false"/>
                <Property Name="RB3" Type="Edm.String" Nullable="false" MaxLength="1" sap:unicode="false" sap:label="Char01" sap:creatable="false" sap:updatable="false"/>
                <Property Name="Review" Type="Edm.String" Nullable="false" MaxLength="1" sap:unicode="false" sap:label="Char01" sap:creatable="false" sap:updatable="false"/>
                <Property Name="Action" Type="Edm.String" Nullable="false" MaxLength="3" sap:unicode="false" sap:label="Not used" sap:creatable="false" sap:updatable="false" sap:sortable="false" sap:filterable="false"/>
            </EntityType>
            <EntityType Name="VL_SH_H_T001" sap:content-version="1">
                <Key>
                    <PropertyRef Name="BUKRS"/>
                </Key>
                <Property Name="BUKRS" Type="Edm.String" Nullable="false" MaxLength="4" sap:display-format="UpperCase" sap:label="Company Code"/>
                <Property Name="BUTXT" Type="Edm.String" MaxLength="25" sap:label="Company Name"/>
                <Property Name="ORT01" Type="Edm.String" MaxLength="25" sap:label="City"/>
                <Property Name="WAERS" Type="Edm.String" MaxLength="5" sap:display-format="UpperCase" sap:label="Currency" sap:semantics="currency-code"/>
            </EntityType>
            <EntityType Name="VL_SH_ZPRS_SH_DOCTYPE_CR" sap:content-version="1">
                <Key>
                    <PropertyRef Name="BLART"/>
                    <PropertyRef Name="LTEXT"/>
                </Key>
                <Property Name="BLART" Type="Edm.String" Nullable="false" MaxLength="2" sap:display-format="UpperCase" sap:label="Document Type"/>
                <Property Name="LTEXT" Type="Edm.String" Nullable="false" MaxLength="20" sap:label="Document Type Desc"/>
            </EntityType>
            <EntityType Name="VL_SH_H_T001W" sap:content-version="1">
                <Key>
                    <PropertyRef Name="CITY1"/>
                    <PropertyRef Name="NAME1"/>
                    <PropertyRef Name="SORT2"/>
                    <PropertyRef Name="SORT1"/>
                    <PropertyRef Name="POST_CODE1"/>
                    <PropertyRef Name="MC_CITY1"/>
                    <PropertyRef Name="NAME2"/>
                    <PropertyRef Name="MC_NAME1"/>
                    <PropertyRef Name="NATION"/>
                    <PropertyRef Name="WERKS"/>
                </Key>
                <Property Name="CITY1" Type="Edm.String" Nullable="false" MaxLength="40" sap:label="City" sap:filterable="false"/>
                <Property Name="NAME1" Type="Edm.String" Nullable="false" MaxLength="40" sap:label="Name" sap:filterable="false"/>
                <Property Name="SORT2" Type="Edm.String" Nullable="false" MaxLength="20" sap:display-format="UpperCase" sap:label="Search Term 2"/>
                <Property Name="SORT1" Type="Edm.String" Nullable="false" MaxLength="20" sap:display-format="UpperCase" sap:label="Search Term 1"/>
                <Property Name="POST_CODE1" Type="Edm.String" Nullable="false" MaxLength="10" sap:display-format="UpperCase" sap:label="Postal Code"/>
                <Property Name="MC_CITY1" Type="Edm.String" Nullable="false" MaxLength="25" sap:display-format="UpperCase" sap:label="City"/>
                <Property Name="NAME2" Type="Edm.String" Nullable="false" MaxLength="40" sap:label="Name 2"/>
                <Property Name="MC_NAME1" Type="Edm.String" Nullable="false" MaxLength="25" sap:display-format="UpperCase" sap:label="Name"/>
                <Property Name="NATION" Type="Edm.String" Nullable="false" MaxLength="1" sap:display-format="UpperCase" sap:label="Address Version"/>
                <Property Name="WERKS" Type="Edm.String" Nullable="false" MaxLength="4" sap:display-format="UpperCase" sap:label="Plant"/>
            </EntityType>
            <EntityType Name="VL_SH_ZPRS_PROFIT_CENTER_CR" sap:content-version="1">
                <Key>
                    <PropertyRef Name="PRCTR"/>
                    <PropertyRef Name="KTEXT"/>
                </Key>
                <Property Name="PRCTR" Type="Edm.String" Nullable="false" MaxLength="10" sap:display-format="UpperCase" sap:label="Profit Center"/>
                <Property Name="KTEXT" Type="Edm.String" Nullable="false" MaxLength="20" sap:label="Name"/>
            </EntityType>
            <EntityType Name="VL_FV_SHKZG" sap:content-version="1">
                <Key>
                    <PropertyRef Name="Code"/>
                </Key>
                <Property Name="Code" Type="Edm.String" Nullable="false" MaxLength="1" sap:text="Text" sap:label="Value"/>
                <Property Name="Text" Type="Edm.String" MaxLength="60" sap:label="Short Descript."/>
            </EntityType>
            <EntityContainer Name="ZPRS_ICEXP_REVIEW_APPR_SRV_Entities" m:IsDefaultEntityContainer="true" sap:supported-formats="atom json xlsx">
                <EntitySet Name="ExpenseSet" EntityType="ZPRS_ICEXP_REVIEW_APPR_SRV.Expense" sap:creatable="false" sap:updatable="false" sap:deletable="false" sap:pageable="false" sap:content-version="1"/>
                <EntitySet Name="VL_SH_H_T001" EntityType="ZPRS_ICEXP_REVIEW_APPR_SRV.VL_SH_H_T001" sap:creatable="false" sap:updatable="false" sap:deletable="false" sap:content-version="1" sap:countable="false"/>
                <EntitySet Name="VL_SH_ZPRS_SH_DOCTYPE_CR" EntityType="ZPRS_ICEXP_REVIEW_APPR_SRV.VL_SH_ZPRS_SH_DOCTYPE_CR" sap:creatable="false" sap:updatable="false" sap:deletable="false" sap:content-version="1" sap:countable="false"/>
                <EntitySet Name="VL_SH_H_T001W" EntityType="ZPRS_ICEXP_REVIEW_APPR_SRV.VL_SH_H_T001W" sap:creatable="false" sap:updatable="false" sap:deletable="false" sap:content-version="1" sap:countable="false"/>
                <EntitySet Name="VL_SH_ZPRS_PROFIT_CENTER_CR" EntityType="ZPRS_ICEXP_REVIEW_APPR_SRV.VL_SH_ZPRS_PROFIT_CENTER_CR" sap:creatable="false" sap:updatable="false" sap:deletable="false" sap:content-version="1" sap:countable="false"/>
                <EntitySet Name="VL_FV_SHKZG" EntityType="ZPRS_ICEXP_REVIEW_APPR_SRV.VL_FV_SHKZG" sap:content-version="1" sap:semantics="fixed-values"/>
            </EntityContainer>
            <Annotations
                xmlns="http://docs.oasis-open.org/odata/ns/edm" Target="ZPRS_ICEXP_REVIEW_APPR_SRV.Expense/Bukrs">
                <Annotation Term="com.sap.vocabularies.Common.v1.ValueList">
                    <Record>
                        <PropertyValue Property="Label" String="Company Codes"/>
                        <PropertyValue Property="CollectionPath" String="VL_SH_H_T001"/>
                        <PropertyValue Property="SearchSupported" Bool="true"/>
                        <PropertyValue Property="Parameters">
                            <Collection>
                                <Record Type="com.sap.vocabularies.Common.v1.ValueListParameterInOut">
                                    <PropertyValue Property="LocalDataProperty" PropertyPath="Bukrs"/>
                                    <PropertyValue Property="ValueListProperty" String="BUKRS"/>
                                </Record>
                                <Record Type="com.sap.vocabularies.Common.v1.ValueListParameterDisplayOnly">
                                    <PropertyValue Property="ValueListProperty" String="BUTXT"/>
                                </Record>
                                <Record Type="com.sap.vocabularies.Common.v1.ValueListParameterDisplayOnly">
                                    <PropertyValue Property="ValueListProperty" String="ORT01"/>
                                </Record>
                                <Record Type="com.sap.vocabularies.Common.v1.ValueListParameterDisplayOnly">
                                    <PropertyValue Property="ValueListProperty" String="WAERS"/>
                                </Record>
                            </Collection>
                        </PropertyValue>
                    </Record>
                </Annotation>
            </Annotations>
            <Annotations
                xmlns="http://docs.oasis-open.org/odata/ns/edm" Target="ZPRS_ICEXP_REVIEW_APPR_SRV.Expense/Blart">
                <Annotation Term="com.sap.vocabularies.Common.v1.ValueList">
                    <Record>
                        <PropertyValue Property="Label" String="Search Help for Doctype"/>
                        <PropertyValue Property="CollectionPath" String="VL_SH_ZPRS_SH_DOCTYPE_CR"/>
                        <PropertyValue Property="SearchSupported" Bool="true"/>
                        <PropertyValue Property="Parameters">
                            <Collection>
                                <Record Type="com.sap.vocabularies.Common.v1.ValueListParameterInOut">
                                    <PropertyValue Property="LocalDataProperty" PropertyPath="Blart"/>
                                    <PropertyValue Property="ValueListProperty" String="BLART"/>
                                </Record>
                                <Record Type="com.sap.vocabularies.Common.v1.ValueListParameterInOut">
                                    <PropertyValue Property="LocalDataProperty" PropertyPath="Ltext"/>
                                    <PropertyValue Property="ValueListProperty" String="LTEXT"/>
                                </Record>
                            </Collection>
                        </PropertyValue>
                    </Record>
                </Annotation>
            </Annotations>
            <Annotations
                xmlns="http://docs.oasis-open.org/odata/ns/edm" Target="ZPRS_ICEXP_REVIEW_APPR_SRV.Expense/Ltext">
                <Annotation Term="com.sap.vocabularies.Common.v1.ValueList">
                    <Record>
                        <PropertyValue Property="Label" String="Search Help for Doctype"/>
                        <PropertyValue Property="CollectionPath" String="VL_SH_ZPRS_SH_DOCTYPE_CR"/>
                        <PropertyValue Property="SearchSupported" Bool="true"/>
                        <PropertyValue Property="Parameters">
                            <Collection>
                                <Record Type="com.sap.vocabularies.Common.v1.ValueListParameterInOut">
                                    <PropertyValue Property="LocalDataProperty" PropertyPath="Blart"/>
                                    <PropertyValue Property="ValueListProperty" String="BLART"/>
                                </Record>
                                <Record Type="com.sap.vocabularies.Common.v1.ValueListParameterInOut">
                                    <PropertyValue Property="LocalDataProperty" PropertyPath="Ltext"/>
                                    <PropertyValue Property="ValueListProperty" String="LTEXT"/>
                                </Record>
                            </Collection>
                        </PropertyValue>
                    </Record>
                </Annotation>
            </Annotations>
            <Annotations
                xmlns="http://docs.oasis-open.org/odata/ns/edm" Target="ZPRS_ICEXP_REVIEW_APPR_SRV.Expense/Shkzg">
                <Annotation Term="com.sap.vocabularies.Common.v1.ValueList">
                    <Record>
                        <PropertyValue Property="Label" String="Debit/Credit Indicator"/>
                        <PropertyValue Property="CollectionPath" String="VL_FV_SHKZG"/>
                        <PropertyValue Property="Parameters">
                            <Collection>
                                <Record Type="com.sap.vocabularies.Common.v1.ValueListParameterInOut">
                                    <PropertyValue Property="LocalDataProperty" PropertyPath="Shkzg"/>
                                    <PropertyValue Property="ValueListProperty" String="Code"/>
                                </Record>
                                <Record Type="com.sap.vocabularies.Common.v1.ValueListParameterDisplayOnly">
                                    <PropertyValue Property="ValueListProperty" String="Text"/>
                                </Record>
                            </Collection>
                        </PropertyValue>
                    </Record>
                </Annotation>
            </Annotations>
            <Annotations
                xmlns="http://docs.oasis-open.org/odata/ns/edm" Target="ZPRS_ICEXP_REVIEW_APPR_SRV.Expense/Werks">
                <Annotation Term="com.sap.vocabularies.Common.v1.ValueList">
                    <Record>
                        <PropertyValue Property="Label" String="Possible Entries for Plants"/>
                        <PropertyValue Property="CollectionPath" String="VL_SH_H_T001W"/>
                        <PropertyValue Property="SearchSupported" Bool="true"/>
                        <PropertyValue Property="Parameters">
                            <Collection>
                                <Record Type="com.sap.vocabularies.Common.v1.ValueListParameterInOut">
                                    <PropertyValue Property="LocalDataProperty" PropertyPath="Werks"/>
                                    <PropertyValue Property="ValueListProperty" String="WERKS"/>
                                </Record>
                                <Record Type="com.sap.vocabularies.Common.v1.ValueListParameterDisplayOnly">
                                    <PropertyValue Property="ValueListProperty" String="SORT2"/>
                                </Record>
                                <Record Type="com.sap.vocabularies.Common.v1.ValueListParameterDisplayOnly">
                                    <PropertyValue Property="ValueListProperty" String="SORT1"/>
                                </Record>
                                <Record Type="com.sap.vocabularies.Common.v1.ValueListParameterDisplayOnly">
                                    <PropertyValue Property="ValueListProperty" String="POST_CODE1"/>
                                </Record>
                                <Record Type="com.sap.vocabularies.Common.v1.ValueListParameterDisplayOnly">
                                    <PropertyValue Property="ValueListProperty" String="CITY1"/>
                                </Record>
                                <Record Type="com.sap.vocabularies.Common.v1.ValueListParameterDisplayOnly">
                                    <PropertyValue Property="ValueListProperty" String="NAME2"/>
                                </Record>
                                <Record Type="com.sap.vocabularies.Common.v1.ValueListParameterDisplayOnly">
                                    <PropertyValue Property="ValueListProperty" String="NAME1"/>
                                </Record>
                                <Record Type="com.sap.vocabularies.Common.v1.ValueListParameterDisplayOnly">
                                    <PropertyValue Property="ValueListProperty" String="NATION"/>
                                </Record>
                            </Collection>
                        </PropertyValue>
                    </Record>
                </Annotation>
            </Annotations>
            <Annotations
                xmlns="http://docs.oasis-open.org/odata/ns/edm" Target="ZPRS_ICEXP_REVIEW_APPR_SRV.Expense/Prctr">
                <Annotation Term="com.sap.vocabularies.Common.v1.ValueList">
                    <Record>
                        <PropertyValue Property="Label" String="Profit Center Search Help"/>
                        <PropertyValue Property="CollectionPath" String="VL_SH_ZPRS_PROFIT_CENTER_CR"/>
                        <PropertyValue Property="SearchSupported" Bool="true"/>
                        <PropertyValue Property="Parameters">
                            <Collection>
                                <Record Type="com.sap.vocabularies.Common.v1.ValueListParameterInOut">
                                    <PropertyValue Property="LocalDataProperty" PropertyPath="Prctr"/>
                                    <PropertyValue Property="ValueListProperty" String="PRCTR"/>
                                </Record>
                                <Record Type="com.sap.vocabularies.Common.v1.ValueListParameterInOut">
                                    <PropertyValue Property="LocalDataProperty" PropertyPath="Ltext"/>
                                    <PropertyValue Property="ValueListProperty" String="KTEXT"/>
                                </Record>
                            </Collection>
                        </PropertyValue>
                    </Record>
                </Annotation>
            </Annotations>
            <Annotations
                xmlns="http://docs.oasis-open.org/odata/ns/edm" Target="ZPRS_ICEXP_REVIEW_APPR_SRV.Expense/Ktext">
                <Annotation Term="com.sap.vocabularies.Common.v1.ValueList">
                    <Record>
                        <PropertyValue Property="Label" String="Profit Center Search Help"/>
                        <PropertyValue Property="CollectionPath" String="VL_SH_ZPRS_PROFIT_CENTER_CR"/>
                        <PropertyValue Property="SearchSupported" Bool="true"/>
                        <PropertyValue Property="Parameters">
                            <Collection>
                                <Record Type="com.sap.vocabularies.Common.v1.ValueListParameterInOut">
                                    <PropertyValue Property="LocalDataProperty" PropertyPath="Prctr"/>
                                    <PropertyValue Property="ValueListProperty" String="PRCTR"/>
                                </Record>
                                <Record Type="com.sap.vocabularies.Common.v1.ValueListParameterInOut">
                                    <PropertyValue Property="LocalDataProperty" PropertyPath="Ktext"/>
                                    <PropertyValue Property="ValueListProperty" String="KTEXT"/>
                                </Record>
                            </Collection>
                        </PropertyValue>
                    </Record>
                </Annotation>
            </Annotations>
            <atom:link
                xmlns:atom="http://www.w3.org/2005/Atom" rel="self" href="./sap/ZPRS_ICEXP_REVIEW_APPR_SRV/$metadata"/>
                <atom:link
                    xmlns:atom="http://www.w3.org/2005/Atom" rel="latest-version" href="./sap/ZPRS_ICEXP_REVIEW_APPR_SRV/$metadata"/>
                </Schema>
            </edmx:DataServices>
        </edmx:Edmx>