{
  "webapp/controller/App.controller.js": "1467284256000",
  "webapp/controller/BaseController.js": "1467284256000",
  "webapp/controller/ErrorHandler.js": "1467284256000",
  "webapp/controller/NotFound.controller.js": "1467284256000",
  "webapp/controller/Object.controller.js": "1467284256000",
  "webapp/controller/Worklist.controller.js": "1467285721000",
  "webapp/i18n/i18n.properties": "1467284256000",
  "webapp/localService/metadata.xml": "1467284258000",
  "webapp/localService/mockserver.js": "1467284256000",
  "webapp/model/formatter.js": "1467284256000",
  "webapp/model/models.js": "1467284256000",
  "webapp/test/integration/pages/App.js": "1467284256000",
  "webapp/test/integration/pages/Browser.js": "1467284256000",
  "webapp/test/integration/pages/Common.js": "1467284256000",
  "webapp/test/integration/pages/NotFound.js": "1467284256000",
  "webapp/test/integration/pages/Object.js": "1467284256000",
  "webapp/test/integration/pages/shareOptions.js": "1467284257000",
  "webapp/test/integration/pages/Worklist.js": "1467284257000",
  "webapp/test/integration/AllJourneys.js": "1467284256000",
  "webapp/test/integration/NavigationJourney.js": "1467284256000",
  "webapp/test/integration/NotFoundJourney.js": "1467284256000",
  "webapp/test/integration/ObjectJourney.js": "1467284256000",
  "webapp/test/integration/opaTests.qunit.html": "1467284256000",
  "webapp/test/integration/WorklistJourney.js": "1467284257000",
  "webapp/test/unit/controller/App.controller.js": "1467284257000",
  "webapp/test/unit/controller/Worklist.controller.js": "1467284257000",
  "webapp/test/unit/helper/FakeI18nModel.js": "1467284257000",
  "webapp/test/unit/model/formatter.js": "1467284257000",
  "webapp/test/unit/model/models.js": "1467284257000",
  "webapp/test/unit/allTests.js": "1467284257000",
  "webapp/test/unit/unitTests.qunit.html": "1467284257000",
  "webapp/test/mockServer.html": "1467284257000",
  "webapp/test/testsuite.qunit.html": "1467284257000",
  "webapp/view/App.view.xml": "1467284257000",
  "webapp/view/NotFound.view.xml": "1467284257000",
  "webapp/view/Object.view.xml": "1467284257000",
  "webapp/view/ObjectNotFound.view.xml": "1467284257000",
  "webapp/view/Worklist.view.xml": "1467284367000",
  "webapp/Component.js": "1467284256000",
  "webapp/index.html": "1467284256000",
  "webapp/manifest.json": "1467287787000",
  "webapp/test.html": "1467284257000",
  "readme.txt": "1467284256000"
}