<core:FragmentDefinition xmlns="sap.m" xmlns:core="sap.ui.core">
	<Dialog title="Attachments" contentHeight="30%" contentWidth="45%">
		<beginButton>
			<Button text="Save" press="onSavePress"/>
		</beginButton>
		<endButton>
			<Button text="Cancel" press="onCancelPress"/>
		</endButton>
		<content>
			<UploadCollection id="UploadCollection" maximumFilenameLength="55" maximumFileSize="10" multiple="true" sameFilenameAllowed="true"
				instantUpload="false" noDataDescription="Drop files or use the &quot;+&quot; button for pending upload" change="onChange"
				fileDeleted="onFileDeleted" filenameLengthExceed="onFilenameLengthExceed" fileSizeExceed="onFileSizeExceed" typeMissmatch="onTypeMissmatch"
				uploadComplete="onUploadComplete" beforeUploadStarts="onBeforeUploadStarts"
				items="{path : 'AttachModel1>/attchresults', templateShareable: false}">
				<!--<UploadCollection id="UploadCollection" multiple="true" change="onChange" fileDeleted="onFileDeleted" selectionChange="onSelectionChange"-->
				<!--	typeMissmatch="onTypeMissmatch" uploadComplete="onUploadComplete" beforeUploadStarts="onBeforeUploadStarts"-->
				<!--	uploadTerminated="onUploadTerminated" items="{ path: 'AttachModel1>/results', templateShareable: false }">-->
				<items>
					<UploadCollectionItem documentId="{AttachModel>/DocumentType}" fileName="{AttachModel1>FileName}" mimeType="{AttachModel1>MimeType}"
						url="{url}" enableEdit="false" enableDelete="true" visibleDelete="true" visibleEdit="false"></UploadCollectionItem>
				</items>
			</UploadCollection>
		</content>
	</Dialog>
</core:FragmentDefinition>