<core:FragmentDefinition xmlns="sap.m" xmlns:core="sap.ui.core"
	xmlns:customData="http://schemas.sap.com/sapui5/extension/sap.ui.core.CustomData/1">
	<ResponsivePopover title="View Attachments" class="sapUiPopupWithPadding" placement="Left" resizable="true">
		<content>
			<UploadCollection id="ViewCollection" maximumFilenameLength="55" maximumFileSize="10" multiple="true" sameFilenameAllowed="true"
				instantUpload="false" noDataDescription="nodta" change="onChange" filenameLengthExceed="onFilenameLengthExceed"
				fileSizeExceed="onFileSizeExceed" typeMissmatch="onTypeMissmatch" items="{path : 'AtachlistModel12>/results', templateShareable: false}"
				uploadButtonInvisible="true">
				<items>
					<UploadCollectionItem documentId="{AtachlistModel12>/DocumentType}" fileName="{AtachlistModel12>FileName}"
						mimeType="{AtachlistModel12>MimeType}" url="{url}" enableEdit="false" enableDelete="false" visibleDelete="false" visibleEdit="false"
						press="onPressViewItem"></UploadCollectionItem>
				</items>
			</UploadCollection>
		</content>
	</ResponsivePopover>
</core:FragmentDefinition>