{
  "dataBinding": {
    "/view/Master.view.xml": {
      "entitySet": "ZLeaseExpirationSet"
    },
    "/view/Details.view.xml": {
      "entitySet": "ZLeaseExpirationSet"
    },
    "/view/Main.view.xml": {
      "entitySet": "UNBINDKEY"
    }
  },
  "generation": [
    {
      "templateId": "sap.ui.ui5-template-plugin.1worklist",
      "templateVersion": "1.26.0",
      "dateTimeStamp": "Tue, 03 Jan 2017 08:33:20 GMT"
    }
  ],
  "codeCheckingTriggers": {
    "notifyBeforePush": true,
    "notifyBeforePushLevel": "Error",
    "blockPush": false,
    "blockPushLevel": "Error"
  },
  "translation": {
    "translationDomain": "",
    "supportedLanguages": "en,fr,de",
    "defaultLanguage": "en",
    "defaultI18NPropertyFile": "i18n.properties",
    "resourceModelName": "i18n"
  },
  "mockpreview": {
    "mockUri": "/sap/opu/odata/sap/ZAM_LEASE_EXPIRATION_SRV/",
    "metadataFilePath": "",
    "loadJSONFiles": false,
    "loadCustomRequests": false,
    "mockRequestsFilePath": ""
  },
  "basevalidator": {
    "services": {
      "xml": "fioriXmlAnalysis",
      "js": "fioriJsValidator"
    }
  },
  "deploy": {
    "destination": "FD3",
    "name": "ZNEARACCOUNTS"
  }
}