{
  "run": [
    {
      "filePath": "/index.html",
      "previewMode": 1,
      "dataMode": 1,
      "workspace": "withoutWorkspace",
      "ui5ActiveVersion": "1.28.24",
      "isDefaultVersion": 1,
      "urlParameters": [],
      "hashParameter": "",
      "backendSystem": [
        {
          "source": "FGD_BasicAuth_Viv",
          "destinations": "FGD_BasicAuth_Viv"
        }
      ],
      "_metadata": {
        "id": 5973105,
        "runnerId": "webapprunner",
        "displayName": "Run index.html",
        "lastRunTimeStamp": 1509123618374
      }
    },
    {
      "filePath": "/Component.js",
      "previewMode": 1,
      "dataMode": 1,
      "workspace": "withoutWorkspace",
      "ui5ActiveVersion": "1.28.24",
      "isDefaultVersion": 1,
      "urlParameters": [],
      "hashParameter": "",
      "backendSystem": [
        {
          "source": "FGD_BasicAuth_Viv",
          "destinations": "FGD_BasicAuth_Viv"
        }
      ],
      "_metadata": {
        "id": 1521769,
        "runnerId": "fiorirunner",
        "displayName": "Run Component.js",
        "lastRunTimeStamp": 1497432093328
      }
    }
  ]
}