{
  "welcomeFile": "index.html",
  "routes": [
    {
      "path": "/sap/opu/odata",
      "target": {
        "type": "destination",
        "name": "FGD_BasicAuth_Viv",
        "entryPath": "/sap/opu/odata"
      },
      "description": "FGD_BasicAuth_Viv"
    },
    {
      "path": "/resources",
      "target": {
        "type": "service",
        "name": "sapui5",
        "entryPath": "/resources",
        "version": "1.26.3"
      },
      "description": "SAPUI5 Resources"
    },
    {
      "path": "/test-resources",
      "target": {
        "type": "service",
        "name": "sapui5",
        "entryPath": "/test-resources",
        "version": "1.26.3"
      },
      "description": "SAPUI5 Test Resources"
    },
    {
      "path": "/sap/bc/ui5_ui5",
      "target": {
        "type": "destination",
        "name": "FGD_BasicAuth_Viv",
        "entryPath": "/sap/bc/ui5_ui5"
      },
      "description": "FGD_BasicAuth_Viv"
    }
  ]
}