<core:FragmentDefinition xmlns="sap.m"
	xmlns:core="sap.ui.core" xmlns:f="sap.ui.layout.form"
	xmlns:app="http://schemas.sap.com/sapui5/extension/sap.ui.core.CustomData/1">
	<Panel expandable="true" expanded="false" backgroundDesign="Transparent">
		<headerToolbar>
			<Toolbar>
			<Text text="Clock Chart Demo" />
				<Text />
			</Toolbar>
		</headerToolbar>
		<content>
	
			
			<core:HTML content="&lt;div id=&quot;chartdiv&quot; style=&quot;828;&quot; &gt;&lt;/div&gt; " afterRendering='initDemoClock'></core:HTML>
		</content>
	</Panel>

</core:FragmentDefinition>