<core:FragmentDefinition xmlns="sap.m"
	xmlns:core="sap.ui.core" xmlns:f="sap.ui.layout.form"
	xmlns:app="http://schemas.sap.com/sapui5/extension/sap.ui.core.CustomData/1">
	<Panel expandable="true" expanded="false" backgroundDesign="Transparent">
		<headerToolbar>
			<Toolbar>
				<Text text="Employee Details" />
				<Text id="API_TABLE_COUNT" />
			</Toolbar>
		</headerToolbar>
		<content>

			<Table id="API_CHARTRESULTS_DISP_TABLE" growing="true"
				growingThreshold="10" growingTriggerText="More">
				<headerToolbar>
					<Toolbar>
						<ToolbarSpacer />
						<SearchField id="API_EMP_DISP__SEARCH"
							liveChange="_handleEmpSearch" placeholder="Search based on employee name"
							width="40%" maxLength="50" selectOnFocus="false" />
					</Toolbar>
				</headerToolbar>
				<columns>
					<Column minScreenWidth="Tablet" demandPopin="true" hAlign="Left">
						<Text text="Employee Name" />
					</Column>
					<Column minScreenWidth="Tablet" demandPopin="true" hAlign="Left">
						<Text text="Employee ID" />
					</Column>
					<Column minScreenWidth="Tablet" demandPopin="true" hAlign="Center">
						<Text text="Email" />
					</Column>
					<Column minScreenWidth="Tablet" demandPopin="true" hAlign="Center">
						<Text text="Designation" />
					</Column>
					<Column minScreenWidth="Tablet" demandPopin="true" hAlign="Center">
						<Text text="Address" />
					</Column>
					<Column minScreenWidth="Tablet" demandPopin="true" hAlign="Center">
						<Text text="Location" />
					</Column>
					
				</columns>
			</Table>

		</content>
	</Panel>
</core:FragmentDefinition>