<core:FragmentDefinition xmlns:core="sap.ui.core" xmlns:smartForm="sap.ui.comp.smartform" xmlns:smartField="sap.ui.comp.smartfield"
	xmlns="sap.m">
	<VBox width="100%" class="sapUiResponsiveContentPadding">
		<smartForm:SmartForm id="idSmartFormMasterData" editable="false" title="EMS Master Data" editTogglable="true" entityType="Product">
			<smartForm:customData>
				<core:CustomData key="dateFormatSettings" value='\{"UTC":true,"style":"long"\}'/>
			</smartForm:customData>
			<smartForm:Group>
				<smartForm:GroupElement label="Request Status">
					<smartField:SmartField value=""/>
				</smartForm:GroupElement>
				<smartForm:GroupElement label="BU Site Number">
					<smartField:SmartField value=""/>
				</smartForm:GroupElement>
				<smartForm:GroupElement label="Alternate Reference">
					<smartField:SmartField value=""/>
				</smartForm:GroupElement>
				<smartForm:GroupElement label="Site Phase">
					<smartField:SmartField value=""/>
				</smartForm:GroupElement>
				<smartForm:GroupElement label="Site Sub-Phase">
					<smartField:SmartField value=""/>
				</smartForm:GroupElement>
				<smartForm:GroupElement label="Latitude">
					<smartField:SmartField value=""/>
				</smartForm:GroupElement>
				<smartForm:GroupElement label="Longitude">
					<smartField:SmartField value=""/>
				</smartForm:GroupElement>
				<smartForm:GroupElement label="Country">
					<smartField:SmartField value=""/>
				</smartForm:GroupElement>
				<smartForm:GroupElement label="Country Key">
					<smartField:SmartField value=""/>
				</smartForm:GroupElement>
				<smartForm:GroupElement label="Postal Code">
					<smartField:SmartField value=""/>
				</smartForm:GroupElement>
				<smartForm:GroupElement label="Restructure Company">
					<smartField:SmartField value=""/>
				</smartForm:GroupElement>
				<smartForm:GroupElement label="Site Operator">
					<smartField:SmartField value=""/>
				</smartForm:GroupElement>
				<smartForm:GroupElement label="On Accural Radar?">
					<smartField:SmartField value=""/>
				</smartForm:GroupElement>
				<smartForm:GroupElement label="Reason">
					<smartField:SmartField value=""/>
				</smartForm:GroupElement>
				<smartForm:GroupElement label="Ownership">
					<smartField:SmartField value=""/>
				</smartForm:GroupElement>
			</smartForm:Group>
			<smartForm:Group >
				<smartForm:GroupElement label="Property Class">
					<smartField:SmartField value=""/>
				</smartForm:GroupElement>
				<smartForm:GroupElement label="Heritage Company">
					<smartField:SmartField value=""/>
				</smartForm:GroupElement>
				<smartForm:GroupElement label="Mgr/Coord UserID">
					<smartField:SmartField value=""/>
				</smartForm:GroupElement>
				<smartForm:GroupElement label="Resp Pers No">
					<smartField:SmartField value="00000000"/>
				</smartForm:GroupElement>
				<smartForm:GroupElement label="Regional Manager User">
					<smartField:SmartField value=""/>
				</smartForm:GroupElement>
				<smartForm:GroupElement label="Region/Mgmt Area">
					<smartField:SmartField value=""/>
				</smartForm:GroupElement>
				<smartForm:GroupElement label="Remediation Organization">
					<smartField:SmartField value=""/>
				</smartForm:GroupElement>
				<smartForm:GroupElement label="Cost Share/Op Agmt">
					<smartField:SmartField value=""/>
				</smartForm:GroupElement>
				<smartForm:GroupElement label="Cost Sharing Account">
					<smartField:SmartField value=""/>
				</smartForm:GroupElement>
				<smartForm:GroupElement label="P66 interest %">
					<smartField:SmartField value=""/>
				</smartForm:GroupElement>
				<smartForm:GroupElement label="Intended Scope">
					<smartField:SmartField value=""/>
				</smartForm:GroupElement>
				<smartForm:GroupElement label="Assessment Level">
					<smartField:SmartField value=""/>
				</smartForm:GroupElement>
				<smartForm:GroupElement label="Corrective Action Plan">
					<smartField:SmartField value=""/>
				</smartForm:GroupElement>
				<smartForm:GroupElement label="WBS Element(Ext)">
					<smartField:SmartField value=""/>
				</smartForm:GroupElement>
			</smartForm:Group>
			<smartForm:Group>
				<smartForm:GroupElement label="PPA/Material Site?">
					<smartField:SmartField value=""/>
				</smartForm:GroupElement>
				<smartForm:GroupElement label="Uncertainly">
					<smartField:SmartField value=""/>
				</smartForm:GroupElement>
				<smartForm:GroupElement label="Lifecycle?">
					<smartField:SmartField value=""/>
				</smartForm:GroupElement>
				<smartForm:GroupElement label="Lifecycle Date">
					<smartField:SmartField value=""/>
				</smartForm:GroupElement>
				<smartForm:GroupElement label="Indem/Guar?">
					<smartField:SmartField value=""/>
				</smartForm:GroupElement>
				<smartForm:GroupElement label="Indem/Guar Date">
					<smartField:SmartField value=""/>
				</smartForm:GroupElement>
				<smartForm:GroupElement label="Amortize?">
					<smartField:SmartField value=""/>
				</smartForm:GroupElement>
				<smartForm:GroupElement label="Amortize Date">
					<smartField:SmartField value=""/>
				</smartForm:GroupElement>
				<smartForm:GroupElement label="Reimburse">
					<smartField:SmartField value=""/>
				</smartForm:GroupElement>
				<smartForm:GroupElement label="NFA Date">
					<smartField:SmartField value=""/>
				</smartForm:GroupElement>
				<smartForm:GroupElement label="Date Sold">
					<smartField:SmartField value=""/>
				</smartForm:GroupElement>
				<smartForm:GroupElement label="Created On">
					<smartField:SmartField value=""/>
				</smartForm:GroupElement>
				<smartForm:GroupElement label="Created By">
					<smartField:SmartField value=""/>
				</smartForm:GroupElement>
				<smartForm:GroupElement label="Modified on">
					<smartField:SmartField value=""/>
				</smartForm:GroupElement>
				<smartForm:GroupElement label="Modified By">
					<smartField:SmartField value=""/>
				</smartForm:GroupElement>
			</smartForm:Group>
		</smartForm:SmartForm>
	</VBox>
</core:FragmentDefinition>