<edmx:Edmx xmlns:edmx="http://docs.oasis-open.org/odata/ns/edmx" Version="4.0">
	<edmx:Reference Uri="/sap/opu/odata/iwbep/GWSAMPLE_BASIC/$metadata">
		<edmx:Include Alias="Metadata" Namespace="GWSAMPLE_BASIC"/>
	</edmx:Reference>
	<edmx:Reference Uri="https://wiki.scn.sap.com/wiki/download/attachments/448470968/UI.xml?api=v2">
		<edmx:Include Alias="UI" Namespace="com.sap.vocabularies.UI.v1"/>
	</edmx:Reference>
	<edmx:DataServices>
		<Schema xmlns="http://docs.oasis-open.org/odata/ns/edm" Namespace="Zprs_OVP.annotation.GWSAMPLE_BASIC">
			<Annotations Target="Metadata.SalesOrder">
				<Annotation Term="UI.LineItem" Qualifier="salesorder">
					<Collection>
						<Record Type="UI.DataField">
							<PropertyValue Property="Value" Path="ToLineItems/ToProduct/ProductID"/>
						</Record>
						<Record Type="UI.DataField">
							<PropertyValue Property="Value" Path="SalesOrderID"/>
						</Record>
					</Collection>
				</Annotation>
			</Annotations>
		</Schema>
	</edmx:DataServices>
</edmx:Edmx>