{
    "resources": [
        {
            "name": "view/Object.view.xml"
        },
        {
            "name": "view/NotFound.view.xml"
        },
        {
            "name": "view/App.view.xml"
        },
        {
            "name": "view/ObjectNotFound.view.xml"
        },
        {
            "name": "view/Worklist.view.xml"
        },
        {
            "name": "fragments/DisplayComment.fragment.xml"
        },
        {
            "name": "fragments/Comment.fragment.xml"
        },
        {
            "name": "i18n/i18n.properties",
            "raw": "i18n/i18n.properties"
        },
        {
            "name": "Component.js"
        },
        {
            "name": "manifest.json"
        },
        {
            "name": "controller/ErrorHandler.js"
        },
        {
            "name": "controller/Worklist.controller.js"
        },
        {
            "name": "controller/BaseController.js"
        },
        {
            "name": "controller/App.controller.js"
        },
        {
            "name": "controller/Object.controller.js"
        },
        {
            "name": "controller/NotFound.controller.js"
        },
        {
            "name": "css/myStyles.css"
        },
        {
            "name": "index.html"
        },
        {
            "name": "model/formatter.js"
        },
        {
            "name": "model/models.js"
        },
        {
            "name": "Component-preload.js",
            "merged": true
        },
        {
            "name": "neo-app.json"
        }
    ]
}