<core:FragmentDefinition xmlns:m="sap.m" xmlns:core="sap.ui.core" xmlns:l="sap.ui.layout" xmlns:f="sap.ui.layout.form">
	<m:Dialog id="idMassTransfer" title="Mass Transfer" xmlns="sap.ui.table" contentWidth="75%">
		<m:content> 
			<f:SimpleForm id="SimpleFormChange480_12120" layout="ResponsiveGridLayout" minWidth="1024" maxContainerCols="2" labelSpanL="3"
				labelSpanM="3" emptySpanL="4" emptySpanM="4" columnsM="2" columnsL="2" editable="true">
				<f:content>
					<l:Grid defaultSpan="L3 M2 S2" width="auto" class="gridclass">
						<l:content>
							<!--<VBox>-->
							<m:Label text="Target Matter" design="Bold" width="auto" class="labelColer"/>
							<m:Input id="idTargetMatter" showValueHelp="true" fieldWidth="25%" value="{searchModel>/MattertoPhase}"
								valueHelpRequest="handleValueHelpTargetMatter"/>
							<!--</VBox>-->
							<m:Label text="Percentage" design="Bold" width="auto" class="labelColer"/>
							<m:Input id="idPercentage" width="100%" value="100"/>
						</l:content>
					</l:Grid>
				</f:content>
			</f:SimpleForm>
			<Table id="splitWipTbl" selectionMode="Multi" enableBusyIndicator="true" visibleRowCount="9" rowSelectionChange="onPress" threshold="10"
				filter="onColumnFilter" cellClick="handleCellClick" rows="{path: 'mTransfer>/modelData'}">
				<columns>
					<Column id="idDocumentNo">
						<label>
							<m:Label text="Document No"/>
						</label>
						<template>
							<m:Text  id="MtDocumentNo" text="{mTransfer>Belnr}"/>
						</template>
					</Column>
					<Column id="idItemNumber" >
						<label>
							<m:Label text="Item Number"/>
						</label>
						<template>
							<m:Text id="MtItemNo" text="{mTransfer>Buzei}"/>
						</template>
					</Column>
					<Column id="idAction">
						<label>
							<m:Label text=""/>
						</label>
						<template>
							<m:Button id="id" visible="true" icon="sap-icon://delete" iconFirst="true" press="onDeletedIconPress"/>
						</template>
					</Column>
				</columns>
			</Table>
		</m:content>
		<m:beginButton>
			<m:Button id="idmassTransfer" text="Transfer" type="Accept" press="OnTransfer"/>
		</m:beginButton>
		<m:endButton>
			<m:Button id="idcancel" text="Cancel" press="onCancelMasstransferDialog"/>
		</m:endButton>
	</m:Dialog>
</core:FragmentDefinition>