<core:FragmentDefinition xmlns="sap.m" xmlns:core="sap.ui.core" xmlns:f="sap.ui.layout.form" xmlns:l="sap.ui.layout"
	xmlns:mvc="sap.ui.core.mvc" xmlns:ui="sap.ui.layout">
	<Popover title="UpDate Codes" class="sapUiContentPadding" placement="Left" contentWidth="30%" contentHeight="30%">
		<footer>
			<Toolbar>
				<ToolbarSpacer/>
				<Button text="Save" type="Accept" press="OnSaveModify"/>
				<Button text="Cancel" type="Default" press="OnCancleModify"/>
			</Toolbar>
		</footer>
		<l:Grid defaultSpan="L12 M6 S6" class="sapUiSmallMarginTop" id="idModifyGrid"> 
			<l:content>
				<Label text="Document No" class="labelColer"/>
				<Text id="idDocument"   text="{detailView>/DocumentNo}"/>
				<!--<Input id="idDocument" value="{modify>Belnr}" editable="{=${Belnr}!==''}"/>-->
				<Label text="Orginal Hours" class="labelColer"/>
				<HBox>
					<Input id="idOrginalHours" value="{detailView>/OrginalHours}" enabled="false"/>
					<Input id="idUnitHours" value="{detailView>/UnitHours}" enabled="false"/>
				</HBox>
				<Label text="New Hours" class="labelColer"/>
				<Input id="idNewHours" value="{detailView>/NewHours}" type="Text" width="50%"/>
			</l:content>
		</l:Grid>
	</Popover>
</core:FragmentDefinition>