<core:FragmentDefinition xmlns="sap.m" xmlns:core="sap.ui.core" xmlns:f="sap.ui.layout.form" xmlns:l="sap.ui.layout">
	<Dialog id="idReplaceWords" title="Change Replace Word">
		<f:SimpleForm adjustLabelSpan="false" layout="ResponsiveGridLayout" minWidth="1024" editable="true" labelSpanXL="4" labelSpanL="4"
			labelSpanM="2" emptySpanXL="0" emptySpanL="1" emptySpanM="0" columnsXL="2" columnsL="4" columnsM="2" class="editableForm">
			<f:content>
				<HBox>
					<HBox>
						<items>
							<Label text="Replace :" class="sapUiSmallMarginTop"/>
							<Input id="idChangeFrom" class="sapUiSmallMarginBottom" type="Text" value="{detailView>/ChangeFrom}"/>
						</items>
					</HBox>
					<HBox>
						<items>
							<Label text="Replace With :" class="sapUiSmallMarginTop"/>
							<Input id="idChangeTo" class="sapUiSmallMarginBottom" type="Text" value="{detailView>/ChangeTo}"/>
						</items>
					</HBox>
					<HBox>
						<HBox>
							<items>
								<CheckBox text="Default" selected="true"/>
							</items>
						</HBox>
						<HBox>
							<items>
								<CheckBox text="Word" selected="true"/>
							</items>
						</HBox>
					</HBox>
				</HBox>
			</f:content>
		</f:SimpleForm>
		<buttons>
			<Button text="Replace All " press="onRepleceAll"/>
			<Button text="Replace Selected" press="onReplaceSelected"/>
			<Button text="Cancel" press="onCancelDialog"/>
		</buttons>
	</Dialog>
</core:FragmentDefinition>