{
  "mockpreview": {
    "mockUri": "/sap/opu/odata/sap/SEPMRA_PO_APV",
    "loadCustomRequests": true,
    "loadJSONFiles": true,
    "metadataFilePath": "test/service/metadata.xml",
    "mockRequestsFilePath": ""
  },
  "appparams": [
    {
      "paramName": "sap-ui-xx-lesssupport",
      "paramValue": "true",
      "paramActive": true
    }
  ],
  "basevalidator": {
    "validators": [
      {
        "validatorID": "fioriJsValidator"
      },
      {
        "validatorID": "fioriXmlAnalysis"
      }
    ],
    "services": {
      "js": "fioriJsValidator",
      "xml": "fioriXmlAnalysis"
    }
  },
  "generation": [
    {
      "templateId": "fiorireferenceapps.approvePurchaseOrder",
      "templateVersion": "3.0.0",
      "dateTimeStamp": "Tue, 30 May 2017 11:22:15 GMT"
    }
  ]
}