{
  "routes": [
    {
      "path": "/sap/opu/odata",
      "target": {
        "type": "destination",
        "name": "RefAppsBackend",
        "entryPath": "/sap/opu/odata"
      },
      "description": "Backend OData services"
    },
    {
      "path": "/sap/public/bc/NWDEMO_MODEL",
      "target": {
        "type": "destination",
        "name": "RefAppsBackend",
        "entryPath": "/sap/public/bc/NWDEMO_MODEL",
        "preferLocal": true
      }
    },
    {
      "path": "/webapp/resources",
      "target": {
        "type": "service",
        "name": "sapui5",
        "entryPath": "/resources",
        "preferLocal": true
      },
      "description": "SAPUI5 dist layer resources"
    },
    {
      "path": "/webapp/test-resources",
      "target": {
        "type": "service",
        "name": "sapui5",
        "entryPath": "/test-resources",
        "preferLocal": true
      },
      "description": "SAPUI5 Dist layer test resources"
    },
    {
      "path": "/resources",
      "target": {
        "type": "service",
        "name": "sapui5",
        "entryPath": "/resources"
      },
      "description": "SAPUI5 Resources"
    },
    {
      "path": "/test-resources",
      "target": {
        "type": "service",
        "name": "sapui5",
        "entryPath": "/test-resources"
      },
      "description": "SAPUI5 Test Resources"
    }
  ]
}