<core:FragmentDefinition xmlns:core="sap.ui.core" xmlns:smartFilterBar="sap.ui.comp.smartfilterbar"
	xmlns:custom="http://schemas.sap.com/sapui5/extension/sap.ui.core.CustomData/1" xmlns="sap.m">
	<smartFilterBar:SmartFilterBar id="swbFilterBar" persistencyKey="siteworkbench.E211_EWB.FilterBar" considerSelectionVariants="true"
		showFilterConfiguration="false" custom:dateFormatSettings='\{"UTC":true\}' useToolbar="true" entitySet="ProductSet"
		assignedFiltersChanged="onAssignedFiltersChanged" showClearOnFB="true" initialized="onInitSmartFilterBar">
		<smartFilterBar:controlConfiguration>
			<smartFilterBar:ControlConfiguration key="ProductID" index="1" label="Site Number" visibleInAdvancedArea="true"
				preventInitialDataFetchInValueHelpDialog="true"/>
			<smartFilterBar:ControlConfiguration key="SupplierID" index="2" label="Site Phase" visibleInAdvancedArea="true"
				preventInitialDataFetchInValueHelpDialog="true" controlType="dropDownList"/>
			<smartFilterBar:ControlConfiguration key="Category" index="3" label="Site Sub-Phase" visibleInAdvancedArea="true"
				preventInitialDataFetchInValueHelpDialog="true" controlType="dropDownList"/>
			<smartFilterBar:ControlConfiguration key="SupplierName" index="4" label="BU site Number" visibleInAdvancedArea="true"
				preventInitialDataFetchInValueHelpDialog="true"/>
			<!--<smartFilterBar:ControlConfiguration key="DimUnit" index="5" label="Maximum Number of Results" visibleInAdvancedArea="true"-->
			<!--	preventInitialDataFetchInValueHelpDialog="false">-->
			<!--	<smartFilterBar:customControl>-->
			<!--		<Input value=""/>-->
			<!--	</smartFilterBar:customControl>-->
			<!--</smartFilterBar:ControlConfiguration>-->
		</smartFilterBar:controlConfiguration>
	</smartFilterBar:SmartFilterBar>
</core:FragmentDefinition>