<core:FragmentDefinition xmlns="sap.m" xmlns:core="sap.ui.core"
	xmlns:custom="http://schemas.sap.com/sapui5/extension/sap.ui.core.CustomData/1" xmlns:smartTable="sap.ui.comp.smarttable"
	xmlns:table="sap.ui.table">
	<ScrollContainer width="100%" horizontal="true" vertical="true">
		<smartTable:SmartTable id="swbTable" smartFilterId="swbFilterBar" tableType="ResponsiveTable" useExportToExcel="false"
			entitySet="ProductSet" showFullScreenButton="false" header="Records" showRowCount="true" enableAutoBinding="false" exportType="UI5Client"
			beforeExport="onBeforeExport" beforeRebindTable="onBeforeRebindTable" custom:useSmartField="true" useVariantManagement="true"
			useTablePersonalisation="false" demandPopin="false" persistencyKey="siteworkbench.E211_EWB.SmartTable">
			<smartTable:customToolbar>
				<OverflowToolbar design="Transparent">
					<!--<ToolbarSpacer/>-->
					<Link text="Non-Environmental Site |" press="onPressNonEnvironmentalNewSite"/>
					<Link text="Environmental Site |" press="onPressNonEnvironmentalNewSite"/>
					<Link text="New Claim" press="onPressNonEnvironmentalNewSite"/>
				</OverflowToolbar>
			</smartTable:customToolbar>
			<Table sticky="HeaderToolbar,InfoToolbar,ColumnHeaders" growing="true" growingScrollToLoad="true">
				<columns>
					<Column width="11rem">
						<customData>
							<core:CustomData key="p13nData" value='\{"columnKey": "ProductID", "leadingProperty": "ProductID"}'/>
						</customData>
						<Label text="Site Number"/>
					</Column>
					<Column width="11rem">
						<customData>
							<core:CustomData key="p13nData" value='\{"columnKey": "SupplierID", "leadingProperty": "SupplierID"}'/>
						</customData>
						<Label text="BU Site Number"/>
					</Column>
					<Column width="11rem">
						<customData>
							<core:CustomData key="p13nData" value='\{"columnKey": "Category", "leadingProperty": "Category"}'/>
						</customData>
						<Label text="Alternate Referance"/>
					</Column>
					<Column width="11rem">
						<customData>
							<core:CustomData key="p13nData" value='\{"columnKey": "Name", "leadingProperty": "Name"}'/>
						</customData>
						<Label text="Project Name"/>
					</Column>
					<Column width="11rem">
						<customData>
							<core:CustomData key="p13nData" value='\{"columnKey": "Name", "leadingProperty": "Name"}'/>
						</customData>
						<Label text="Project Name"/>
					</Column>
					<Column width="11rem">
						<customData>
							<core:CustomData key="p13nData" value='\{"columnKey": "Name", "leadingProperty": "Name"}'/>
						</customData>
						<Label text="Project Name"/>
					</Column>
					<Column width="11rem">
						<customData>
							<core:CustomData key="p13nData" value='\{"columnKey": "Name", "leadingProperty": "Name"}'/>
						</customData>
						<Label text="Project Name"/>
					</Column>
					<Column width="11rem">
						<customData>
							<core:CustomData key="p13nData" value='\{"columnKey": "Name", "leadingProperty": "Name"}'/>
						</customData>
						<Label text="Project Name"/>
					</Column>
					<Column width="11rem">
						<customData>
							<core:CustomData key="p13nData" value='\{"columnKey": "Name", "leadingProperty": "Name"}'/>
						</customData>
						<Label text="Project Name"/>
					</Column>
					<Column width="11rem">
						<customData>
							<core:CustomData key="p13nData" value='\{"columnKey": "Category", "leadingProperty": "Category"}'/>
						</customData>
						<Label text="Alternate Referance"/>
					</Column>
				</columns>
				<items>
					<ColumnListItem vAlign="Middle" type="Navigation" press="onPressLineItemSiteNo">
						<cells>
							<Text text="{ProductID}"/>
							<Text text="{SupplierID}"/>
							<Text text="{Category}"/>
							<Text text="{Name}"/>
							<Text text="{Name}"/>
							<Text text="{Name}"/>
							<Text text="{Name}"/>
							<Text text="{Name}"/>
							<Text text="{Name}"/>
							<Text text="{SupplierID}"/>
						</cells>
					</ColumnListItem>
				</items>
			</Table>
		</smartTable:SmartTable>
	</ScrollContainer>
</core:FragmentDefinition>