[{
    "WorkshopID": "1",
    "StartDate": "\/Date(1455921000000)\/",
    "EndDate": "\/Date(1455928200000)\/",
    "BookId": "1",
    "RegNo": "INA134",
    "Remarks": "Normal 5k",
    "Icon": null,
    "Type": "Type01",
    "BookReason": "PM",
    "BayId": "M02",
    "Editable": true
}, {
    "WorkshopID": "2",
    "StartDate": "\/Date(1455923700000)\/",
    "EndDate": "\/Date(1455930900000)\/",
    "BookId": "2",
    "RegNo": "HPO932",
    "Remarks": "Normal 5k",
    "Icon": null,
    "Type": "Type04",
    "BookReason": "PM",
    "BayId": "M09",
    "Editable": true
}, {
    "WorkshopID": "3",
    "StartDate": "\/Date(1455926400000)\/",
    "EndDate": "\/Date(1455933600000)\/",
    "BookId": "3",
    "RegNo": "XFW102",
    "Remarks": "Normal 5k",
    "Icon": null,
    "Type": "Type03",
    "BookReason": "PM",
    "BayId": "M05",
    "Editable": true
}, {
    "WorkshopID": "4",
    "StartDate": "\/Date(1455929100000)\/",
    "EndDate": "\/Date(1455936300000)\/",
    "BookId": "4",
    "RegNo": "IKB615",
    "Remarks": "Normal 5k",
    "Icon": null,
    "Type": "Type05",
    "BookReason": "PM",
    "BayId": "M01",
    "Editable": true
}, {
    "WorkshopID": "5",
    "StartDate": "\/Date(1455931800000)\/",
    "EndDate": "\/Date(1455939000000)\/",
    "BookId": "5",
    "RegNo": "MYB341",
    "Remarks": "Normal 5k",
    "Icon": null,
    "Type": "Type06",
    "BookReason": "PM",
    "BayId": "M09",
    "Editable": true
}, {
    "WorkshopID": "6",
    "StartDate": "\/Date(1455934500000)\/",
    "EndDate": "\/Date(1455941700000)\/",
    "BookId": "6",
    "RegNo": "PPK834",
    "Remarks": "Normal 5k",
    "Icon": null,
    "Type": "Type01",
    "BookReason": "PM",
    "BayId": "M06",
    "Editable": true
}, {
    "WorkshopID": "7",
    "StartDate": "\/Date(1455937200000)\/",
    "EndDate": "\/Date(1455944400000)\/",
    "BookId": "7",
    "RegNo": "NLN565",
    "Remarks": "Normal 5k",
    "Icon": null,
    "Type": "Type03",
    "BookReason": "PM",
    "BayId": "M05",
    "Editable": true
}, {
    "WorkshopID": "8",
    "StartDate": "\/Date(1455939900000)\/",
    "EndDate": "\/Date(1455947100000)\/",
    "BookId": "8",
    "RegNo": "DLJ573",
    "Remarks": "Normal 5k",
    "Icon": null,
    "Type": "Type04",
    "BookReason": "PM",
    "BayId": "M07",
    "Editable": true
}, {
    "WorkshopID": "9",
    "StartDate": "\/Date(1455942600000)\/",
    "EndDate": "\/Date(1455949800000)\/",
    "BookId": "9",
    "RegNo": "QBE770",
    "Remarks": "Normal 5k",
    "Icon": null,
    "Type": "Type06",
    "BookReason": "PM",
    "BayId": "M08",
    "Editable": true
}, {
    "WorkshopID": "10",
    "StartDate": "\/Date(1455945300000)\/",
    "EndDate": "\/Date(1455952500000)\/",
    "BookId": "10",
    "RegNo": "ERT850",
    "Remarks": "Normal 5k",
    "Icon": null,
    "Type": "Type03",
    "BookReason": "PM",
    "BayId": "M06",
    "Editable": true
}, {
    "WorkshopID": "11",
    "StartDate": "\/Date(1455948000000)\/",
    "EndDate": "\/Date(1455955200000)\/",
    "BookId": "11",
    "RegNo": "IAR235",
    "Remarks": "Normal 5k",
    "Icon": null,
    "Type": "Type04",
    "BookReason": "PM",
    "BayId": "M03",
    "Editable": true
}, {
    "WorkshopID": "12",
    "StartDate": "\/Date(1455950700000)\/",
    "EndDate": "\/Date(1455957900000)\/",
    "BookId": "12",
    "RegNo": "VSN894",
    "Remarks": "Normal 5k",
    "Icon": null,
    "Type": "Type04",
    "BookReason": "PM",
    "BayId": "M04",
    "Editable": true
}, {
    "WorkshopID": "13",
    "StartDate": "\/Date(1455953400000)\/",
    "EndDate": "\/Date(1455960600000)\/",
    "BookId": "13",
    "RegNo": "KEX849",
    "Remarks": "Normal 5k",
    "Icon": null,
    "Type": "Type03",
    "BookReason": "PM",
    "BayId": "M01",
    "Editable": true
}, {
    "WorkshopID": "14",
    "StartDate": "\/Date(1455956100000)\/",
    "EndDate": "\/Date(1455963300000)\/",
    "BookId": "14",
    "RegNo": "FHC410",
    "Remarks": "Normal 5k",
    "Icon": null,
    "Type": "Type02",
    "BookReason": "PM",
    "BayId": "M02",
    "Editable": true
}, {
    "WorkshopID": "15",
    "StartDate": "\/Date(1455958800000)\/",
    "EndDate": "\/Date(1455966000000)\/",
    "BookId": "15",
    "RegNo": "OLA935",
    "Remarks": "Normal 5k",
    "Icon": null,
    "Type": "Type01",
    "BookReason": "PM",
    "BayId": "M03",
    "Editable": true
}, {
    "WorkshopID": "16",
    "StartDate": "\/Date(1455961500000)\/",
    "EndDate": "\/Date(1455968700000)\/",
    "BookId": "16",
    "RegNo": "FCS526",
    "Remarks": "Normal 5k",
    "Icon": null,
    "Type": "Type01",
    "BookReason": "PM",
    "BayId": "M10",
    "Editable": true
}, {
    "WorkshopID": "17",
    "StartDate": "\/Date(1455964200000)\/",
    "EndDate": "\/Date(1455971400000)\/",
    "BookId": "17",
    "RegNo": "IEL248",
    "Remarks": "Normal 5k",
    "Icon": null,
    "Type": "Type05",
    "BookReason": "PM",
    "BayId": "M06",
    "Editable": true
}, {
    "WorkshopID": "18",
    "StartDate": "\/Date(1455966900000)\/",
    "EndDate": "\/Date(1455974100000)\/",
    "BookId": "18",
    "RegNo": "IHY798",
    "Remarks": "Normal 5k",
    "Icon": null,
    "Type": "Type06",
    "BookReason": "PM",
    "BayId": "M07",
    "Editable": true
}, {
    "WorkshopID": "19",
    "StartDate": "\/Date(1455969600000)\/",
    "EndDate": "\/Date(1455976800000)\/",
    "BookId": "19",
    "RegNo": "RHU703",
    "Remarks": "Normal 5k",
    "Icon": null,
    "Type": "Type06",
    "BookReason": "PM",
    "BayId": "M03",
    "Editable": true
}, {
    "WorkshopID": "20",
    "StartDate": "\/Date(1455972300000)\/",
    "EndDate": "\/Date(1455979500000)\/",
    "BookId": "20",
    "RegNo": "IXO116",
    "Remarks": "Normal 5k",
    "Icon": null,
    "Type": "Type04",
    "BookReason": "PM",
    "BayId": "M02",
    "Editable": true
}, {
    "WorkshopID": "21",
    "StartDate": "\/Date(1455975000000)\/",
    "EndDate": "\/Date(1455982200000)\/",
    "BookId": "21",
    "RegNo": "RTV821",
    "Remarks": "Normal 5k",
    "Icon": null,
    "Type": "Type05",
    "BookReason": "PM",
    "BayId": "M05",
    "Editable": true
}, {
    "WorkshopID": "22",
    "StartDate": "\/Date(1455977700000)\/",
    "EndDate": "\/Date(1455984900000)\/",
    "BookId": "22",
    "RegNo": "SYJ288",
    "Remarks": "Normal 5k",
    "Icon": null,
    "Type": "Type06",
    "BookReason": "PM",
    "BayId": "M03",
    "Editable": true
}, {
    "WorkshopID": "23",
    "StartDate": "\/Date(1455980400000)\/",
    "EndDate": "\/Date(1455987600000)\/",
    "BookId": "23",
    "RegNo": "XCD765",
    "Remarks": "Normal 5k",
    "Icon": null,
    "Type": "Type04",
    "BookReason": "PM",
    "BayId": "M01",
    "Editable": true
}, {
    "WorkshopID": "24",
    "StartDate": "\/Date(1455983100000)\/",
    "EndDate": "\/Date(1455990300000)\/",
    "BookId": "24",
    "RegNo": "ZTJ289",
    "Remarks": "Normal 5k",
    "Icon": null,
    "Type": "Type02",
    "BookReason": "PM",
    "BayId": "M09",
    "Editable": true
}, {
    "WorkshopID": "25",
    "StartDate": "\/Date(1455985800000)\/",
    "EndDate": "\/Date(1455993000000)\/",
    "BookId": "25",
    "RegNo": "JRS330",
    "Remarks": "Normal 5k",
    "Icon": null,
    "Type": "Type05",
    "BookReason": "PM",
    "BayId": "M10",
    "Editable": true
}, {
    "WorkshopID": "26",
    "StartDate": "\/Date(1455988500000)\/",
    "EndDate": "\/Date(1455995700000)\/",
    "BookId": "26",
    "RegNo": "MUH473",
    "Remarks": "Normal 5k",
    "Icon": null,
    "Type": "Type05",
    "BookReason": "PM",
    "BayId": "M01",
    "Editable": true
}, {
    "WorkshopID": "27",
    "StartDate": "\/Date(1455991200000)\/",
    "EndDate": "\/Date(1455998400000)\/",
    "BookId": "27",
    "RegNo": "HFS525",
    "Remarks": "Normal 5k",
    "Icon": null,
    "Type": "Type03",
    "BookReason": "PM",
    "BayId": "M02",
    "Editable": true
}, {
    "WorkshopID": "28",
    "StartDate": "\/Date(1455993900000)\/",
    "EndDate": "\/Date(1456001100000)\/",
    "BookId": "28",
    "RegNo": "GNN712",
    "Remarks": "Normal 5k",
    "Icon": null,
    "Type": "Type06",
    "BookReason": "PM",
    "BayId": "M08",
    "Editable": true
}, {
    "WorkshopID": "29",
    "StartDate": "\/Date(1455996600000)\/",
    "EndDate": "\/Date(1456003800000)\/",
    "BookId": "29",
    "RegNo": "GRU179",
    "Remarks": "Normal 5k",
    "Icon": null,
    "Type": "Type02",
    "BookReason": "PM",
    "BayId": "M05",
    "Editable": true
}, {
    "WorkshopID": "30",
    "StartDate": "\/Date(1455999300000)\/",
    "EndDate": "\/Date(1456006500000)\/",
    "BookId": "30",
    "RegNo": "EWO944",
    "Remarks": "Normal 5k",
    "Icon": null,
    "Type": "Type03",
    "BookReason": "PM",
    "BayId": "M10",
    "Editable": true
}, {
    "WorkshopID": "31",
    "StartDate": "\/Date(1456002000000)\/",
    "EndDate": "\/Date(1456009200000)\/",
    "BookId": "31",
    "RegNo": "ARI344",
    "Remarks": "Normal 5k",
    "Icon": null,
    "Type": "Type03",
    "BookReason": "PM",
    "BayId": "M03",
    "Editable": true
}, {
    "WorkshopID": "32",
    "StartDate": "\/Date(1456004700000)\/",
    "EndDate": "\/Date(1456011900000)\/",
    "BookId": "32",
    "RegNo": "EDV891",
    "Remarks": "Normal 5k",
    "Icon": null,
    "Type": "Type04",
    "BookReason": "PM",
    "BayId": "M09",
    "Editable": true
}, {
    "WorkshopID": "33",
    "StartDate": "\/Date(1456007400000)\/",
    "EndDate": "\/Date(1456014600000)\/",
    "BookId": "33",
    "RegNo": "PGL256",
    "Remarks": "Normal 5k",
    "Icon": null,
    "Type": "Type04",
    "BookReason": "PM",
    "BayId": "M02",
    "Editable": true
}, {
    "WorkshopID": "34",
    "StartDate": "\/Date(1456010100000)\/",
    "EndDate": "\/Date(1456017300000)\/",
    "BookId": "34",
    "RegNo": "DQK526",
    "Remarks": "Normal 5k",
    "Icon": null,
    "Type": "Type03",
    "BookReason": "PM",
    "BayId": "M03",
    "Editable": true
}, {
    "WorkshopID": "35",
    "StartDate": "\/Date(1456012800000)\/",
    "EndDate": "\/Date(1456020000000)\/",
    "BookId": "35",
    "RegNo": "NHA324",
    "Remarks": "Normal 5k",
    "Icon": null,
    "Type": "Type04",
    "BookReason": "PM",
    "BayId": "M04",
    "Editable": true
}, {
    "WorkshopID": "36",
    "StartDate": "\/Date(1456015500000)\/",
    "EndDate": "\/Date(1456022700000)\/",
    "BookId": "36",
    "RegNo": "KKW696",
    "Remarks": "Normal 5k",
    "Icon": null,
    "Type": "Type04",
    "BookReason": "PM",
    "BayId": "M08",
    "Editable": true
}, {
    "WorkshopID": "37",
    "StartDate": "\/Date(1456018200000)\/",
    "EndDate": "\/Date(1456025400000)\/",
    "BookId": "37",
    "RegNo": "XDK837",
    "Remarks": "Normal 5k",
    "Icon": null,
    "Type": "Type02",
    "BookReason": "PM",
    "BayId": "M05",
    "Editable": true
}, {
    "WorkshopID": "38",
    "StartDate": "\/Date(1456020900000)\/",
    "EndDate": "\/Date(1456028100000)\/",
    "BookId": "38",
    "RegNo": "FUR198",
    "Remarks": "Normal 5k",
    "Icon": null,
    "Type": "Type05",
    "BookReason": "PM",
    "BayId": "M03",
    "Editable": true
}, {
    "WorkshopID": "39",
    "StartDate": "\/Date(1456023600000)\/",
    "EndDate": "\/Date(1456030800000)\/",
    "BookId": "39",
    "RegNo": "TIU234",
    "Remarks": "Normal 5k",
    "Icon": null,
    "Type": "Type04",
    "BookReason": "PM",
    "BayId": "M02",
    "Editable": true
}, {
    "WorkshopID": "40",
    "StartDate": "\/Date(1456026300000)\/",
    "EndDate": "\/Date(1456033500000)\/",
    "BookId": "40",
    "RegNo": "NXG906",
    "Remarks": "Normal 5k",
    "Icon": null,
    "Type": "Type03",
    "BookReason": "PM",
    "BayId": "M04",
    "Editable": true
}, {
    "WorkshopID": "41",
    "StartDate": "\/Date(1456029000000)\/",
    "EndDate": "\/Date(1456036200000)\/",
    "BookId": "41",
    "RegNo": "EGA747",
    "Remarks": "Normal 5k",
    "Icon": null,
    "Type": "Type01",
    "BookReason": "PM",
    "BayId": "M05",
    "Editable": true
}, {
    "WorkshopID": "42",
    "StartDate": "\/Date(1456031700000)\/",
    "EndDate": "\/Date(1456038900000)\/",
    "BookId": "42",
    "RegNo": "LNH800",
    "Remarks": "Normal 5k",
    "Icon": null,
    "Type": "Type04",
    "BookReason": "PM",
    "BayId": "M10",
    "Editable": true
}, {
    "WorkshopID": "43",
    "StartDate": "\/Date(1456034400000)\/",
    "EndDate": "\/Date(1456041600000)\/",
    "BookId": "43",
    "RegNo": "AMD994",
    "Remarks": "Normal 5k",
    "Icon": null,
    "Type": "Type01",
    "BookReason": "PM",
    "BayId": "M07",
    "Editable": true
}, {
    "WorkshopID": "44",
    "StartDate": "\/Date(1456037100000)\/",
    "EndDate": "\/Date(1456044300000)\/",
    "BookId": "44",
    "RegNo": "FMV833",
    "Remarks": "Normal 5k",
    "Icon": null,
    "Type": "Type04",
    "BookReason": "PM",
    "BayId": "M08",
    "Editable": true
}, {
    "WorkshopID": "45",
    "StartDate": "\/Date(1456039800000)\/",
    "EndDate": "\/Date(1456047000000)\/",
    "BookId": "45",
    "RegNo": "WFT214",
    "Remarks": "Normal 5k",
    "Icon": null,
    "Type": "Type02",
    "BookReason": "PM",
    "BayId": "M07",
    "Editable": true
}, {
    "WorkshopID": "46",
    "StartDate": "\/Date(1456042500000)\/",
    "EndDate": "\/Date(1456049700000)\/",
    "BookId": "46",
    "RegNo": "SEC873",
    "Remarks": "Normal 5k",
    "Icon": null,
    "Type": "Type05",
    "BookReason": "PM",
    "BayId": "M06",
    "Editable": true
}, {
    "WorkshopID": "47",
    "StartDate": "\/Date(1456045200000)\/",
    "EndDate": "\/Date(1456052400000)\/",
    "BookId": "47",
    "RegNo": "DIJ704",
    "Remarks": "Normal 5k",
    "Icon": null,
    "Type": "Type03",
    "BookReason": "PM",
    "BayId": "M03",
    "Editable": true
}, {
    "WorkshopID": "48",
    "StartDate": "\/Date(1456047900000)\/",
    "EndDate": "\/Date(1456055100000)\/",
    "BookId": "48",
    "RegNo": "HQS774",
    "Remarks": "Normal 5k",
    "Icon": null,
    "Type": "Type03",
    "BookReason": "PM",
    "BayId": "M02",
    "Editable": true
}, {
    "WorkshopID": "49",
    "StartDate": "\/Date(1456050600000)\/",
    "EndDate": "\/Date(1456057800000)\/",
    "BookId": "49",
    "RegNo": "NXL279",
    "Remarks": "Normal 5k",
    "Icon": null,
    "Type": "Type06",
    "BookReason": "PM",
    "BayId": "M07",
    "Editable": true
}, {
    "WorkshopID": "50",
    "StartDate": "\/Date(1456053300000)\/",
    "EndDate": "\/Date(1456060500000)\/",
    "BookId": "50",
    "RegNo": "MOZ636",
    "Remarks": "Normal 5k",
    "Icon": null,
    "Type": "Type06",
    "BookReason": "PM",
    "BayId": "M10",
    "Editable": true
}, {
    "WorkshopID": "51",
    "StartDate": "\/Date(1456056000000)\/",
    "EndDate": "\/Date(1456063200000)\/",
    "BookId": "51",
    "RegNo": "GVZ494",
    "Remarks": "Normal 5k",
    "Icon": null,
    "Type": "Type06",
    "BookReason": "PM",
    "BayId": "M08",
    "Editable": true
}, {
    "WorkshopID": "52",
    "StartDate": "\/Date(1456058700000)\/",
    "EndDate": "\/Date(1456065900000)\/",
    "BookId": "52",
    "RegNo": "JBO185",
    "Remarks": "Normal 5k",
    "Icon": null,
    "Type": "Type04",
    "BookReason": "PM",
    "BayId": "M09",
    "Editable": true
}, {
    "WorkshopID": "53",
    "StartDate": "\/Date(1456061400000)\/",
    "EndDate": "\/Date(1456068600000)\/",
    "BookId": "53",
    "RegNo": "LRJ893",
    "Remarks": "Normal 5k",
    "Icon": null,
    "Type": "Type02",
    "BookReason": "PM",
    "BayId": "M07",
    "Editable": true
}, {
    "WorkshopID": "54",
    "StartDate": "\/Date(1456064100000)\/",
    "EndDate": "\/Date(1456071300000)\/",
    "BookId": "54",
    "RegNo": "CHT737",
    "Remarks": "Normal 5k",
    "Icon": null,
    "Type": "Type02",
    "BookReason": "PM",
    "BayId": "M10",
    "Editable": true
}, {
    "WorkshopID": "55",
    "StartDate": "\/Date(1456066800000)\/",
    "EndDate": "\/Date(1456074000000)\/",
    "BookId": "55",
    "RegNo": "MJQ866",
    "Remarks": "Normal 5k",
    "Icon": null,
    "Type": "Type03",
    "BookReason": "PM",
    "BayId": "M02",
    "Editable": true
}, {
    "WorkshopID": "56",
    "StartDate": "\/Date(1456069500000)\/",
    "EndDate": "\/Date(1456076700000)\/",
    "BookId": "56",
    "RegNo": "BBD170",
    "Remarks": "Normal 5k",
    "Icon": null,
    "Type": "Type01",
    "BookReason": "PM",
    "BayId": "M07",
    "Editable": true
}, {
    "WorkshopID": "57",
    "StartDate": "\/Date(1456072200000)\/",
    "EndDate": "\/Date(1456079400000)\/",
    "BookId": "57",
    "RegNo": "GLD469",
    "Remarks": "Normal 5k",
    "Icon": null,
    "Type": "Type02",
    "BookReason": "PM",
    "BayId": "M08",
    "Editable": true
}, {
    "WorkshopID": "58",
    "StartDate": "\/Date(1456074900000)\/",
    "EndDate": "\/Date(1456082100000)\/",
    "BookId": "58",
    "RegNo": "LTD597",
    "Remarks": "Normal 5k",
    "Icon": null,
    "Type": "Type05",
    "BookReason": "PM",
    "BayId": "M06",
    "Editable": true
}, {
    "WorkshopID": "59",
    "StartDate": "\/Date(1456077600000)\/",
    "EndDate": "\/Date(1456084800000)\/",
    "BookId": "59",
    "RegNo": "XXY745",
    "Remarks": "Normal 5k",
    "Icon": null,
    "Type": "Type01",
    "BookReason": "PM",
    "BayId": "M04",
    "Editable": true
}, {
    "WorkshopID": "60",
    "StartDate": "\/Date(1456080300000)\/",
    "EndDate": "\/Date(1456087500000)\/",
    "BookId": "60",
    "RegNo": "ZVV793",
    "Remarks": "Normal 5k",
    "Icon": null,
    "Type": "Type02",
    "BookReason": "PM",
    "BayId": "M10",
    "Editable": true
}, {
    "WorkshopID": "61",
    "StartDate": "\/Date(1456083000000)\/",
    "EndDate": "\/Date(1456090200000)\/",
    "BookId": "61",
    "RegNo": "KGC577",
    "Remarks": "Normal 5k",
    "Icon": null,
    "Type": "Type04",
    "BookReason": "PM",
    "BayId": "M07",
    "Editable": true
}, {
    "WorkshopID": "62",
    "StartDate": "\/Date(1456085700000)\/",
    "EndDate": "\/Date(1456092900000)\/",
    "BookId": "62",
    "RegNo": "FHT873",
    "Remarks": "Normal 5k",
    "Icon": null,
    "Type": "Type03",
    "BookReason": "PM",
    "BayId": "M02",
    "Editable": true
}, {
    "WorkshopID": "63",
    "StartDate": "\/Date(1456088400000)\/",
    "EndDate": "\/Date(1456095600000)\/",
    "BookId": "63",
    "RegNo": "POG635",
    "Remarks": "Normal 5k",
    "Icon": null,
    "Type": "Type05",
    "BookReason": "PM",
    "BayId": "M08",
    "Editable": true
}, {
    "WorkshopID": "64",
    "StartDate": "\/Date(1456091100000)\/",
    "EndDate": "\/Date(1456098300000)\/",
    "BookId": "64",
    "RegNo": "XML777",
    "Remarks": "Normal 5k",
    "Icon": null,
    "Type": "Type01",
    "BookReason": "PM",
    "BayId": "M07",
    "Editable": true
}, {
    "WorkshopID": "65",
    "StartDate": "\/Date(1456093800000)\/",
    "EndDate": "\/Date(1456101000000)\/",
    "BookId": "65",
    "RegNo": "VWJ253",
    "Remarks": "Normal 5k",
    "Icon": null,
    "Type": "Type04",
    "BookReason": "PM",
    "BayId": "M06",
    "Editable": true
}, {
    "WorkshopID": "66",
    "StartDate": "\/Date(1456096500000)\/",
    "EndDate": "\/Date(1456103700000)\/",
    "BookId": "66",
    "RegNo": "VOJ740",
    "Remarks": "Normal 5k",
    "Icon": null,
    "Type": "Type01",
    "BookReason": "PM",
    "BayId": "M10",
    "Editable": true
}, {
    "WorkshopID": "67",
    "StartDate": "\/Date(1456099200000)\/",
    "EndDate": "\/Date(1456106400000)\/",
    "BookId": "67",
    "RegNo": "RIT244",
    "Remarks": "Normal 5k",
    "Icon": null,
    "Type": "Type06",
    "BookReason": "PM",
    "BayId": "M09",
    "Editable": true
}, {
    "WorkshopID": "68",
    "StartDate": "\/Date(1456101900000)\/",
    "EndDate": "\/Date(1456109100000)\/",
    "BookId": "68",
    "RegNo": "DLC702",
    "Remarks": "Normal 5k",
    "Icon": null,
    "Type": "Type03",
    "BookReason": "PM",
    "BayId": "M03",
    "Editable": true
}, {
    "WorkshopID": "69",
    "StartDate": "\/Date(1456104600000)\/",
    "EndDate": "\/Date(1456111800000)\/",
    "BookId": "69",
    "RegNo": "COB880",
    "Remarks": "Normal 5k",
    "Icon": null,
    "Type": "Type04",
    "BookReason": "PM",
    "BayId": "M10",
    "Editable": true
}, {
    "WorkshopID": "70",
    "StartDate": "\/Date(1456107300000)\/",
    "EndDate": "\/Date(1456114500000)\/",
    "BookId": "70",
    "RegNo": "RCF448",
    "Remarks": "Normal 5k",
    "Icon": null,
    "Type": "Type02",
    "BookReason": "PM",
    "BayId": "M04",
    "Editable": true
}, {
    "WorkshopID": "71",
    "StartDate": "\/Date(1456110000000)\/",
    "EndDate": "\/Date(1456117200000)\/",
    "BookId": "71",
    "RegNo": "LRX297",
    "Remarks": "Normal 5k",
    "Icon": null,
    "Type": "Type06",
    "BookReason": "PM",
    "BayId": "M02",
    "Editable": true
}, {
    "WorkshopID": "72",
    "StartDate": "\/Date(1456112700000)\/",
    "EndDate": "\/Date(1456119900000)\/",
    "BookId": "72",
    "RegNo": "DOS499",
    "Remarks": "Normal 5k",
    "Icon": null,
    "Type": "Type03",
    "BookReason": "PM",
    "BayId": "M01",
    "Editable": true
}, {
    "WorkshopID": "73",
    "StartDate": "\/Date(1456115400000)\/",
    "EndDate": "\/Date(1456122600000)\/",
    "BookId": "73",
    "RegNo": "UKM297",
    "Remarks": "Normal 5k",
    "Icon": null,
    "Type": "Type06",
    "BookReason": "PM",
    "BayId": "M05",
    "Editable": true
}, {
    "WorkshopID": "74",
    "StartDate": "\/Date(1456118100000)\/",
    "EndDate": "\/Date(1456125300000)\/",
    "BookId": "74",
    "RegNo": "TBE835",
    "Remarks": "Normal 5k",
    "Icon": null,
    "Type": "Type05",
    "BookReason": "PM",
    "BayId": "M08",
    "Editable": true
}, {
    "WorkshopID": "75",
    "StartDate": "\/Date(1456120800000)\/",
    "EndDate": "\/Date(1456128000000)\/",
    "BookId": "75",
    "RegNo": "WDP368",
    "Remarks": "Normal 5k",
    "Icon": null,
    "Type": "Type03",
    "BookReason": "PM",
    "BayId": "M09",
    "Editable": true
}, {
    "WorkshopID": "76",
    "StartDate": "\/Date(1456123500000)\/",
    "EndDate": "\/Date(1456130700000)\/",
    "BookId": "76",
    "RegNo": "JKP358",
    "Remarks": "Normal 5k",
    "Icon": null,
    "Type": "Type03",
    "BookReason": "PM",
    "BayId": "M01",
    "Editable": true
}, {
    "WorkshopID": "77",
    "StartDate": "\/Date(1456126200000)\/",
    "EndDate": "\/Date(1456133400000)\/",
    "BookId": "77",
    "RegNo": "YVT955",
    "Remarks": "Normal 5k",
    "Icon": null,
    "Type": "Type06",
    "BookReason": "PM",
    "BayId": "M07",
    "Editable": true
}, {
    "WorkshopID": "78",
    "StartDate": "\/Date(1456128900000)\/",
    "EndDate": "\/Date(1456136100000)\/",
    "BookId": "78",
    "RegNo": "CUJ514",
    "Remarks": "Normal 5k",
    "Icon": null,
    "Type": "Type03",
    "BookReason": "PM",
    "BayId": "M03",
    "Editable": true
}, {
    "WorkshopID": "79",
    "StartDate": "\/Date(1456131600000)\/",
    "EndDate": "\/Date(1456138800000)\/",
    "BookId": "79",
    "RegNo": "SYI480",
    "Remarks": "Normal 5k",
    "Icon": null,
    "Type": "Type06",
    "BookReason": "PM",
    "BayId": "M06",
    "Editable": true
}, {
    "WorkshopID": "80",
    "StartDate": "\/Date(1456134300000)\/",
    "EndDate": "\/Date(1456141500000)\/",
    "BookId": "80",
    "RegNo": "MAO922",
    "Remarks": "Normal 5k",
    "Icon": null,
    "Type": "Type05",
    "BookReason": "PM",
    "BayId": "M01",
    "Editable": true
}, {
    "WorkshopID": "81",
    "StartDate": "\/Date(1456137000000)\/",
    "EndDate": "\/Date(1456144200000)\/",
    "BookId": "81",
    "RegNo": "QAQ210",
    "Remarks": "Normal 5k",
    "Icon": null,
    "Type": "Type04",
    "BookReason": "PM",
    "BayId": "M07",
    "Editable": true
}, {
    "WorkshopID": "82",
    "StartDate": "\/Date(1456139700000)\/",
    "EndDate": "\/Date(1456146900000)\/",
    "BookId": "82",
    "RegNo": "JNM850",
    "Remarks": "Normal 5k",
    "Icon": null,
    "Type": "Type05",
    "BookReason": "PM",
    "BayId": "M10",
    "Editable": true
}, {
    "WorkshopID": "83",
    "StartDate": "\/Date(1456142400000)\/",
    "EndDate": "\/Date(1456149600000)\/",
    "BookId": "83",
    "RegNo": "TWF951",
    "Remarks": "Normal 5k",
    "Icon": null,
    "Type": "Type06",
    "BookReason": "PM",
    "BayId": "M08",
    "Editable": true
}, {
    "WorkshopID": "84",
    "StartDate": "\/Date(1456145100000)\/",
    "EndDate": "\/Date(1456152300000)\/",
    "BookId": "84",
    "RegNo": "IZD176",
    "Remarks": "Normal 5k",
    "Icon": null,
    "Type": "Type01",
    "BookReason": "PM",
    "BayId": "M01",
    "Editable": true
}, {
    "WorkshopID": "85",
    "StartDate": "\/Date(1456147800000)\/",
    "EndDate": "\/Date(1456155000000)\/",
    "BookId": "85",
    "RegNo": "LSG611",
    "Remarks": "Normal 5k",
    "Icon": null,
    "Type": "Type03",
    "BookReason": "PM",
    "BayId": "M09",
    "Editable": true
}, {
    "WorkshopID": "86",
    "StartDate": "\/Date(1456150500000)\/",
    "EndDate": "\/Date(1456157700000)\/",
    "BookId": "86",
    "RegNo": "NMY813",
    "Remarks": "Normal 5k",
    "Icon": null,
    "Type": "Type01",
    "BookReason": "PM",
    "BayId": "M04",
    "Editable": true
}, {
    "WorkshopID": "87",
    "StartDate": "\/Date(1456153200000)\/",
    "EndDate": "\/Date(1456160400000)\/",
    "BookId": "87",
    "RegNo": "PQK974",
    "Remarks": "Normal 5k",
    "Icon": null,
    "Type": "Type02",
    "BookReason": "PM",
    "BayId": "M08",
    "Editable": true
}, {
    "WorkshopID": "88",
    "StartDate": "\/Date(1456155900000)\/",
    "EndDate": "\/Date(1456163100000)\/",
    "BookId": "88",
    "RegNo": "OIB844",
    "Remarks": "Normal 5k",
    "Icon": null,
    "Type": "Type06",
    "BookReason": "PM",
    "BayId": "M02",
    "Editable": true
}, {
    "WorkshopID": "89",
    "StartDate": "\/Date(1456158600000)\/",
    "EndDate": "\/Date(1456165800000)\/",
    "BookId": "89",
    "RegNo": "ZQR331",
    "Remarks": "Normal 5k",
    "Icon": null,
    "Type": "Type01",
    "BookReason": "PM",
    "BayId": "M05",
    "Editable": true
}, {
    "WorkshopID": "90",
    "StartDate": "\/Date(1456161300000)\/",
    "EndDate": "\/Date(1456168500000)\/",
    "BookId": "90",
    "RegNo": "JLD945",
    "Remarks": "Normal 5k",
    "Icon": null,
    "Type": "Type03",
    "BookReason": "PM",
    "BayId": "M03",
    "Editable": true
}, {
    "WorkshopID": "91",
    "StartDate": "\/Date(1456164000000)\/",
    "EndDate": "\/Date(1456171200000)\/",
    "BookId": "91",
    "RegNo": "AVO191",
    "Remarks": "Normal 5k",
    "Icon": null,
    "Type": "Type04",
    "BookReason": "PM",
    "BayId": "M04",
    "Editable": true
}, {
    "WorkshopID": "92",
    "StartDate": "\/Date(1456166700000)\/",
    "EndDate": "\/Date(1456173900000)\/",
    "BookId": "92",
    "RegNo": "QBV434",
    "Remarks": "Normal 5k",
    "Icon": null,
    "Type": "Type02",
    "BookReason": "PM",
    "BayId": "M08",
    "Editable": true
}, {
    "WorkshopID": "93",
    "StartDate": "\/Date(1456169400000)\/",
    "EndDate": "\/Date(1456176600000)\/",
    "BookId": "93",
    "RegNo": "NXB550",
    "Remarks": "Normal 5k",
    "Icon": null,
    "Type": "Type05",
    "BookReason": "PM",
    "BayId": "M02",
    "Editable": true
}, {
    "WorkshopID": "94",
    "StartDate": "\/Date(1456172100000)\/",
    "EndDate": "\/Date(1456179300000)\/",
    "BookId": "94",
    "RegNo": "ZNV522",
    "Remarks": "Normal 5k",
    "Icon": null,
    "Type": "Type05",
    "BookReason": "PM",
    "BayId": "M07",
    "Editable": true
}, {
    "WorkshopID": "95",
    "StartDate": "\/Date(1456174800000)\/",
    "EndDate": "\/Date(1456182000000)\/",
    "BookId": "95",
    "RegNo": "TER184",
    "Remarks": "Normal 5k",
    "Icon": null,
    "Type": "Type05",
    "BookReason": "PM",
    "BayId": "M01",
    "Editable": true
}, {
    "WorkshopID": "96",
    "StartDate": "\/Date(1456177500000)\/",
    "EndDate": "\/Date(1456184700000)\/",
    "BookId": "96",
    "RegNo": "BHY646",
    "Remarks": "Normal 5k",
    "Icon": null,
    "Type": "Type05",
    "BookReason": "PM",
    "BayId": "M04",
    "Editable": true
}, {
    "WorkshopID": "97",
    "StartDate": "\/Date(1456180200000)\/",
    "EndDate": "\/Date(1456187400000)\/",
    "BookId": "97",
    "RegNo": "WEU524",
    "Remarks": "Normal 5k",
    "Icon": null,
    "Type": "Type01",
    "BookReason": "PM",
    "BayId": "M02",
    "Editable": true
}, {
    "WorkshopID": "98",
    "StartDate": "\/Date(1456182900000)\/",
    "EndDate": "\/Date(1456190100000)\/",
    "BookId": "98",
    "RegNo": "NSN114",
    "Remarks": "Normal 5k",
    "Icon": null,
    "Type": "Type03",
    "BookReason": "PM",
    "BayId": "M09",
    "Editable": true
}, {
    "WorkshopID": "99",
    "StartDate": "\/Date(1456185600000)\/",
    "EndDate": "\/Date(1456192800000)\/",
    "BookId": "99",
    "RegNo": "RGC776",
    "Remarks": "Normal 5k",
    "Icon": null,
    "Type": "Type04",
    "BookReason": "PM",
    "BayId": "M03",
    "Editable": true
}, {
    "WorkshopID": "100",
    "StartDate": "\/Date(1456188300000)\/",
    "EndDate": "\/Date(1456195500000)\/",
    "BookId": "100",
    "RegNo": "PGO349",
    "Remarks": "Normal 5k",
    "Icon": null,
    "Type": "Type06",
    "BookReason": "PM",
    "BayId": "M08",
    "Editable": true
}]