[{
	"BayId": "M01",
	"BayType": "M",
	"Description": "Mechanical"
}, {
	"BayId": "M02",
	"BayType": "M",
	"Description": "Mechanical"
}, {
	"BayId": "M03",
	"BayType": "M",
	"Description": "Mechanical"
}, {
	"BayId": "M04",
	"BayType": "M",
	"Description": "Mechanical"
}, {
	"BayId": "M05",
	"BayType": "M",
	"Description": "Mechanical"
}, {
	"BayId": "M06",
	"BayType": "M",
	"Description": "Mechanical"
}, {
	"BayId": "M07",
	"BayType": "M",
	"Description": "Mechanical"
}, {
	"BayId": "M08",
	"BayType": "M",
	"Description": "Mechanical"
}, {
	"BayId": "M09",
	"BayType": "M",
	"Description": "Mechanical"
}, {
	"BayId": "M10",
	"BayType": "M",
	"Description": "Mechanical"
}]
