[{
    "BayId": "M01",
    "BayType": "M",
    "StartDate": null,
    "EndDate": null,
    "Description": "Mechanical"
}, {
    "BayId": "M02",
    "BayType": "M",
    "StartDate": null,
    "EndDate": null,
    "Description": "Mechanical"
}, {
    "BayId": "M03",
    "BayType": "M",
    "StartDate": null,
    "EndDate": null,
    "Description": "Mechanical"
}, {
    "BayId": "M04",
    "StartDate": null,
    "EndDate": null,
    "BayType": "M",
    "Description": "Mechanical"
}, {
    "BayId": "M05",
    "BayType": "M",
    "StartDate": null,
    "EndDate": null,
    "Description": "Mechanical"
}, {
    "BayId": "M06",
    "BayType": "M",
    "StartDate": null,
    "EndDate": null,
    "Description": "Mechanical"
}, {
    "BayId": "M07",
    "BayType": "M",
    "StartDate": null,
    "EndDate": null,
    "Description": "Mechanical"
}, {
    "BayId": "M08",
    "BayType": "M",
    "StartDate": null,
    "EndDate": null,
    "Description": "Mechanical"
}, {
    "BayId": "M09",
    "BayType": "M",
    "StartDate": null,
    "EndDate": null,
    "Description": "Mechanical"
}, {
    "BayId": "M10",
    "BayType": "M",
    "StartDate": null,
    "EndDate": null,
    "Description": "Mechanical"
}, {
    "BayId": "P11",
    "BayType": "P",
    "StartDate": null,
    "EndDate": null,
    "Description": "Body and Paint"
}, {
    "BayId": "P12",
    "BayType": "P",
    "StartDate": null,
    "EndDate": null,
    "Description": "Body and Paint"
}, {
    "BayId": "P13",
    "BayType": "P",
    "StartDate": null,
    "EndDate": null,
    "Description": "Body and Paint"
}, {
    "BayId": "P14",
    "BayType": "P",
    "StartDate": null,
    "EndDate": null,
    "Description": "Body and Paint"
}, {
    "BayId": "P15",
    "BayType": "P",
    "StartDate": null,
    "EndDate": null,
    "Description": "Body and Paint"
}, {
    "BayId": "P16",
    "BayType": "P",
    "StartDate": null,
    "EndDate": null,
    "Description": "Body and Paint"
}, {
    "BayId": "P17",
    "BayType": "P",
    "StartDate": null,
    "EndDate": null,
    "Description": "Body and Paint"
}, {
    "BayId": "P18",
    "BayType": "P",
    "StartDate": null,
    "EndDate": null,
    "Description": "Body and Paint"
}, {
    "BayId": "P19",
    "BayType": "P",
    "StartDate": null,
    "EndDate": null,
    "Description": "Body and Paint"
}]