[{
    "BookId": "1",
    "RegNo": "INA134",
    "StartDate": "\/Date(1455921000000)\/",
    "BookReason": "PM",
    "Duration": 7200000,
    "Remarks": "Normal 5k",
    "Assigned": true
}, {
    "BookId": "2",
    "RegNo": "HPO932",
    "StartDate": "\/Date(1455923700000)\/",
    "BookReason": "PM",
    "Duration": 7200000,
    "Remarks": "Normal 5k",
    "Assigned": true
}, {
    "BookId": "3",
    "RegNo": "XFW102",
    "StartDate": "\/Date(1455926400000)\/",
    "BookReason": "PM",
    "Duration": 7200000,
    "Remarks": "Normal 5k",
    "Assigned": true
}, {
    "BookId": "4",
    "RegNo": "IKB615",
    "StartDate": "\/Date(1455929100000)\/",
    "BookReason": "PM",
    "Duration": 7200000,
    "Remarks": "Normal 5k",
    "Assigned": true
}, {
    "BookId": "5",
    "RegNo": "MYB341",
    "StartDate": "\/Date(1455931800000)\/",
    "BookReason": "PM",
    "Duration": 7200000,
    "Remarks": "Normal 5k",
    "Assigned": true
}, {
    "BookId": "6",
    "RegNo": "PPK834",
    "StartDate": "\/Date(1455934500000)\/",
    "BookReason": "PM",
    "Duration": 7200000,
    "Remarks": "Normal 5k",
    "Assigned": true
}, {
    "BookId": "7",
    "RegNo": "NLN565",
    "StartDate": "\/Date(1455937200000)\/",
    "BookReason": "PM",
    "Duration": 7200000,
    "Remarks": "Normal 5k",
    "Assigned": true
}, {
    "BookId": "8",
    "RegNo": "DLJ573",
    "StartDate": "\/Date(1455939900000)\/",
    "BookReason": "PM",
    "Duration": 7200000,
    "Remarks": "Normal 5k",
    "Assigned": true
}, {
    "BookId": "9",
    "RegNo": "QBE770",
    "StartDate": "\/Date(1455942600000)\/",
    "BookReason": "PM",
    "Duration": 7200000,
    "Remarks": "Normal 5k",
    "Assigned": true
}, {
    "BookId": "10",
    "RegNo": "ERT850",
    "StartDate": "\/Date(1455945300000)\/",
    "BookReason": "PM",
    "Duration": 7200000,
    "Remarks": "Normal 5k",
    "Assigned": true
}, {
    "BookId": "11",
    "RegNo": "IAR235",
    "StartDate": "\/Date(1455948000000)\/",
    "BookReason": "PM",
    "Duration": 7200000,
    "Remarks": "Normal 5k",
    "Assigned": true
}, {
    "BookId": "12",
    "RegNo": "VSN894",
    "StartDate": "\/Date(1455950700000)\/",
    "BookReason": "PM",
    "Duration": 7200000,
    "Remarks": "Normal 5k",
    "Assigned": true
}, {
    "BookId": "13",
    "RegNo": "KEX849",
    "StartDate": "\/Date(1455953400000)\/",
    "BookReason": "PM",
    "Duration": 7200000,
    "Remarks": "Normal 5k",
    "Assigned": true
}, {
    "BookId": "14",
    "RegNo": "FHC410",
    "StartDate": "\/Date(1455956100000)\/",
    "BookReason": "PM",
    "Duration": 7200000,
    "Remarks": "Normal 5k",
    "Assigned": true
}, {
    "BookId": "15",
    "RegNo": "OLA935",
    "StartDate": "\/Date(1455958800000)\/",
    "BookReason": "PM",
    "Duration": 7200000,
    "Remarks": "Normal 5k",
    "Assigned": true
}, {
    "BookId": "16",
    "RegNo": "FCS526",
    "StartDate": "\/Date(1455961500000)\/",
    "BookReason": "PM",
    "Duration": 7200000,
    "Remarks": "Normal 5k",
    "Assigned": true
}, {
    "BookId": "17",
    "RegNo": "IEL248",
    "StartDate": "\/Date(1455964200000)\/",
    "BookReason": "PM",
    "Duration": 7200000,
    "Remarks": "Normal 5k",
    "Assigned": true
}, {
    "BookId": "18",
    "RegNo": "IHY798",
    "StartDate": "\/Date(1455966900000)\/",
    "BookReason": "PM",
    "Duration": 7200000,
    "Remarks": "Normal 5k",
    "Assigned": true
}, {
    "BookId": "19",
    "RegNo": "RHU703",
    "StartDate": "\/Date(1455969600000)\/",
    "BookReason": "PM",
    "Duration": 7200000,
    "Remarks": "Normal 5k",
    "Assigned": true
}, {
    "BookId": "20",
    "RegNo": "IXO116",
    "StartDate": "\/Date(1455972300000)\/",
    "BookReason": "PM",
    "Duration": 7200000,
    "Remarks": "Normal 5k",
    "Assigned": true
}, {
    "BookId": "21",
    "RegNo": "RTV821",
    "StartDate": "\/Date(1455975000000)\/",
    "BookReason": "PM",
    "Duration": 7200000,
    "Remarks": "Normal 5k",
    "Assigned": true
}, {
    "BookId": "22",
    "RegNo": "SYJ288",
    "StartDate": "\/Date(1455977700000)\/",
    "BookReason": "PM",
    "Duration": 7200000,
    "Remarks": "Normal 5k",
    "Assigned": true
}, {
    "BookId": "23",
    "RegNo": "XCD765",
    "StartDate": "\/Date(1455980400000)\/",
    "BookReason": "PM",
    "Duration": 7200000,
    "Remarks": "Normal 5k",
    "Assigned": true
}, {
    "BookId": "24",
    "RegNo": "ZTJ289",
    "StartDate": "\/Date(1455983100000)\/",
    "BookReason": "PM",
    "Duration": 7200000,
    "Remarks": "Normal 5k",
    "Assigned": true
}, {
    "BookId": "25",
    "RegNo": "JRS330",
    "StartDate": "\/Date(1455985800000)\/",
    "BookReason": "PM",
    "Duration": 7200000,
    "Remarks": "Normal 5k",
    "Assigned": true
}, {
    "BookId": "26",
    "RegNo": "MUH473",
    "StartDate": "\/Date(1455988500000)\/",
    "BookReason": "PM",
    "Duration": 7200000,
    "Remarks": "Normal 5k",
    "Assigned": true
}, {
    "BookId": "27",
    "RegNo": "HFS525",
    "StartDate": "\/Date(1455991200000)\/",
    "BookReason": "PM",
    "Duration": 7200000,
    "Remarks": "Normal 5k",
    "Assigned": true
}, {
    "BookId": "28",
    "RegNo": "GNN712",
    "StartDate": "\/Date(1455993900000)\/",
    "BookReason": "PM",
    "Duration": 7200000,
    "Remarks": "Normal 5k",
    "Assigned": true
}, {
    "BookId": "29",
    "RegNo": "GRU179",
    "StartDate": "\/Date(1455996600000)\/",
    "BookReason": "PM",
    "Duration": 7200000,
    "Remarks": "Normal 5k",
    "Assigned": true
}, {
    "BookId": "30",
    "RegNo": "EWO944",
    "StartDate": "\/Date(1455999300000)\/",
    "BookReason": "PM",
    "Duration": 7200000,
    "Remarks": "Normal 5k",
    "Assigned": true
}, {
    "BookId": "31",
    "RegNo": "ARI344",
    "StartDate": "\/Date(1456002000000)\/",
    "BookReason": "PM",
    "Duration": 7200000,
    "Remarks": "Normal 5k",
    "Assigned": true
}, {
    "BookId": "32",
    "RegNo": "EDV891",
    "StartDate": "\/Date(1456004700000)\/",
    "BookReason": "PM",
    "Duration": 7200000,
    "Remarks": "Normal 5k",
    "Assigned": true
}, {
    "BookId": "33",
    "RegNo": "PGL256",
    "StartDate": "\/Date(1456007400000)\/",
    "BookReason": "PM",
    "Duration": 7200000,
    "Remarks": "Normal 5k",
    "Assigned": true
}, {
    "BookId": "34",
    "RegNo": "DQK526",
    "StartDate": "\/Date(1456010100000)\/",
    "BookReason": "PM",
    "Duration": 7200000,
    "Remarks": "Normal 5k",
    "Assigned": true
}, {
    "BookId": "35",
    "RegNo": "NHA324",
    "StartDate": "\/Date(1456012800000)\/",
    "BookReason": "PM",
    "Duration": 7200000,
    "Remarks": "Normal 5k",
    "Assigned": true
}, {
    "BookId": "36",
    "RegNo": "KKW696",
    "StartDate": "\/Date(1456015500000)\/",
    "BookReason": "PM",
    "Duration": 7200000,
    "Remarks": "Normal 5k",
    "Assigned": true
}, {
    "BookId": "37",
    "RegNo": "XDK837",
    "StartDate": "\/Date(1456018200000)\/",
    "BookReason": "PM",
    "Duration": 7200000,
    "Remarks": "Normal 5k",
    "Assigned": true
}, {
    "BookId": "38",
    "RegNo": "FUR198",
    "StartDate": "\/Date(1456020900000)\/",
    "BookReason": "PM",
    "Duration": 7200000,
    "Remarks": "Normal 5k",
    "Assigned": true
}, {
    "BookId": "39",
    "RegNo": "TIU234",
    "StartDate": "\/Date(1456023600000)\/",
    "BookReason": "PM",
    "Duration": 7200000,
    "Remarks": "Normal 5k",
    "Assigned": true
}, {
    "BookId": "40",
    "RegNo": "NXG906",
    "StartDate": "\/Date(1456026300000)\/",
    "BookReason": "PM",
    "Duration": 7200000,
    "Remarks": "Normal 5k",
    "Assigned": true
}, {
    "BookId": "41",
    "RegNo": "EGA747",
    "StartDate": "\/Date(1456029000000)\/",
    "BookReason": "PM",
    "Duration": 7200000,
    "Remarks": "Normal 5k",
    "Assigned": true
}, {
    "BookId": "42",
    "RegNo": "LNH800",
    "StartDate": "\/Date(1456031700000)\/",
    "BookReason": "PM",
    "Duration": 7200000,
    "Remarks": "Normal 5k",
    "Assigned": true
}, {
    "BookId": "43",
    "RegNo": "AMD994",
    "StartDate": "\/Date(1456034400000)\/",
    "BookReason": "PM",
    "Duration": 7200000,
    "Remarks": "Normal 5k",
    "Assigned": true
}, {
    "BookId": "44",
    "RegNo": "FMV833",
    "StartDate": "\/Date(1456037100000)\/",
    "BookReason": "PM",
    "Duration": 7200000,
    "Remarks": "Normal 5k",
    "Assigned": true
}, {
    "BookId": "45",
    "RegNo": "WFT214",
    "StartDate": "\/Date(1456039800000)\/",
    "BookReason": "PM",
    "Duration": 7200000,
    "Remarks": "Normal 5k",
    "Assigned": true
}, {
    "BookId": "46",
    "RegNo": "SEC873",
    "StartDate": "\/Date(1456042500000)\/",
    "BookReason": "PM",
    "Duration": 7200000,
    "Remarks": "Normal 5k",
    "Assigned": true
}, {
    "BookId": "47",
    "RegNo": "DIJ704",
    "StartDate": "\/Date(1456045200000)\/",
    "BookReason": "PM",
    "Duration": 7200000,
    "Remarks": "Normal 5k",
    "Assigned": true
}, {
    "BookId": "48",
    "RegNo": "HQS774",
    "StartDate": "\/Date(1456047900000)\/",
    "BookReason": "PM",
    "Duration": 7200000,
    "Remarks": "Normal 5k",
    "Assigned": true
}, {
    "BookId": "49",
    "RegNo": "NXL279",
    "StartDate": "\/Date(1456050600000)\/",
    "BookReason": "PM",
    "Duration": 7200000,
    "Remarks": "Normal 5k",
    "Assigned": true
}, {
    "BookId": "50",
    "RegNo": "MOZ636",
    "StartDate": "\/Date(1456053300000)\/",
    "BookReason": "PM",
    "Duration": 7200000,
    "Remarks": "Normal 5k",
    "Assigned": true
}, {
    "BookId": "51",
    "RegNo": "GVZ494",
    "StartDate": "\/Date(1456056000000)\/",
    "BookReason": "PM",
    "Duration": 7200000,
    "Remarks": "Normal 5k",
    "Assigned": true
}, {
    "BookId": "52",
    "RegNo": "JBO185",
    "StartDate": "\/Date(1456058700000)\/",
    "BookReason": "PM",
    "Duration": 7200000,
    "Remarks": "Normal 5k",
    "Assigned": true
}, {
    "BookId": "53",
    "RegNo": "LRJ893",
    "StartDate": "\/Date(1456061400000)\/",
    "BookReason": "PM",
    "Duration": 7200000,
    "Remarks": "Normal 5k",
    "Assigned": true
}, {
    "BookId": "54",
    "RegNo": "CHT737",
    "StartDate": "\/Date(1456064100000)\/",
    "BookReason": "PM",
    "Duration": 7200000,
    "Remarks": "Normal 5k",
    "Assigned": true
}, {
    "BookId": "55",
    "RegNo": "MJQ866",
    "StartDate": "\/Date(1456066800000)\/",
    "BookReason": "PM",
    "Duration": 7200000,
    "Remarks": "Normal 5k",
    "Assigned": true
}, {
    "BookId": "56",
    "RegNo": "BBD170",
    "StartDate": "\/Date(1456069500000)\/",
    "BookReason": "PM",
    "Duration": 7200000,
    "Remarks": "Normal 5k",
    "Assigned": true
}, {
    "BookId": "57",
    "RegNo": "GLD469",
    "StartDate": "\/Date(1456072200000)\/",
    "BookReason": "PM",
    "Duration": 7200000,
    "Remarks": "Normal 5k",
    "Assigned": true
}, {
    "BookId": "58",
    "RegNo": "LTD597",
    "StartDate": "\/Date(1456074900000)\/",
    "BookReason": "PM",
    "Duration": 7200000,
    "Remarks": "Normal 5k",
    "Assigned": true
}, {
    "BookId": "59",
    "RegNo": "XXY745",
    "StartDate": "\/Date(1456077600000)\/",
    "BookReason": "PM",
    "Duration": 7200000,
    "Remarks": "Normal 5k",
    "Assigned": true
}, {
    "BookId": "60",
    "RegNo": "ZVV793",
    "StartDate": "\/Date(1456080300000)\/",
    "BookReason": "PM",
    "Duration": 7200000,
    "Remarks": "Normal 5k",
    "Assigned": true
}, {
    "BookId": "61",
    "RegNo": "KGC577",
    "StartDate": "\/Date(1456083000000)\/",
    "BookReason": "PM",
    "Duration": 7200000,
    "Remarks": "Normal 5k",
    "Assigned": true
}, {
    "BookId": "62",
    "RegNo": "FHT873",
    "StartDate": "\/Date(1456085700000)\/",
    "BookReason": "PM",
    "Duration": 7200000,
    "Remarks": "Normal 5k",
    "Assigned": true
}, {
    "BookId": "63",
    "RegNo": "POG635",
    "StartDate": "\/Date(1456088400000)\/",
    "BookReason": "PM",
    "Duration": 7200000,
    "Remarks": "Normal 5k",
    "Assigned": true
}, {
    "BookId": "64",
    "RegNo": "XML777",
    "StartDate": "\/Date(1456091100000)\/",
    "BookReason": "PM",
    "Duration": 7200000,
    "Remarks": "Normal 5k",
    "Assigned": true
}, {
    "BookId": "65",
    "RegNo": "VWJ253",
    "StartDate": "\/Date(1456093800000)\/",
    "BookReason": "PM",
    "Duration": 7200000,
    "Remarks": "Normal 5k",
    "Assigned": true
}, {
    "BookId": "66",
    "RegNo": "VOJ740",
    "StartDate": "\/Date(1456096500000)\/",
    "BookReason": "PM",
    "Duration": 7200000,
    "Remarks": "Normal 5k",
    "Assigned": true
}, {
    "BookId": "67",
    "RegNo": "RIT244",
    "StartDate": "\/Date(1456099200000)\/",
    "BookReason": "PM",
    "Duration": 7200000,
    "Remarks": "Normal 5k",
    "Assigned": true
}, {
    "BookId": "68",
    "RegNo": "DLC702",
    "StartDate": "\/Date(1456101900000)\/",
    "BookReason": "PM",
    "Duration": 7200000,
    "Remarks": "Normal 5k",
    "Assigned": true
}, {
    "BookId": "69",
    "RegNo": "COB880",
    "StartDate": "\/Date(1456104600000)\/",
    "BookReason": "PM",
    "Duration": 7200000,
    "Remarks": "Normal 5k",
    "Assigned": true
}, {
    "BookId": "70",
    "RegNo": "RCF448",
    "StartDate": "\/Date(1456107300000)\/",
    "BookReason": "PM",
    "Duration": 7200000,
    "Remarks": "Normal 5k",
    "Assigned": true
}, {
    "BookId": "71",
    "RegNo": "LRX297",
    "StartDate": "\/Date(1456110000000)\/",
    "BookReason": "PM",
    "Duration": 7200000,
    "Remarks": "Normal 5k",
    "Assigned": true
}, {
    "BookId": "72",
    "RegNo": "DOS499",
    "StartDate": "\/Date(1456112700000)\/",
    "BookReason": "PM",
    "Duration": 7200000,
    "Remarks": "Normal 5k",
    "Assigned": true
}, {
    "BookId": "73",
    "RegNo": "UKM297",
    "StartDate": "\/Date(1456115400000)\/",
    "BookReason": "PM",
    "Duration": 7200000,
    "Remarks": "Normal 5k",
    "Assigned": true
}, {
    "BookId": "74",
    "RegNo": "TBE835",
    "StartDate": "\/Date(1456118100000)\/",
    "BookReason": "PM",
    "Duration": 7200000,
    "Remarks": "Normal 5k",
    "Assigned": true
}, {
    "BookId": "75",
    "RegNo": "WDP368",
    "StartDate": "\/Date(1456120800000)\/",
    "BookReason": "PM",
    "Duration": 7200000,
    "Remarks": "Normal 5k",
    "Assigned": true
}, {
    "BookId": "76",
    "RegNo": "JKP358",
    "StartDate": "\/Date(1456123500000)\/",
    "BookReason": "PM",
    "Duration": 7200000,
    "Remarks": "Normal 5k",
    "Assigned": true
}, {
    "BookId": "77",
    "RegNo": "YVT955",
    "StartDate": "\/Date(1456126200000)\/",
    "BookReason": "PM",
    "Duration": 7200000,
    "Remarks": "Normal 5k",
    "Assigned": true
}, {
    "BookId": "78",
    "RegNo": "CUJ514",
    "StartDate": "\/Date(1456128900000)\/",
    "BookReason": "PM",
    "Duration": 7200000,
    "Remarks": "Normal 5k",
    "Assigned": true
}, {
    "BookId": "79",
    "RegNo": "SYI480",
    "StartDate": "\/Date(1456131600000)\/",
    "BookReason": "PM",
    "Duration": 7200000,
    "Remarks": "Normal 5k",
    "Assigned": true
}, {
    "BookId": "80",
    "RegNo": "MAO922",
    "StartDate": "\/Date(1456134300000)\/",
    "BookReason": "PM",
    "Duration": 7200000,
    "Remarks": "Normal 5k",
    "Assigned": true
}, {
    "BookId": "81",
    "RegNo": "QAQ210",
    "StartDate": "\/Date(1456137000000)\/",
    "BookReason": "PM",
    "Duration": 7200000,
    "Remarks": "Normal 5k",
    "Assigned": true
}, {
    "BookId": "82",
    "RegNo": "JNM850",
    "StartDate": "\/Date(1456139700000)\/",
    "BookReason": "PM",
    "Duration": 7200000,
    "Remarks": "Normal 5k",
    "Assigned": true
}, {
    "BookId": "83",
    "RegNo": "TWF951",
    "StartDate": "\/Date(1456142400000)\/",
    "BookReason": "PM",
    "Duration": 7200000,
    "Remarks": "Normal 5k",
    "Assigned": true
}, {
    "BookId": "84",
    "RegNo": "IZD176",
    "StartDate": "\/Date(1456145100000)\/",
    "BookReason": "PM",
    "Duration": 7200000,
    "Remarks": "Normal 5k",
    "Assigned": true
}, {
    "BookId": "85",
    "RegNo": "LSG611",
    "StartDate": "\/Date(1456147800000)\/",
    "BookReason": "PM",
    "Duration": 7200000,
    "Remarks": "Normal 5k",
    "Assigned": true
}, {
    "BookId": "86",
    "RegNo": "NMY813",
    "StartDate": "\/Date(1456150500000)\/",
    "BookReason": "PM",
    "Duration": 7200000,
    "Remarks": "Normal 5k",
    "Assigned": true
}, {
    "BookId": "87",
    "RegNo": "PQK974",
    "StartDate": "\/Date(1456153200000)\/",
    "BookReason": "PM",
    "Duration": 7200000,
    "Remarks": "Normal 5k",
    "Assigned": true
}, {
    "BookId": "88",
    "RegNo": "OIB844",
    "StartDate": "\/Date(1456155900000)\/",
    "BookReason": "PM",
    "Duration": 7200000,
    "Remarks": "Normal 5k",
    "Assigned": true
}, {
    "BookId": "89",
    "RegNo": "ZQR331",
    "StartDate": "\/Date(1456158600000)\/",
    "BookReason": "PM",
    "Duration": 7200000,
    "Remarks": "Normal 5k",
    "Assigned": true
}, {
    "BookId": "90",
    "RegNo": "JLD945",
    "StartDate": "\/Date(1456161300000)\/",
    "BookReason": "PM",
    "Duration": 7200000,
    "Remarks": "Normal 5k",
    "Assigned": true
}, {
    "BookId": "91",
    "RegNo": "AVO191",
    "StartDate": "\/Date(1456164000000)\/",
    "BookReason": "PM",
    "Duration": 7200000,
    "Remarks": "Normal 5k",
    "Assigned": true
}, {
    "BookId": "92",
    "RegNo": "QBV434",
    "StartDate": "\/Date(1456166700000)\/",
    "BookReason": "PM",
    "Duration": 7200000,
    "Remarks": "Normal 5k",
    "Assigned": true
}, {
    "BookId": "93",
    "RegNo": "NXB550",
    "StartDate": "\/Date(1456169400000)\/",
    "BookReason": "PM",
    "Duration": 7200000,
    "Remarks": "Normal 5k",
    "Assigned": true
}, {
    "BookId": "94",
    "RegNo": "ZNV522",
    "StartDate": "\/Date(1456172100000)\/",
    "BookReason": "PM",
    "Duration": 7200000,
    "Remarks": "Normal 5k",
    "Assigned": true
}, {
    "BookId": "95",
    "RegNo": "TER184",
    "StartDate": "\/Date(1456174800000)\/",
    "BookReason": "PM",
    "Duration": 7200000,
    "Remarks": "Normal 5k",
    "Assigned": true
}, {
    "BookId": "96",
    "RegNo": "BHY646",
    "StartDate": "\/Date(1456177500000)\/",
    "BookReason": "PM",
    "Duration": 7200000,
    "Remarks": "Normal 5k",
    "Assigned": true
}, {
    "BookId": "97",
    "RegNo": "WEU524",
    "StartDate": "\/Date(1456180200000)\/",
    "BookReason": "PM",
    "Duration": 7200000,
    "Remarks": "Normal 5k",
    "Assigned": true
}, {
    "BookId": "98",
    "RegNo": "NSN114",
    "StartDate": "\/Date(1456182900000)\/",
    "BookReason": "PM",
    "Duration": 7200000,
    "Remarks": "Normal 5k",
    "Assigned": true
}, {
    "BookId": "99",
    "RegNo": "RGC776",
    "StartDate": "\/Date(1456185600000)\/",
    "BookReason": "PM",
    "Duration": 7200000,
    "Remarks": "Normal 5k",
    "Assigned": true
}, {
    "BookId": "100",
    "RegNo": "PGO349",
    "StartDate": "\/Date(1456188300000)\/",
    "BookReason": "PM",
    "Duration": 7200000,
    "Remarks": "Normal 5k",
    "Assigned": true
}, {
    "BookId": "101",
    "RegNo": "DZL737",
    "StartDate": "\/Date(1455921000000)\/",
    "BookReason": "PM",
    "Duration": 7200000,
    "Remarks": "Normal 5k",
    "Assigned": false
}, {
    "BookId": "102",
    "RegNo": "GQU916",
    "StartDate": "\/Date(1455923700000)\/",
    "BookReason": "PM",
    "Duration": 7200000,
    "Remarks": "Normal 5k",
    "Assigned": false
}, {
    "BookId": "103",
    "RegNo": "DSZ410",
    "StartDate": "\/Date(1455926400000)\/",
    "BookReason": "PM",
    "Duration": 7200000,
    "Remarks": "Normal 5k",
    "Assigned": false
}, {
    "BookId": "104",
    "RegNo": "IDY230",
    "StartDate": "\/Date(1455929100000)\/",
    "BookReason": "PM",
    "Duration": 7200000,
    "Remarks": "Normal 5k",
    "Assigned": false
}, {
    "BookId": "105",
    "RegNo": "KBY500",
    "StartDate": "\/Date(1455931800000)\/",
    "BookReason": "PM",
    "Duration": 7200000,
    "Remarks": "Normal 5k",
    "Assigned": false
}, {
    "BookId": "106",
    "RegNo": "GDL761",
    "StartDate": "\/Date(1455934500000)\/",
    "BookReason": "PM",
    "Duration": 7200000,
    "Remarks": "Normal 5k",
    "Assigned": false
}, {
    "BookId": "107",
    "RegNo": "MES495",
    "StartDate": "\/Date(1455937200000)\/",
    "BookReason": "PM",
    "Duration": 7200000,
    "Remarks": "Normal 5k",
    "Assigned": false
}, {
    "BookId": "108",
    "RegNo": "TXD418",
    "StartDate": "\/Date(1455939900000)\/",
    "BookReason": "PM",
    "Duration": 7200000,
    "Remarks": "Normal 5k",
    "Assigned": false
}, {
    "BookId": "109",
    "RegNo": "DQO853",
    "StartDate": "\/Date(1455942600000)\/",
    "BookReason": "PM",
    "Duration": 7200000,
    "Remarks": "Normal 5k",
    "Assigned": false
}, {
    "BookId": "110",
    "RegNo": "QYI666",
    "StartDate": "\/Date(1455945300000)\/",
    "BookReason": "PM",
    "Duration": 7200000,
    "Remarks": "Normal 5k",
    "Assigned": false
}, {
    "BookId": "111",
    "RegNo": "TDH604",
    "StartDate": "\/Date(1455948000000)\/",
    "BookReason": "PM",
    "Duration": 7200000,
    "Remarks": "Normal 5k",
    "Assigned": false
}, {
    "BookId": "112",
    "RegNo": "PQT113",
    "StartDate": "\/Date(1455950700000)\/",
    "BookReason": "PM",
    "Duration": 7200000,
    "Remarks": "Normal 5k",
    "Assigned": false
}, {
    "BookId": "113",
    "RegNo": "OPD996",
    "StartDate": "\/Date(1455953400000)\/",
    "BookReason": "PM",
    "Duration": 7200000,
    "Remarks": "Normal 5k",
    "Assigned": false
}, {
    "BookId": "114",
    "RegNo": "NZF378",
    "StartDate": "\/Date(1455956100000)\/",
    "BookReason": "PM",
    "Duration": 7200000,
    "Remarks": "Normal 5k",
    "Assigned": false
}, {
    "BookId": "115",
    "RegNo": "BOS631",
    "StartDate": "\/Date(1455958800000)\/",
    "BookReason": "PM",
    "Duration": 7200000,
    "Remarks": "Normal 5k",
    "Assigned": false
}, {
    "BookId": "116",
    "RegNo": "VHC852",
    "StartDate": "\/Date(1455961500000)\/",
    "BookReason": "PM",
    "Duration": 7200000,
    "Remarks": "Normal 5k",
    "Assigned": false
}, {
    "BookId": "117",
    "RegNo": "RQM809",
    "StartDate": "\/Date(1455964200000)\/",
    "BookReason": "PM",
    "Duration": 7200000,
    "Remarks": "Normal 5k",
    "Assigned": false
}, {
    "BookId": "118",
    "RegNo": "HQJ468",
    "StartDate": "\/Date(1455966900000)\/",
    "BookReason": "PM",
    "Duration": 7200000,
    "Remarks": "Normal 5k",
    "Assigned": false
}, {
    "BookId": "119",
    "RegNo": "ZAJ773",
    "StartDate": "\/Date(1455969600000)\/",
    "BookReason": "PM",
    "Duration": 7200000,
    "Remarks": "Normal 5k",
    "Assigned": false
}, {
    "BookId": "120",
    "RegNo": "YHW474",
    "StartDate": "\/Date(1455972300000)\/",
    "BookReason": "PM",
    "Duration": 7200000,
    "Remarks": "Normal 5k",
    "Assigned": false
}, {
    "BookId": "121",
    "RegNo": "LBJ202",
    "StartDate": "\/Date(1455975000000)\/",
    "BookReason": "PM",
    "Duration": 7200000,
    "Remarks": "Normal 5k",
    "Assigned": false
}, {
    "BookId": "122",
    "RegNo": "CAK858",
    "StartDate": "\/Date(1455977700000)\/",
    "BookReason": "PM",
    "Duration": 7200000,
    "Remarks": "Normal 5k",
    "Assigned": false
}, {
    "BookId": "123",
    "RegNo": "TWP966",
    "StartDate": "\/Date(1455980400000)\/",
    "BookReason": "PM",
    "Duration": 7200000,
    "Remarks": "Normal 5k",
    "Assigned": false
}, {
    "BookId": "124",
    "RegNo": "GAR872",
    "StartDate": "\/Date(1455983100000)\/",
    "BookReason": "PM",
    "Duration": 7200000,
    "Remarks": "Normal 5k",
    "Assigned": false
}, {
    "BookId": "125",
    "RegNo": "DXU759",
    "StartDate": "\/Date(1455985800000)\/",
    "BookReason": "PM",
    "Duration": 7200000,
    "Remarks": "Normal 5k",
    "Assigned": false
}, {
    "BookId": "126",
    "RegNo": "VLC536",
    "StartDate": "\/Date(1455988500000)\/",
    "BookReason": "PM",
    "Duration": 7200000,
    "Remarks": "Normal 5k",
    "Assigned": false
}, {
    "BookId": "127",
    "RegNo": "PEJ422",
    "StartDate": "\/Date(1455991200000)\/",
    "BookReason": "PM",
    "Duration": 7200000,
    "Remarks": "Normal 5k",
    "Assigned": false
}, {
    "BookId": "128",
    "RegNo": "YOE919",
    "StartDate": "\/Date(1455993900000)\/",
    "BookReason": "PM",
    "Duration": 7200000,
    "Remarks": "Normal 5k",
    "Assigned": false
}, {
    "BookId": "129",
    "RegNo": "WYW966",
    "StartDate": "\/Date(1455996600000)\/",
    "BookReason": "PM",
    "Duration": 7200000,
    "Remarks": "Normal 5k",
    "Assigned": false
}, {
    "BookId": "130",
    "RegNo": "JKX700",
    "StartDate": "\/Date(1455999300000)\/",
    "BookReason": "PM",
    "Duration": 7200000,
    "Remarks": "Normal 5k",
    "Assigned": false
}, {
    "BookId": "131",
    "RegNo": "AHL671",
    "StartDate": "\/Date(1456002000000)\/",
    "BookReason": "PM",
    "Duration": 7200000,
    "Remarks": "Normal 5k",
    "Assigned": false
}, {
    "BookId": "132",
    "RegNo": "OFO690",
    "StartDate": "\/Date(1456004700000)\/",
    "BookReason": "PM",
    "Duration": 7200000,
    "Remarks": "Normal 5k",
    "Assigned": false
}, {
    "BookId": "133",
    "RegNo": "WQK821",
    "StartDate": "\/Date(1456007400000)\/",
    "BookReason": "PM",
    "Duration": 7200000,
    "Remarks": "Normal 5k",
    "Assigned": false
}, {
    "BookId": "134",
    "RegNo": "GXI407",
    "StartDate": "\/Date(1456010100000)\/",
    "BookReason": "PM",
    "Duration": 7200000,
    "Remarks": "Normal 5k",
    "Assigned": false
}, {
    "BookId": "135",
    "RegNo": "CMN956",
    "StartDate": "\/Date(1456012800000)\/",
    "BookReason": "PM",
    "Duration": 7200000,
    "Remarks": "Normal 5k",
    "Assigned": false
}, {
    "BookId": "136",
    "RegNo": "AXV415",
    "StartDate": "\/Date(1456015500000)\/",
    "BookReason": "PM",
    "Duration": 7200000,
    "Remarks": "Normal 5k",
    "Assigned": false
}, {
    "BookId": "137",
    "RegNo": "GLG392",
    "StartDate": "\/Date(1456018200000)\/",
    "BookReason": "PM",
    "Duration": 7200000,
    "Remarks": "Normal 5k",
    "Assigned": false
}, {
    "BookId": "138",
    "RegNo": "NJN265",
    "StartDate": "\/Date(1456020900000)\/",
    "BookReason": "PM",
    "Duration": 7200000,
    "Remarks": "Normal 5k",
    "Assigned": false
}, {
    "BookId": "139",
    "RegNo": "CJC976",
    "StartDate": "\/Date(1456023600000)\/",
    "BookReason": "PM",
    "Duration": 7200000,
    "Remarks": "Normal 5k",
    "Assigned": false
}, {
    "BookId": "140",
    "RegNo": "LRB380",
    "StartDate": "\/Date(1456026300000)\/",
    "BookReason": "PM",
    "Duration": 7200000,
    "Remarks": "Normal 5k",
    "Assigned": false
}, {
    "BookId": "141",
    "RegNo": "BXJ181",
    "StartDate": "\/Date(1456029000000)\/",
    "BookReason": "PM",
    "Duration": 7200000,
    "Remarks": "Normal 5k",
    "Assigned": false
}, {
    "BookId": "142",
    "RegNo": "DBB472",
    "StartDate": "\/Date(1456031700000)\/",
    "BookReason": "PM",
    "Duration": 7200000,
    "Remarks": "Normal 5k",
    "Assigned": false
}, {
    "BookId": "143",
    "RegNo": "XKN953",
    "StartDate": "\/Date(1456034400000)\/",
    "BookReason": "PM",
    "Duration": 7200000,
    "Remarks": "Normal 5k",
    "Assigned": false
}, {
    "BookId": "144",
    "RegNo": "CHQ767",
    "StartDate": "\/Date(1456037100000)\/",
    "BookReason": "PM",
    "Duration": 7200000,
    "Remarks": "Normal 5k",
    "Assigned": false
}, {
    "BookId": "145",
    "RegNo": "LAS811",
    "StartDate": "\/Date(1456039800000)\/",
    "BookReason": "PM",
    "Duration": 7200000,
    "Remarks": "Normal 5k",
    "Assigned": false
}, {
    "BookId": "146",
    "RegNo": "TPU267",
    "StartDate": "\/Date(1456042500000)\/",
    "BookReason": "PM",
    "Duration": 7200000,
    "Remarks": "Normal 5k",
    "Assigned": false
}, {
    "BookId": "147",
    "RegNo": "MMW152",
    "StartDate": "\/Date(1456045200000)\/",
    "BookReason": "PM",
    "Duration": 7200000,
    "Remarks": "Normal 5k",
    "Assigned": false
}, {
    "BookId": "148",
    "RegNo": "YEL582",
    "StartDate": "\/Date(1456047900000)\/",
    "BookReason": "PM",
    "Duration": 7200000,
    "Remarks": "Normal 5k",
    "Assigned": false
}, {
    "BookId": "149",
    "RegNo": "UCW181",
    "StartDate": "\/Date(1456050600000)\/",
    "BookReason": "PM",
    "Duration": 7200000,
    "Remarks": "Normal 5k",
    "Assigned": false
}, {
    "BookId": "150",
    "RegNo": "LHO981",
    "StartDate": "\/Date(1456053300000)\/",
    "BookReason": "PM",
    "Duration": 7200000,
    "Remarks": "Normal 5k",
    "Assigned": false
}, {
    "BookId": "151",
    "RegNo": "KJW248",
    "StartDate": "\/Date(1456056000000)\/",
    "BookReason": "PM",
    "Duration": 7200000,
    "Remarks": "Normal 5k",
    "Assigned": false
}, {
    "BookId": "152",
    "RegNo": "VVG610",
    "StartDate": "\/Date(1456058700000)\/",
    "BookReason": "PM",
    "Duration": 7200000,
    "Remarks": "Normal 5k",
    "Assigned": false
}, {
    "BookId": "153",
    "RegNo": "UCF302",
    "StartDate": "\/Date(1456061400000)\/",
    "BookReason": "PM",
    "Duration": 7200000,
    "Remarks": "Normal 5k",
    "Assigned": false
}, {
    "BookId": "154",
    "RegNo": "KKQ188",
    "StartDate": "\/Date(1456064100000)\/",
    "BookReason": "PM",
    "Duration": 7200000,
    "Remarks": "Normal 5k",
    "Assigned": false
}, {
    "BookId": "155",
    "RegNo": "HVJ995",
    "StartDate": "\/Date(1456066800000)\/",
    "BookReason": "PM",
    "Duration": 7200000,
    "Remarks": "Normal 5k",
    "Assigned": false
}, {
    "BookId": "156",
    "RegNo": "BAN578",
    "StartDate": "\/Date(1456069500000)\/",
    "BookReason": "PM",
    "Duration": 7200000,
    "Remarks": "Normal 5k",
    "Assigned": false
}, {
    "BookId": "157",
    "RegNo": "XUU248",
    "StartDate": "\/Date(1456072200000)\/",
    "BookReason": "PM",
    "Duration": 7200000,
    "Remarks": "Normal 5k",
    "Assigned": false
}, {
    "BookId": "158",
    "RegNo": "QXE589",
    "StartDate": "\/Date(1456074900000)\/",
    "BookReason": "PM",
    "Duration": 7200000,
    "Remarks": "Normal 5k",
    "Assigned": false
}, {
    "BookId": "159",
    "RegNo": "DFA909",
    "StartDate": "\/Date(1456077600000)\/",
    "BookReason": "PM",
    "Duration": 7200000,
    "Remarks": "Normal 5k",
    "Assigned": false
}, {
    "BookId": "160",
    "RegNo": "KBG135",
    "StartDate": "\/Date(1456080300000)\/",
    "BookReason": "PM",
    "Duration": 7200000,
    "Remarks": "Normal 5k",
    "Assigned": false
}, {
    "BookId": "161",
    "RegNo": "FXP530",
    "StartDate": "\/Date(1456083000000)\/",
    "BookReason": "PM",
    "Duration": 7200000,
    "Remarks": "Normal 5k",
    "Assigned": false
}, {
    "BookId": "162",
    "RegNo": "HOW652",
    "StartDate": "\/Date(1456085700000)\/",
    "BookReason": "PM",
    "Duration": 7200000,
    "Remarks": "Normal 5k",
    "Assigned": false
}, {
    "BookId": "163",
    "RegNo": "TGS623",
    "StartDate": "\/Date(1456088400000)\/",
    "BookReason": "PM",
    "Duration": 7200000,
    "Remarks": "Normal 5k",
    "Assigned": false
}, {
    "BookId": "164",
    "RegNo": "ZZS680",
    "StartDate": "\/Date(1456091100000)\/",
    "BookReason": "PM",
    "Duration": 7200000,
    "Remarks": "Normal 5k",
    "Assigned": false
}, {
    "BookId": "165",
    "RegNo": "LVY741",
    "StartDate": "\/Date(1456093800000)\/",
    "BookReason": "PM",
    "Duration": 7200000,
    "Remarks": "Normal 5k",
    "Assigned": false
}, {
    "BookId": "166",
    "RegNo": "HNX259",
    "StartDate": "\/Date(1456096500000)\/",
    "BookReason": "PM",
    "Duration": 7200000,
    "Remarks": "Normal 5k",
    "Assigned": false
}, {
    "BookId": "167",
    "RegNo": "HEB641",
    "StartDate": "\/Date(1456099200000)\/",
    "BookReason": "PM",
    "Duration": 7200000,
    "Remarks": "Normal 5k",
    "Assigned": false
}, {
    "BookId": "168",
    "RegNo": "NOZ148",
    "StartDate": "\/Date(1456101900000)\/",
    "BookReason": "PM",
    "Duration": 7200000,
    "Remarks": "Normal 5k",
    "Assigned": false
}, {
    "BookId": "169",
    "RegNo": "NMC735",
    "StartDate": "\/Date(1456104600000)\/",
    "BookReason": "PM",
    "Duration": 7200000,
    "Remarks": "Normal 5k",
    "Assigned": false
}, {
    "BookId": "170",
    "RegNo": "KNG590",
    "StartDate": "\/Date(1456107300000)\/",
    "BookReason": "PM",
    "Duration": 7200000,
    "Remarks": "Normal 5k",
    "Assigned": false
}, {
    "BookId": "171",
    "RegNo": "ASA594",
    "StartDate": "\/Date(1456110000000)\/",
    "BookReason": "PM",
    "Duration": 7200000,
    "Remarks": "Normal 5k",
    "Assigned": false
}, {
    "BookId": "172",
    "RegNo": "LQA969",
    "StartDate": "\/Date(1456112700000)\/",
    "BookReason": "PM",
    "Duration": 7200000,
    "Remarks": "Normal 5k",
    "Assigned": false
}, {
    "BookId": "173",
    "RegNo": "NJM963",
    "StartDate": "\/Date(1456115400000)\/",
    "BookReason": "PM",
    "Duration": 7200000,
    "Remarks": "Normal 5k",
    "Assigned": false
}, {
    "BookId": "174",
    "RegNo": "MTE870",
    "StartDate": "\/Date(1456118100000)\/",
    "BookReason": "PM",
    "Duration": 7200000,
    "Remarks": "Normal 5k",
    "Assigned": false
}, {
    "BookId": "175",
    "RegNo": "EHD364",
    "StartDate": "\/Date(1456120800000)\/",
    "BookReason": "PM",
    "Duration": 7200000,
    "Remarks": "Normal 5k",
    "Assigned": false
}, {
    "BookId": "176",
    "RegNo": "MEL383",
    "StartDate": "\/Date(1456123500000)\/",
    "BookReason": "PM",
    "Duration": 7200000,
    "Remarks": "Normal 5k",
    "Assigned": false
}, {
    "BookId": "177",
    "RegNo": "ZYS189",
    "StartDate": "\/Date(1456126200000)\/",
    "BookReason": "PM",
    "Duration": 7200000,
    "Remarks": "Normal 5k",
    "Assigned": false
}, {
    "BookId": "178",
    "RegNo": "VRL998",
    "StartDate": "\/Date(1456128900000)\/",
    "BookReason": "PM",
    "Duration": 7200000,
    "Remarks": "Normal 5k",
    "Assigned": false
}, {
    "BookId": "179",
    "RegNo": "OIG904",
    "StartDate": "\/Date(1456131600000)\/",
    "BookReason": "PM",
    "Duration": 7200000,
    "Remarks": "Normal 5k",
    "Assigned": false
}, {
    "BookId": "180",
    "RegNo": "AAC482",
    "StartDate": "\/Date(1456134300000)\/",
    "BookReason": "PM",
    "Duration": 7200000,
    "Remarks": "Normal 5k",
    "Assigned": false
}, {
    "BookId": "181",
    "RegNo": "CCD229",
    "StartDate": "\/Date(1456137000000)\/",
    "BookReason": "PM",
    "Duration": 7200000,
    "Remarks": "Normal 5k",
    "Assigned": false
}, {
    "BookId": "182",
    "RegNo": "UTQ642",
    "StartDate": "\/Date(1456139700000)\/",
    "BookReason": "PM",
    "Duration": 7200000,
    "Remarks": "Normal 5k",
    "Assigned": false
}, {
    "BookId": "183",
    "RegNo": "OZK240",
    "StartDate": "\/Date(1456142400000)\/",
    "BookReason": "PM",
    "Duration": 7200000,
    "Remarks": "Normal 5k",
    "Assigned": false
}, {
    "BookId": "184",
    "RegNo": "DVQ740",
    "StartDate": "\/Date(1456145100000)\/",
    "BookReason": "PM",
    "Duration": 7200000,
    "Remarks": "Normal 5k",
    "Assigned": false
}, {
    "BookId": "185",
    "RegNo": "VCQ785",
    "StartDate": "\/Date(1456147800000)\/",
    "BookReason": "PM",
    "Duration": 7200000,
    "Remarks": "Normal 5k",
    "Assigned": false
}, {
    "BookId": "186",
    "RegNo": "ODI386",
    "StartDate": "\/Date(1456150500000)\/",
    "BookReason": "PM",
    "Duration": 7200000,
    "Remarks": "Normal 5k",
    "Assigned": false
}, {
    "BookId": "187",
    "RegNo": "CAQ697",
    "StartDate": "\/Date(1456153200000)\/",
    "BookReason": "PM",
    "Duration": 7200000,
    "Remarks": "Normal 5k",
    "Assigned": false
}, {
    "BookId": "188",
    "RegNo": "JLB593",
    "StartDate": "\/Date(1456155900000)\/",
    "BookReason": "PM",
    "Duration": 7200000,
    "Remarks": "Normal 5k",
    "Assigned": false
}, {
    "BookId": "189",
    "RegNo": "QHE445",
    "StartDate": "\/Date(1456158600000)\/",
    "BookReason": "PM",
    "Duration": 7200000,
    "Remarks": "Normal 5k",
    "Assigned": false
}, {
    "BookId": "190",
    "RegNo": "YJG335",
    "StartDate": "\/Date(1456161300000)\/",
    "BookReason": "PM",
    "Duration": 7200000,
    "Remarks": "Normal 5k",
    "Assigned": false
}, {
    "BookId": "191",
    "RegNo": "ORV578",
    "StartDate": "\/Date(1456164000000)\/",
    "BookReason": "PM",
    "Duration": 7200000,
    "Remarks": "Normal 5k",
    "Assigned": false
}, {
    "BookId": "192",
    "RegNo": "THK974",
    "StartDate": "\/Date(1456166700000)\/",
    "BookReason": "PM",
    "Duration": 7200000,
    "Remarks": "Normal 5k",
    "Assigned": false
}, {
    "BookId": "193",
    "RegNo": "CKM366",
    "StartDate": "\/Date(1456169400000)\/",
    "BookReason": "PM",
    "Duration": 7200000,
    "Remarks": "Normal 5k",
    "Assigned": false
}, {
    "BookId": "194",
    "RegNo": "YMI253",
    "StartDate": "\/Date(1456172100000)\/",
    "BookReason": "PM",
    "Duration": 7200000,
    "Remarks": "Normal 5k",
    "Assigned": false
}, {
    "BookId": "195",
    "RegNo": "NVJ799",
    "StartDate": "\/Date(1456174800000)\/",
    "BookReason": "PM",
    "Duration": 7200000,
    "Remarks": "Normal 5k",
    "Assigned": false
}, {
    "BookId": "196",
    "RegNo": "DLF929",
    "StartDate": "\/Date(1456177500000)\/",
    "BookReason": "PM",
    "Duration": 7200000,
    "Remarks": "Normal 5k",
    "Assigned": false
}, {
    "BookId": "197",
    "RegNo": "DQV564",
    "StartDate": "\/Date(1456180200000)\/",
    "BookReason": "PM",
    "Duration": 7200000,
    "Remarks": "Normal 5k",
    "Assigned": false
}, {
    "BookId": "198",
    "RegNo": "HMH437",
    "StartDate": "\/Date(1456182900000)\/",
    "BookReason": "PM",
    "Duration": 7200000,
    "Remarks": "Normal 5k",
    "Assigned": false
}, {
    "BookId": "199",
    "RegNo": "MZL303",
    "StartDate": "\/Date(1456185600000)\/",
    "BookReason": "PM",
    "Duration": 7200000,
    "Remarks": "Normal 5k",
    "Assigned": false
}, {
    "BookId": "200",
    "RegNo": "PDF925",
    "StartDate": "\/Date(1456188300000)\/",
    "BookReason": "PM",
    "Duration": 7200000,
    "Remarks": "Normal 5k",
    "Assigned": false
}]