{
  "webapp/controller/App.controller.js": "1468517249000",
  "webapp/controller/BaseController.js": "1468517249000",
  "webapp/controller/ErrorHandler.js": "1470195550000",
  "webapp/controller/NotFound.controller.js": "1468517249000",
  "webapp/controller/Object.controller.js": "1468517249000",
  "webapp/controller/Worklist.controller.js": "1470654673000",
  "webapp/i18n/i18n.properties": "1470078275000",
  "webapp/localService/metadata.xml": "1468517254000",
  "webapp/localService/mockserver.js": "1468517249000",
  "webapp/model/formatter.js": "1470163660000",
  "webapp/model/models.js": "1468517249000",
  "webapp/test/integration/pages/App.js": "1468517249000",
  "webapp/test/integration/pages/Browser.js": "1468517249000",
  "webapp/test/integration/pages/Common.js": "1468517249000",
  "webapp/test/integration/pages/NotFound.js": "1468517249000",
  "webapp/test/integration/pages/Object.js": "1468517249000",
  "webapp/test/integration/pages/shareOptions.js": "1468517249000",
  "webapp/test/integration/pages/Worklist.js": "1468517249000",
  "webapp/test/integration/AllJourneys.js": "1468517249000",
  "webapp/test/integration/NavigationJourney.js": "1468517249000",
  "webapp/test/integration/NotFoundJourney.js": "1468517249000",
  "webapp/test/integration/ObjectJourney.js": "1468517249000",
  "webapp/test/integration/opaTests.qunit.html": "1468517249000",
  "webapp/test/integration/WorklistJourney.js": "1468517249000",
  "webapp/test/unit/controller/App.controller.js": "1468517249000",
  "webapp/test/unit/controller/Worklist.controller.js": "1468517249000",
  "webapp/test/unit/helper/FakeI18nModel.js": "1468517249000",
  "webapp/test/unit/model/formatter.js": "1468517249000",
  "webapp/test/unit/model/models.js": "1468517249000",
  "webapp/test/unit/allTests.js": "1468517249000",
  "webapp/test/unit/unitTests.qunit.html": "1468517249000",
  "webapp/test/testService.html": "1468517249000",
  "webapp/test/testsuite.qunit.html": "1468517249000",
  "webapp/view/App.view.xml": "1468517249000",
  "webapp/view/NotFound.view.xml": "1468517249000",
  "webapp/view/Object.view.xml": "1468517249000",
  "webapp/view/ObjectNotFound.view.xml": "1468517249000",
  "webapp/view/Worklist.view.xml": "1470651784000",
  "webapp/Component.js": "1469591517000",
  "webapp/index.html": "1468517434000",
  "webapp/manifest.json": "1468849716000",
  "webapp/test.html": "1468517249000",
  "webapp/fragments/Filter.fragment.xml": "1470488123000",
  "webapp/fragments/BillingOfficeF4.fragment.xml": "1470486157000",
  "webapp/fragments/Comment.fragment.xml": "1469441901000",
  "webapp/fragments/DisplayComment.fragment.xml": "1469441901000",
  "webapp/fragments/MatterQView.fragment.xml": "1470042718000",
  "webapp/css/myStyles.css": "1469591597000",
  "readme.txt": "1468517249000",
  "dist/controller/App.controller.js": "1468517249000",
  "dist/controller/BaseController.js": "1468517249000",
  "dist/controller/ErrorHandler.js": "1470195550000",
  "dist/controller/NotFound.controller.js": "1468517249000",
  "dist/controller/Object.controller.js": "1468517249000",
  "dist/controller/Worklist.controller.js": "1470654673000",
  "dist/i18n/i18n.properties": "1470078275000",
  "dist/localService/metadata.xml": "1468517254000",
  "dist/localService/mockserver.js": "1468517249000",
  "dist/model/formatter.js": "1470163660000",
  "dist/model/models.js": "1468517249000",
  "dist/view/App.view.xml": "1468517249000",
  "dist/view/NotFound.view.xml": "1468517249000",
  "dist/view/Object.view.xml": "1468517249000",
  "dist/view/ObjectNotFound.view.xml": "1468517249000",
  "dist/view/Worklist.view.xml": "1470651784000",
  "dist/Component.js": "1469591517000",
  "dist/index.html": "1468517434000",
  "dist/manifest.json": "1470654814000",
  "dist/fragments/Filter.fragment.xml": "1470488123000",
  "dist/fragments/BillingOfficeF4.fragment.xml": "1470486157000",
  "dist/fragments/Comment.fragment.xml": "1469441901000",
  "dist/fragments/DisplayComment.fragment.xml": "1469441901000",
  "dist/fragments/MatterQView.fragment.xml": "1470042718000",
  "dist/css/myStyles.css": "1469591597000",
  "dist/Component-preload.js": "1470654807000",
  "dist/resources.json": "1470654812000"
}