{
  "webapp/controller/App.controller.js": "1466046957000",
  "webapp/controller/BaseController.js": "1466046957000",
  "webapp/controller/ErrorHandler.js": "1466046957000",
  "webapp/controller/NotFound.controller.js": "1466046957000",
  "webapp/controller/Object.controller.js": "1466046957000",
  "webapp/controller/Worklist.controller.js": "1467038565000",
  "webapp/i18n/i18n.properties": "1466340103000",
  "webapp/localService/metadata.xml": "1466046965000",
  "webapp/localService/mockserver.js": "1466046957000",
  "webapp/model/formatter.js": "1466046957000",
  "webapp/model/models.js": "1466046958000",
  "webapp/test/integration/pages/App.js": "1466046958000",
  "webapp/test/integration/pages/Browser.js": "1466046958000",
  "webapp/test/integration/pages/Common.js": "1466046958000",
  "webapp/test/integration/pages/NotFound.js": "1466046958000",
  "webapp/test/integration/pages/Object.js": "1466046958000",
  "webapp/test/integration/pages/shareOptions.js": "1466046958000",
  "webapp/test/integration/pages/Worklist.js": "1466046958000",
  "webapp/test/integration/AllJourneys.js": "1466046958000",
  "webapp/test/integration/NavigationJourney.js": "1466046958000",
  "webapp/test/integration/NotFoundJourney.js": "1466046958000",
  "webapp/test/integration/ObjectJourney.js": "1466046958000",
  "webapp/test/integration/opaTests.qunit.html": "1466046958000",
  "webapp/test/integration/WorklistJourney.js": "1466046958000",
  "webapp/test/unit/controller/App.controller.js": "1466046958000",
  "webapp/test/unit/controller/Worklist.controller.js": "1466046958000",
  "webapp/test/unit/helper/FakeI18nModel.js": "1466046958000",
  "webapp/test/unit/model/formatter.js": "1466046958000",
  "webapp/test/unit/model/models.js": "1466046958000",
  "webapp/test/unit/allTests.js": "1466046958000",
  "webapp/test/unit/unitTests.qunit.html": "1466046958000",
  "webapp/test/mockServer.html": "1466046958000",
  "webapp/test/testsuite.qunit.html": "1466046958000",
  "webapp/view/App.view.xml": "1466046958000",
  "webapp/view/NotFound.view.xml": "1466046958000",
  "webapp/view/Object.view.xml": "1466046958000",
  "webapp/view/ObjectNotFound.view.xml": "1466046958000",
  "webapp/view/Worklist.view.xml": "1467000961000",
  "webapp/Component.js": "1466046957000",
  "webapp/index.html": "1466323789000",
  "webapp/manifest.json": "1467039182000",
  "webapp/test.html": "1466046958000",
  "webapp/fragment/BillingOfficeF4.fragment.xml": "1466590614000",
  "webapp/fragment/SalesOrgF4.fragment.xml": "1466533606000",
  "webapp/fragment/BillingDocTypeF4.fragment.xml": "1466591873000",
  "webapp/fragment/PartnerTypeF4.fragment.xml": "1466599014000",
  "webapp/fragment/PayerF4.fragment.xml": "1466592993000",
  "webapp/fragment/BillingPartnerF4.fragment.xml": "1466706041000",
  "readme.txt": "1466046957000",
  "dist/controller/App.controller.js": "1466046957000",
  "dist/controller/BaseController.js": "1466046957000",
  "dist/controller/ErrorHandler.js": "1466046957000",
  "dist/controller/NotFound.controller.js": "1466046957000",
  "dist/controller/Object.controller.js": "1466046957000",
  "dist/controller/Worklist.controller.js": "1467038565000",
  "dist/i18n/i18n.properties": "1466340103000",
  "dist/localService/metadata.xml": "1466046965000",
  "dist/localService/mockserver.js": "1466046957000",
  "dist/model/formatter.js": "1466046957000",
  "dist/model/models.js": "1466046958000",
  "dist/view/App.view.xml": "1466046958000",
  "dist/view/NotFound.view.xml": "1466046958000",
  "dist/view/Object.view.xml": "1466046958000",
  "dist/view/ObjectNotFound.view.xml": "1466046958000",
  "dist/view/Worklist.view.xml": "1467000961000",
  "dist/Component.js": "1466046957000",
  "dist/index.html": "1466323789000",
  "dist/manifest.json": "1467039189000",
  "dist/fragment/BillingOfficeF4.fragment.xml": "1466590614000",
  "dist/fragment/SalesOrgF4.fragment.xml": "1466533606000",
  "dist/fragment/BillingDocTypeF4.fragment.xml": "1466591873000",
  "dist/fragment/PartnerTypeF4.fragment.xml": "1466599014000",
  "dist/fragment/PayerF4.fragment.xml": "1466592993000",
  "dist/fragment/BillingPartnerF4.fragment.xml": "1466706041000",
  "dist/Component-preload.js": "1467039187000",
  "dist/resources.json": "1467039188000"
}