{
    "application": {
        "id": "",
        "title": "SCREENSsample_demoProject.sample_demoProject",
        "description": "sample Application",
        "type": "SAP_UI5_Component",
        "componentUrl": "/",
        "appUrl": "#sample_demoProject-Display",
        "navigationComponentName": "SCREENSsample_demoProject",
        "intentSemanticObject": "sample_demoProject",
        "intentAction": "Display",
        "html5ApplicationName": "sampledemoproject",
        "HCPParentApplicationName": ""
    },
    "assignment": {
        "groups": [
            "1228b9df-d975-4f6b-9111-f5f429aff13c"
        ],
        "contentPackages": [
            "f4a6cca7-c6ea-4fd5-9e77-41cfbe4065fb"
        ],
        "categories": []
    },
    "tile": {
        "type": "StaticTile",
        "title": "Title",
        "subtitle": "Subtitle",
        "searchKeywords": "Title,Subtitle",
        "displayIconUrl": "sap-icon://approvals",
        "displayInfoText": "",
        "size": "1x1",
        "serviceURL": "",
        "refreshInterval": ""
    }
}