<?xml version="1.0" encoding="utf-8"?>
<edmx:Edmx Version="1.0"
    xmlns:edmx="http://schemas.microsoft.com/ado/2007/06/edmx"
    xmlns:m="http://schemas.microsoft.com/ado/2007/08/dataservices/metadata"
    xmlns:sap="http://www.sap.com/Protocols/SAPData">
    <edmx:DataServices m:DataServiceVersion="2.0">
        <Schema Namespace="ZPRS_MATTERS_SRV" xml:lang="en" sap:schema-version="1"
            xmlns="http://schemas.microsoft.com/ado/2008/09/edm">
            <EntityType Name="MAllocation" sap:content-version="1">
                <Key>
                    <PropertyRef Name="Pspid"/>
                    <PropertyRef Name="Parvw"/>
                    <PropertyRef Name="Pernr"/>
                </Key>
                <Property Name="PernrOffice" Type="Edm.String" Nullable="false" sap:label="String" sap:creatable="false" sap:updatable="false" sap:sortable="false" sap:filterable="false"/>
                <Property Name="Pspid" Type="Edm.String" Nullable="false" MaxLength="24" sap:label="Project Def." sap:creatable="false" sap:updatable="false" sap:sortable="false" sap:filterable="false"/>
                <Property Name="Parvw" Type="Edm.String" Nullable="false" MaxLength="2" sap:label="Partner Functn" sap:creatable="false" sap:updatable="false" sap:sortable="false" sap:filterable="false"/>
                <Property Name="Vtext" Type="Edm.String" Nullable="false" MaxLength="20" sap:label="Name" sap:creatable="false" sap:updatable="false" sap:sortable="false" sap:filterable="false"/>
                <Property Name="Pernr" Type="Edm.String" Nullable="false" MaxLength="8" sap:label="Personnel no." sap:creatable="false" sap:updatable="false" sap:sortable="false" sap:filterable="false"/>
                <Property Name="Cname" Type="Edm.String" Nullable="false" MaxLength="80" sap:label="Full Name" sap:creatable="false" sap:updatable="false" sap:sortable="false" sap:filterable="false"/>
                <Property Name="Begda" Type="Edm.DateTimeOffset" Nullable="false" Precision="7" sap:label="Start Date" sap:creatable="false" sap:updatable="false" sap:sortable="false" sap:filterable="false"/>
                <Property Name="Endda" Type="Edm.DateTimeOffset" Nullable="false" Precision="7" sap:label="End Date" sap:creatable="false" sap:updatable="false" sap:sortable="false" sap:filterable="false"/>
                <Property Name="Zzpercnt" Type="Edm.Decimal" Nullable="false" Precision="4" Scale="2" sap:label="Percnt. share" sap:creatable="false" sap:updatable="false" sap:sortable="false" sap:filterable="false"/>
                <Property Name="Error" Type="Edm.String" Nullable="false" sap:label="Message Type Indicat" sap:creatable="false" sap:updatable="false" sap:sortable="false" sap:filterable="false"/>
                <Property Name="Errormessage" Type="Edm.String" Nullable="false" sap:label="Message Type Indicat" sap:creatable="false" sap:updatable="false" sap:sortable="false" sap:filterable="false"/>
            </EntityType>
            <EntityType Name="Matter" sap:content-version="1">
                <Key>
                    <PropertyRef Name="Pspid"/>
                </Key>
                <Property Name="Pspid" Type="Edm.String" Nullable="false" MaxLength="24" sap:label="Matter" sap:creatable="false" sap:updatable="false" sap:sortable="false"/>
                <Property Name="Werksdesc" Type="Edm.String" Nullable="false" sap:label="WERKSDESC" sap:creatable="false" sap:updatable="false" sap:sortable="false" sap:filterable="false"/>
                <Property Name="Post1" Type="Edm.String" Nullable="false" MaxLength="40" sap:label="Name" sap:creatable="false" sap:updatable="false" sap:sortable="false"/>
                <Property Name="Vbukr" Type="Edm.String" Nullable="false" MaxLength="4" sap:label="Company Code" sap:creatable="false" sap:updatable="false" sap:sortable="false" sap:filterable="false"/>
                <Property Name="Kunnr" Type="Edm.String" Nullable="false" MaxLength="10" sap:label="Client" sap:creatable="false" sap:updatable="false" sap:sortable="false"/>
                <Property Name="Vbukrdesc" Type="Edm.String" Nullable="false" sap:label="VBUKRDESC" sap:creatable="false" sap:updatable="false" sap:sortable="false" sap:filterable="false"/>
                <Property Name="Kunnrname" Type="Edm.String" Nullable="false" MaxLength="40" sap:label="Client Name" sap:creatable="false" sap:updatable="false" sap:sortable="false"/>
                <Property Name="Longtext" Type="Edm.String" Nullable="false" sap:label="LONGTEXT" sap:creatable="false" sap:updatable="false" sap:sortable="false" sap:filterable="false"/>
                <Property Name="Boffice" Type="Edm.String" Nullable="false" sap:label="Billing Office" sap:creatable="false" sap:updatable="false" sap:sortable="false" sap:filterable="false"/>
                <Property Name="Zzmcurr" Type="Edm.String" Nullable="false" MaxLength="5" sap:label="Currency" sap:creatable="false" sap:updatable="false" sap:sortable="false" sap:filterable="false" sap:semantics="currency-code"/>
                <Property Name="Pwhie" Type="Edm.String" Nullable="false" MaxLength="5" sap:label="Currency" sap:creatable="false" sap:updatable="false" sap:sortable="false" sap:filterable="false" sap:semantics="currency-code"/>
                <Property Name="Sdate" Type="Edm.DateTime" Precision="7" sap:label="Open Date" sap:creatable="false" sap:updatable="false" sap:sortable="false" sap:filterable="false"/>
                <Property Name="Fdate" Type="Edm.DateTime" Precision="7" sap:label="Close Date" sap:creatable="false" sap:updatable="false" sap:sortable="false" sap:filterable="false"/>
                <Property Name="Statusclr" Type="Edm.String" Nullable="false" sap:label="STATUSCLR" sap:creatable="false" sap:updatable="false" sap:sortable="false" sap:filterable="false"/>
                <Property Name="Status" Type="Edm.String" Nullable="false" MaxLength="30" sap:label="Status" sap:creatable="false" sap:updatable="false" sap:sortable="false" sap:filterable="false"/>
                <NavigationProperty Name="MatterToMAllocation" Relationship="ZPRS_MATTERS_SRV.MatterToMAllocation" FromRole="FromRole_MatterToMAllocation" ToRole="ToRole_MatterToMAllocation"/>
                <NavigationProperty Name="MatterToMAllocHist" Relationship="ZPRS_MATTERS_SRV.MatterToMAllocHist" FromRole="FromRole_MatterToMAllocHist" ToRole="ToRole_MatterToMAllocHist"/>
                <NavigationProperty Name="MatterToMMPY" Relationship="ZPRS_MATTERS_SRV.MatterToMatterMBP" FromRole="FromRole_MatterToMatterMBP" ToRole="ToRole_MatterToMatterMBP"/>
                <NavigationProperty Name="MatterToMBP" Relationship="ZPRS_MATTERS_SRV.MatterToMatterBP" FromRole="FromRole_MatterToMatterBP" ToRole="ToRole_MatterToMatterBP"/>
                <NavigationProperty Name="MatterToMPhase" Relationship="ZPRS_MATTERS_SRV.MatterToMatterPhase" FromRole="FromRole_MatterToMatterPhase" ToRole="ToRole_MatterToMatterPhase"/>
                <NavigationProperty Name="MatterToMDetail" Relationship="ZPRS_MATTERS_SRV.MatterToMatterDetail" FromRole="FromRole_MatterToMatterDetail" ToRole="ToRole_MatterToMatterDetail"/>
            </EntityType>
            <EntityType Name="MatterDetail" sap:content-version="1">
                <Key>
                    <PropertyRef Name="Pspid"/>
                </Key>
                <Property Name="Zztmdtldesc" Type="Edm.String" Nullable="false" sap:label="ZZTMDTLDESC" sap:creatable="false" sap:updatable="false" sap:sortable="false" sap:filterable="false"/>
                <Property Name="Zztmdtl" Type="Edm.String" Nullable="false" MaxLength="1" sap:label="Time Detail" sap:creatable="false" sap:sortable="false" sap:filterable="false"/>
                <Property Name="Zztksumrydesc" Type="Edm.String" Nullable="false" sap:label="ZZTKSUMRYDESC" sap:creatable="false" sap:updatable="false" sap:sortable="false" sap:filterable="false"/>
                <Property Name="Zztksumry" Type="Edm.String" Nullable="false" MaxLength="1" sap:label="TK Summarization" sap:creatable="false" sap:sortable="false" sap:filterable="false"/>
                <Property Name="ZztcsetValidfrom" Type="Edm.DateTime" Precision="7" sap:label="Date" sap:creatable="false" sap:updatable="false" sap:sortable="false" sap:filterable="false"/>
                <Property Name="Zztaxdesc" Type="Edm.String" Nullable="false" sap:label="ZZTAXDESC" sap:creatable="false" sap:updatable="false" sap:sortable="false" sap:filterable="false"/>
                <Property Name="Zztax" Type="Edm.String" Nullable="false" MaxLength="1" sap:label="Tax Status" sap:creatable="false" sap:sortable="false" sap:filterable="false"/>
                <Property Name="Zztaskcodesetdesc" Type="Edm.String" Nullable="false" sap:label="ZZTASKCODESETDESC" sap:creatable="false" sap:updatable="false" sap:sortable="false" sap:filterable="false"/>
                <Property Name="Zztaskcodeset" Type="Edm.String" Nullable="false" MaxLength="20" sap:label="Task Code Set" sap:creatable="false" sap:sortable="false" sap:filterable="false"/>
                <Property Name="Zzsumwodesc" Type="Edm.String" Nullable="false" sap:label="ZZSUMWODESC" sap:creatable="false" sap:updatable="false" sap:sortable="false" sap:filterable="false"/>
                <Property Name="Zzsumwo" Type="Edm.String" Nullable="false" MaxLength="1" sap:label="Sum. by WK Off" sap:creatable="false" sap:updatable="false" sap:sortable="false" sap:filterable="false"/>
                <Property Name="Zzpriconfdesc" Type="Edm.String" Nullable="false" sap:label="ZZPRICONFDESC" sap:creatable="false" sap:updatable="false" sap:sortable="false" sap:filterable="false"/>
                <Property Name="Zzpriconf" Type="Edm.String" Nullable="false" MaxLength="1" sap:label="Private" sap:creatable="false" sap:updatable="false" sap:sortable="false" sap:filterable="false"/>
                <Property Name="Zzpracticegroupdesc" Type="Edm.String" Nullable="false" sap:label="ZZPRACTICEGROUPDESC" sap:creatable="false" sap:updatable="false" sap:sortable="false" sap:filterable="false"/>
                <Property Name="Zzpracticegroup" Type="Edm.String" Nullable="false" MaxLength="4" sap:label="Local Practice Grp" sap:creatable="false" sap:sortable="false" sap:filterable="false"/>
                <Property Name="Zzmprgrpdesc" Type="Edm.String" Nullable="false" sap:label="ZZMPRGRPDESC" sap:creatable="false" sap:updatable="false" sap:sortable="false" sap:filterable="false"/>
                <Property Name="Zzmprgrp" Type="Edm.String" Nullable="false" MaxLength="20" sap:label="Matter Pricing Grp" sap:creatable="false" sap:sortable="false" sap:filterable="false"/>
                <Property Name="Zzmonlaudesc" Type="Edm.String" Nullable="false" sap:label="ZZMONLAUDESC" sap:creatable="false" sap:updatable="false" sap:sortable="false" sap:filterable="false"/>
                <Property Name="Zzmonlau" Type="Edm.String" Nullable="false" MaxLength="1" sap:label="Excl Stnd Discount" sap:creatable="false" sap:updatable="false" sap:sortable="false" sap:filterable="false"/>
                <Property Name="Zzmcurrdesc" Type="Edm.String" Nullable="false" sap:label="Matter Currency" sap:creatable="false" sap:updatable="false" sap:sortable="false" sap:filterable="false"/>
                <Property Name="Zzmcurr" Type="Edm.String" Nullable="false" MaxLength="5" sap:label="Billing Currency" sap:creatable="false" sap:sortable="false" sap:filterable="false" sap:semantics="currency-code"/>
                <Property Name="Zzmattertypedesc" Type="Edm.String" Nullable="false" sap:label="ZZMATTERTYPEDESC" sap:creatable="false" sap:updatable="false" sap:sortable="false" sap:filterable="false"/>
                <Property Name="Zzmattertype" Type="Edm.String" Nullable="false" MaxLength="2" sap:label="Matter Type" sap:creatable="false" sap:sortable="false" sap:filterable="false"/>
                <Property Name="Zzmattercatdesc" Type="Edm.String" Nullable="false" sap:label="ZZMATTERCATDESC" sap:creatable="false" sap:updatable="false" sap:sortable="false" sap:filterable="false"/>
                <Property Name="Zzmattercat" Type="Edm.String" Nullable="false" MaxLength="2" sap:label="Matter Category" sap:creatable="false" sap:sortable="false" sap:filterable="false"/>
                <Property Name="Zzmatrptgrpdesc" Type="Edm.String" Nullable="false" sap:label="ZZMATRPTGRPDESC" sap:creatable="false" sap:updatable="false" sap:sortable="false" sap:filterable="false"/>
                <Property Name="Zzmatrptgrp" Type="Edm.String" Nullable="false" MaxLength="24" sap:label="Matter Reporting Grp" sap:creatable="false" sap:updatable="false" sap:sortable="false" sap:filterable="false"/>
                <Property Name="Zzmatremitdesc" Type="Edm.String" Nullable="false" sap:label="ZZMATREMITDESC" sap:creatable="false" sap:updatable="false" sap:sortable="false" sap:filterable="false"/>
                <Property Name="Zzmatremit" Type="Edm.String" Nullable="false" MaxLength="1" sap:label="Remittance page" sap:creatable="false" sap:updatable="false" sap:sortable="false" sap:filterable="false"/>
                <Property Name="Zzmatpagenodesc" Type="Edm.String" Nullable="false" sap:label="ZZMATPAGENODESC" sap:creatable="false" sap:updatable="false" sap:sortable="false" sap:filterable="false"/>
                <Property Name="Zzmatpageno" Type="Edm.String" Nullable="false" MaxLength="1" sap:label="Turn Page No." sap:creatable="false" sap:updatable="false" sap:sortable="false" sap:filterable="false"/>
                <Property Name="Zzmanspdesc" Type="Edm.String" Nullable="false" sap:label="ZZMANSPDESC" sap:creatable="false" sap:updatable="false" sap:sortable="false" sap:filterable="false"/>
                <Property Name="Zzmansp" Type="Edm.String" Nullable="false" MaxLength="1" sap:label="Dunning Block" sap:creatable="false" sap:sortable="false" sap:filterable="false"/>
                <Property Name="Zzipsort5desc" Type="Edm.String" Nullable="false" sap:label="ZZIPSORT5DESC" sap:creatable="false" sap:updatable="false" sap:sortable="false" sap:filterable="false"/>
                <Property Name="Zzipsort5" Type="Edm.String" Nullable="false" MaxLength="10" sap:label="Sort field 5" sap:creatable="false" sap:updatable="false" sap:sortable="false" sap:filterable="false"/>
                <Property Name="Zzipsort4desc" Type="Edm.String" Nullable="false" sap:label="ZZIPSORT4DESC" sap:creatable="false" sap:updatable="false" sap:sortable="false" sap:filterable="false"/>
                <Property Name="Zzipsort4" Type="Edm.String" Nullable="false" MaxLength="10" sap:label="Sort field 4" sap:creatable="false" sap:updatable="false" sap:sortable="false" sap:filterable="false"/>
                <Property Name="Zzipsort3desc" Type="Edm.String" Nullable="false" sap:label="ZZIPSORT3DESC" sap:creatable="false" sap:updatable="false" sap:sortable="false" sap:filterable="false"/>
                <Property Name="Zzipsort3" Type="Edm.String" Nullable="false" MaxLength="10" sap:label="Sort field 3" sap:creatable="false" sap:updatable="false" sap:sortable="false" sap:filterable="false"/>
                <Property Name="Zzipsort2desc" Type="Edm.String" Nullable="false" sap:label="ZZIPSORT2DESC" sap:creatable="false" sap:updatable="false" sap:sortable="false" sap:filterable="false"/>
                <Property Name="Zzipsort2" Type="Edm.String" Nullable="false" MaxLength="10" sap:label="Sort field 2" sap:creatable="false" sap:updatable="false" sap:sortable="false" sap:filterable="false"/>
                <Property Name="Zzipsort1desc" Type="Edm.String" Nullable="false" sap:label="ZZIPSORT1DESC" sap:creatable="false" sap:updatable="false" sap:sortable="false" sap:filterable="false"/>
                <Property Name="Zzipsort1" Type="Edm.String" Nullable="false" MaxLength="10" sap:label="Sort field 1" sap:creatable="false" sap:updatable="false" sap:sortable="false" sap:filterable="false"/>
                <Property Name="Zziobdesc" Type="Edm.String" Nullable="false" sap:label="ZZIOBDESC" sap:creatable="false" sap:updatable="false" sap:sortable="false" sap:filterable="false"/>
                <Property Name="Zziob" Type="Edm.String" Nullable="false" MaxLength="1" sap:label="IOB Indicator" sap:creatable="false" sap:updatable="false" sap:sortable="false" sap:filterable="false"/>
                <Property Name="Zzintverdesc" Type="Edm.String" Nullable="false" sap:label="ZZINTVERDESC" sap:creatable="false" sap:updatable="false" sap:sortable="false" sap:filterable="false"/>
                <Property Name="Zzintver" Type="Edm.String" Nullable="false" MaxLength="1" sap:label="International Ver" sap:creatable="false" sap:sortable="false" sap:filterable="false"/>
                <Property Name="Zzgrpbilldesc" Type="Edm.String" Nullable="false" sap:label="ZZGRPBILLDESC" sap:creatable="false" sap:updatable="false" sap:sortable="false" sap:filterable="false"/>
                <Property Name="Zzgrpbill" Type="Edm.String" Nullable="false" MaxLength="24" sap:label="Group Billing ID" sap:creatable="false" sap:sortable="false" sap:filterable="false"/>
                <Property Name="Zzfnalformatdesc" Type="Edm.String" Nullable="false" sap:label="ZZFNALFORMATDESC" sap:creatable="false" sap:updatable="false" sap:sortable="false" sap:filterable="false"/>
                <Property Name="Zzfnalformat" Type="Edm.String" Nullable="false" MaxLength="4" sap:label="Final Bill format" sap:creatable="false" sap:sortable="false" sap:filterable="false"/>
                <Property Name="Zzfftcsetdesc" Type="Edm.String" Nullable="false" sap:label="ZZFFTCSETDESC" sap:creatable="false" sap:updatable="false" sap:sortable="false" sap:filterable="false"/>
                <Property Name="Zzfftcset" Type="Edm.String" Nullable="false" MaxLength="20" sap:label="Flat Fee Task Code" sap:creatable="false" sap:updatable="false" sap:sortable="false" sap:filterable="false"/>
                <Property Name="Zzexpcodesetdesc" Type="Edm.String" Nullable="false" sap:label="ZZEXPCODESETDESC" sap:creatable="false" sap:updatable="false" sap:sortable="false" sap:filterable="false"/>
                <Property Name="Zzexpcodeset" Type="Edm.String" Nullable="false" MaxLength="10" sap:label="Expense Code Set" sap:creatable="false" sap:sortable="false" sap:filterable="false"/>
                <Property Name="Zzenttypedesc" Type="Edm.String" Nullable="false" sap:label="ZZENTTYPEDESC" sap:creatable="false" sap:updatable="false" sap:sortable="false" sap:filterable="false"/>
                <Property Name="Zzenttype" Type="Edm.String" Nullable="false" MaxLength="2" sap:label="Entry Type" sap:creatable="false" sap:sortable="false" sap:filterable="false"/>
                <Property Name="Zzdrftformatdesc" Type="Edm.String" Nullable="false" sap:label="ZZDRFTFORMATDESC" sap:creatable="false" sap:updatable="false" sap:sortable="false" sap:filterable="false"/>
                <Property Name="Zzdrftformat" Type="Edm.String" Nullable="false" MaxLength="4" sap:label="Draft Bill format" sap:creatable="false" sap:sortable="false" sap:filterable="false"/>
                <Property Name="Zzcstdtsumrydesc" Type="Edm.String" Nullable="false" sap:label="ZZCSTDTSUMRYDESC" sap:creatable="false" sap:updatable="false" sap:sortable="false" sap:filterable="false"/>
                <Property Name="Zzcstdtsumry" Type="Edm.String" Nullable="false" MaxLength="1" sap:label="Cost Dtl and Summary" sap:creatable="false" sap:sortable="false" sap:filterable="false"/>
                <Property Name="Zzcompletion" Type="Edm.Decimal" Precision="5" Scale="2" sap:label="Percentage Complete" sap:creatable="false" sap:updatable="false" sap:sortable="false" sap:filterable="false"/>
                <Property Name="Zzcompldate" Type="Edm.DateTime" Precision="7" sap:label="Percentage Comp Date" sap:creatable="false" sap:updatable="false" sap:sortable="false" sap:filterable="false"/>
                <Property Name="Zzcolcodesc" Type="Edm.String" Nullable="false" sap:label="ZZCOLCODESC" sap:creatable="false" sap:updatable="false" sap:sortable="false" sap:filterable="false"/>
                <Property Name="Zzcolco" Type="Edm.String" Nullable="false" MaxLength="1" sap:label="Auth. for Collection" sap:creatable="false" sap:sortable="false" sap:filterable="false"/>
                <Property Name="Zzclcasenbrdesc" Type="Edm.String" Nullable="false" sap:label="ZZCLCASENBRDESC" sap:creatable="false" sap:updatable="false" sap:sortable="false" sap:filterable="false"/>
                <Property Name="Zzclcasenbr" Type="Edm.String" Nullable="false" MaxLength="40" sap:label="Client Case No." sap:creatable="false" sap:sortable="false" sap:filterable="false"/>
                <Property Name="Zzclcasenamedesc" Type="Edm.String" Nullable="false" sap:label="ZZCLCASENAMEDESC" sap:creatable="false" sap:updatable="false" sap:sortable="false" sap:filterable="false"/>
                <Property Name="Zzclcasename" Type="Edm.String" Nullable="false" MaxLength="120" sap:label="Client Case Name" sap:creatable="false" sap:sortable="false" sap:filterable="false"/>
                <Property Name="Zzcapcurr" Type="Edm.String" Nullable="false" MaxLength="5" sap:label="Currency" sap:creatable="false" sap:updatable="false" sap:sortable="false" sap:filterable="false" sap:semantics="currency-code"/>
                <Property Name="Zzcap" Type="Edm.Decimal" Precision="16" Scale="3" sap:unit="Zzmcurr" sap:label="Matter Cap Amount" sap:creatable="false" sap:sortable="false" sap:filterable="false"/>
                <Property Name="Zzbsprasdesc" Type="Edm.String" Nullable="false" sap:label="ZZBSPRASDESC" sap:creatable="false" sap:updatable="false" sap:sortable="false" sap:filterable="false"/>
                <Property Name="Zzbspras" Type="Edm.String" Nullable="false" MaxLength="2" sap:label="Billing Language" sap:creatable="false" sap:sortable="false" sap:filterable="false"/>
                <Property Name="Zzbillteamdesc" Type="Edm.String" Nullable="false" sap:label="ZZBILLTEAMDESC" sap:creatable="false" sap:updatable="false" sap:sortable="false" sap:filterable="false"/>
                <Property Name="Zzbillteam" Type="Edm.String" Nullable="false" MaxLength="3" sap:label="Billing Team" sap:creatable="false" sap:updatable="false" sap:sortable="false" sap:filterable="false"/>
                <Property Name="Zzbillmthddesc" Type="Edm.String" Nullable="false" sap:label="ZZBILLMTHDDESC" sap:creatable="false" sap:updatable="false" sap:sortable="false" sap:filterable="false"/>
                <Property Name="Zzbillmthd" Type="Edm.String" Nullable="false" MaxLength="2" sap:label="Billing Method" sap:creatable="false" sap:updatable="false" sap:sortable="false" sap:filterable="false"/>
                <Property Name="Zzbillinst" Type="Edm.String" Nullable="false" sap:label="Matter Billing Instruction" sap:creatable="false" sap:updatable="false" sap:sortable="false" sap:filterable="false"/>
                <Property Name="Zzbillfreqdesc" Type="Edm.String" Nullable="false" sap:label="ZZBILLFREQDESC" sap:creatable="false" sap:updatable="false" sap:sortable="false" sap:filterable="false"/>
                <Property Name="Zzbillfreq" Type="Edm.String" Nullable="false" MaxLength="2" sap:label="Billing Frequency" sap:creatable="false" sap:updatable="false" sap:sortable="false" sap:filterable="false"/>
                <Property Name="Zzaoldesc" Type="Edm.String" Nullable="false" sap:label="ZZAOLDESC" sap:creatable="false" sap:updatable="false" sap:sortable="false" sap:filterable="false"/>
                <Property Name="Zzaol" Type="Edm.String" Nullable="false" MaxLength="24" sap:label="Area of Law" sap:creatable="false" sap:sortable="false" sap:filterable="false"/>
                <Property Name="Zzactcodesetdesc" Type="Edm.String" Nullable="false" sap:label="ZZACTCODESETDESC" sap:creatable="false" sap:updatable="false" sap:sortable="false" sap:filterable="false"/>
                <Property Name="Zzactcodeset" Type="Edm.String" Nullable="false" MaxLength="20" sap:label="Activity Code Set" sap:creatable="false" sap:sortable="false" sap:filterable="false"/>
                <Property Name="ZzacsetValidfrom" Type="Edm.DateTime" Precision="7" sap:label="Date" sap:creatable="false" sap:updatable="false" sap:sortable="false" sap:filterable="false"/>
                <Property Name="Werksdesc" Type="Edm.String" Nullable="false" sap:label="Office Description" sap:creatable="false" sap:updatable="false" sap:sortable="false" sap:filterable="false"/>
                <Property Name="Werks" Type="Edm.String" Nullable="false" MaxLength="4" sap:label="Office" sap:creatable="false" sap:updatable="false" sap:sortable="false" sap:filterable="false"/>
                <Property Name="Vbukrdesc" Type="Edm.String" Nullable="false" sap:label="Company Code Description" sap:creatable="false" sap:sortable="false" sap:filterable="false"/>
                <Property Name="Vbukr" Type="Edm.String" Nullable="false" MaxLength="4" sap:label="Company code" sap:creatable="false" sap:updatable="false" sap:sortable="false" sap:filterable="false"/>
                <Property Name="Txjcddesc" Type="Edm.String" Nullable="false" sap:label="Tax Jurisdiction Code Description" sap:creatable="false" sap:updatable="false" sap:sortable="false" sap:filterable="false"/>
                <Property Name="Txjcd" Type="Edm.String" Nullable="false" MaxLength="15" sap:label="Tax Jurisdiction Code" sap:creatable="false" sap:updatable="false" sap:sortable="false" sap:filterable="false"/>
                <Property Name="Status" Type="Edm.String" Nullable="false" MaxLength="10" sap:label="Status" sap:creatable="false" sap:updatable="false" sap:sortable="false" sap:filterable="false"/>
                <Property Name="Pspid" Type="Edm.String" Nullable="false" MaxLength="24" sap:label="Matter" sap:creatable="false" sap:updatable="false" sap:sortable="false" sap:filterable="false"/>
                <Property Name="Post1" Type="Edm.String" Nullable="false" MaxLength="40" sap:label="Description" sap:creatable="false" sap:updatable="false" sap:sortable="false" sap:filterable="false"/>
                <Property Name="Auth" Type="Edm.String" MaxLength="1" sap:label="Authorization" sap:creatable="false" sap:updatable="false" sap:sortable="false" sap:filterable="false"/>
                <Property Name="Etag" Type="Edm.Binary" Nullable="false" ConcurrencyMode="Fixed" sap:label="Etag" sap:creatable="false" sap:updatable="false" sap:sortable="false" sap:filterable="false"/>
                <Property Name="Errormessage" Type="Edm.String" Nullable="false" sap:label="Message Type Indicat" sap:creatable="false" sap:updatable="false" sap:sortable="false" sap:filterable="false"/>
                <Property Name="Error" Type="Edm.String" Nullable="false" sap:label="Message Type Indicat" sap:creatable="false" sap:updatable="false" sap:sortable="false" sap:filterable="false"/>
                <Property Name="Ernam" Type="Edm.String" Nullable="false" MaxLength="12" sap:label="Created by" sap:creatable="false" sap:updatable="false" sap:sortable="false" sap:filterable="false"/>
                <Property Name="Erdat" Type="Edm.DateTime" Precision="7" sap:label="Created on" sap:creatable="false" sap:updatable="false" sap:sortable="false" sap:filterable="false"/>
                <Property Name="CheckNoLock" Type="Edm.String" MaxLength="1" sap:label="Etag" sap:creatable="false" sap:updatable="false" sap:sortable="false" sap:filterable="false"/>
                <Property Name="BillInstDate" Type="Edm.String" Nullable="false" sap:label="String" sap:creatable="false" sap:updatable="false" sap:sortable="false" sap:filterable="false"/>
                <Property Name="Aenam" Type="Edm.String" Nullable="false" MaxLength="12" sap:label="Changed by" sap:creatable="false" sap:updatable="false" sap:sortable="false" sap:filterable="false"/>
                <Property Name="Aedat" Type="Edm.DateTime" Precision="7" sap:label="Changed on" sap:creatable="false" sap:updatable="false" sap:sortable="false" sap:filterable="false"/>
                <NavigationProperty Name="MatterDet_MatterMPY" Relationship="ZPRS_MATTERS_SRV.MatterDet_MatterMPY" FromRole="FromRole_MatterDet_MatterMPY" ToRole="ToRole_MatterDet_MatterMPY"/>
                <NavigationProperty Name="MatterDet_MatterBp" Relationship="ZPRS_MATTERS_SRV.MatterDet_MatterBp" FromRole="FromRole_MatterDet_MatterBp" ToRole="ToRole_MatterDet_MatterBp"/>
            </EntityType>
            <EntityType Name="MatterPhase" sap:content-version="1">
                <Key>
                    <PropertyRef Name="Pspid"/>
                    <PropertyRef Name="Posid"/>
                </Key>
                <Property Name="Statusclr" Type="Edm.String" Nullable="false" sap:label="STATUSCLR" sap:creatable="false" sap:updatable="false" sap:sortable="false" sap:filterable="false"/>
                <Property Name="Pspid" Type="Edm.String" Nullable="false" MaxLength="24" sap:label="Project Def." sap:creatable="false" sap:updatable="false" sap:sortable="false" sap:filterable="false"/>
                <Property Name="Posid" Type="Edm.String" Nullable="false" MaxLength="24" sap:label="WBS Element" sap:creatable="false" sap:updatable="false" sap:sortable="false" sap:filterable="false"/>
                <Property Name="Post1" Type="Edm.String" Nullable="false" MaxLength="40" sap:label="Description" sap:creatable="false" sap:updatable="false" sap:sortable="false" sap:filterable="false"/>
                <Property Name="Status" Type="Edm.String" Nullable="false" MaxLength="10" sap:label="Character Field Length = 10" sap:creatable="false" sap:updatable="false" sap:sortable="false" sap:filterable="false"/>
            </EntityType>
            <EntityType Name="MatterBP" sap:content-version="1">
                <Key>
                    <PropertyRef Name="Pspid"/>
                </Key>
                <Property Name="Pspid" Type="Edm.String" Nullable="false" MaxLength="24" sap:label="Project Def." sap:creatable="false" sap:updatable="false" sap:sortable="false" sap:filterable="false"/>
                <Property Name="Parvw" Type="Edm.String" Nullable="false" MaxLength="2" sap:label="Partner Functn" sap:creatable="false" sap:updatable="false" sap:sortable="false" sap:filterable="false"/>
                <Property Name="ParnrOld" Type="Edm.String" Nullable="false" MaxLength="12" sap:label="Partner" sap:creatable="false" sap:updatable="false" sap:sortable="false" sap:filterable="false"/>
                <Property Name="ParnrNew" Type="Edm.String" Nullable="false" MaxLength="12" sap:label="Partner" sap:creatable="false" sap:updatable="false" sap:sortable="false" sap:filterable="false"/>
                <Property Name="Parvwdesc" Type="Edm.String" Nullable="false" MaxLength="20" sap:label="Name" sap:creatable="false" sap:updatable="false" sap:sortable="false" sap:filterable="false"/>
                <Property Name="Counter" Type="Edm.String" Nullable="false" MaxLength="6" sap:label="Counter" sap:creatable="false" sap:updatable="false" sap:sortable="false" sap:filterable="false"/>
                <Property Name="Update" Type="Edm.String" Nullable="false" MaxLength="1" sap:label="Char01" sap:creatable="false" sap:updatable="false" sap:sortable="false" sap:filterable="false"/>
                <Property Name="Name1" Type="Edm.String" Nullable="false" MaxLength="40" sap:label="Name" sap:creatable="false" sap:updatable="false" sap:sortable="false" sap:filterable="false"/>
                <Property Name="Zzlink" Type="Edm.String" Nullable="false" sap:label="Link to Client TK" sap:creatable="false" sap:updatable="false" sap:sortable="false" sap:filterable="false"/>
                <Property Name="Addrln" Type="Edm.String" Nullable="false" sap:label="Address Line" sap:creatable="false" sap:updatable="false" sap:sortable="false" sap:filterable="false"/>
                <Property Name="IsEditable" Type="Edm.String" Nullable="false" sap:label="IS_EDITABLE" sap:creatable="false" sap:updatable="false" sap:sortable="false" sap:filterable="false"/>
                <Property Name="Error" Type="Edm.String" Nullable="false" sap:label="Message Type Indicat" sap:creatable="false" sap:updatable="false" sap:sortable="false" sap:filterable="false"/>
                <Property Name="Errormessage" Type="Edm.String" Nullable="false" sap:label="Message Type Indicat" sap:creatable="false" sap:updatable="false" sap:sortable="false" sap:filterable="false"/>
            </EntityType>
            <EntityType Name="MatterMPY" sap:content-version="1">
                <Key>
                    <PropertyRef Name="Pspid"/>
                </Key>
                <Property Name="Pspid" Type="Edm.String" Nullable="false" MaxLength="24" sap:label="Project Def." sap:creatable="false" sap:updatable="false" sap:sortable="false" sap:filterable="false"/>
                <Property Name="Update" Type="Edm.String" Nullable="false" MaxLength="1" sap:label="Char01" sap:creatable="false" sap:updatable="false" sap:sortable="false" sap:filterable="false"/>
                <Property Name="Error" Type="Edm.String" Nullable="false" sap:label="Message Type Indicat" sap:creatable="false" sap:updatable="false" sap:sortable="false" sap:filterable="false"/>
                <Property Name="Payer_old" Type="Edm.String" Nullable="false" MaxLength="10" sap:label="Payer Old" sap:creatable="false" sap:updatable="false" sap:sortable="false" sap:filterable="false"/>
                <Property Name="Payer_new" Type="Edm.String" Nullable="false" MaxLength="10" sap:label="Payer New" sap:creatable="false" sap:updatable="false" sap:sortable="false" sap:filterable="false"/>
                <Property Name="Errormessage" Type="Edm.String" Nullable="false" sap:label="Message Type Indicat" sap:creatable="false" sap:updatable="false" sap:sortable="false" sap:filterable="false"/>
                <Property Name="Perc" Type="Edm.Decimal" Nullable="false" Precision="8" Scale="2" sap:label="Payer Percentage" sap:creatable="false" sap:updatable="false" sap:sortable="false" sap:filterable="false"/>
                <Property Name="Name1" Type="Edm.String" Nullable="false" MaxLength="40" sap:label="Name" sap:creatable="false" sap:updatable="false" sap:sortable="false" sap:filterable="false"/>
                <Property Name="Addrln" Type="Edm.String" Nullable="false" sap:label="Address Line 1" sap:creatable="false" sap:updatable="false" sap:sortable="false" sap:filterable="false"/>
            </EntityType>
            <EntityType Name="PlaceLock" sap:content-version="1">
                <Key>
                    <PropertyRef Name="Pspid"/>
                </Key>
                <Property Name="Pspid" Type="Edm.String" Nullable="false" sap:creatable="false" sap:sortable="false" sap:filterable="false"/>
            </EntityType>
            <EntityType Name="MAllocHist" sap:content-version="1">
                <Key>
                    <PropertyRef Name="Pspid"/>
                    <PropertyRef Name="Parvw"/>
                    <PropertyRef Name="Pernr"/>
                </Key>
                <Property Name="PernrOffice" Type="Edm.String" Nullable="false" sap:label="String" sap:creatable="false" sap:updatable="false" sap:sortable="false" sap:filterable="false"/>
                <Property Name="Pspid" Type="Edm.String" Nullable="false" MaxLength="24" sap:label="Project Def." sap:creatable="false" sap:updatable="false" sap:sortable="false" sap:filterable="false"/>
                <Property Name="Parvw" Type="Edm.String" Nullable="false" MaxLength="2" sap:label="Partner Functn" sap:creatable="false" sap:updatable="false" sap:sortable="false" sap:filterable="false"/>
                <Property Name="Vtext" Type="Edm.String" Nullable="false" MaxLength="20" sap:label="Name" sap:creatable="false" sap:updatable="false" sap:sortable="false" sap:filterable="false"/>
                <Property Name="Pernr" Type="Edm.String" Nullable="false" MaxLength="8" sap:label="Personnel no." sap:creatable="false" sap:updatable="false" sap:sortable="false" sap:filterable="false"/>
                <Property Name="Cname" Type="Edm.String" Nullable="false" MaxLength="80" sap:label="Full Name" sap:creatable="false" sap:updatable="false" sap:sortable="false" sap:filterable="false"/>
                <Property Name="Begda" Type="Edm.DateTimeOffset" Nullable="false" Precision="7" sap:label="Start Date" sap:creatable="false" sap:updatable="false" sap:sortable="false" sap:filterable="false"/>
                <Property Name="Endda" Type="Edm.DateTimeOffset" Nullable="false" Precision="7" sap:label="End Date" sap:creatable="false" sap:updatable="false" sap:sortable="false" sap:filterable="false"/>
                <Property Name="Zzpercnt" Type="Edm.Decimal" Nullable="false" Precision="4" Scale="2" sap:label="Percnt. share" sap:creatable="false" sap:updatable="false" sap:sortable="false" sap:filterable="false"/>
                <Property Name="Error" Type="Edm.String" Nullable="false" sap:label="Message Type Indicat" sap:creatable="false" sap:updatable="false" sap:sortable="false" sap:filterable="false"/>
                <Property Name="Errormessage" Type="Edm.String" Nullable="false" sap:label="Message Type Indicat" sap:creatable="false" sap:updatable="false" sap:sortable="false" sap:filterable="false"/>
            </EntityType>
            <Association Name="MatterToMAllocHist" sap:content-version="1">
                <End Type="ZPRS_MATTERS_SRV.Matter" Multiplicity="1" Role="FromRole_MatterToMAllocHist"/>
                <End Type="ZPRS_MATTERS_SRV.MAllocHist" Multiplicity="*" Role="ToRole_MatterToMAllocHist"/>
                <ReferentialConstraint>
                    <Principal Role="FromRole_MatterToMAllocHist">
                        <PropertyRef Name="Pspid"/>
                    </Principal>
                    <Dependent Role="ToRole_MatterToMAllocHist">
                        <PropertyRef Name="Pspid"/>
                    </Dependent>
                </ReferentialConstraint>
            </Association>
            <Association Name="MatterToMatterDetail" sap:content-version="1">
                <End Type="ZPRS_MATTERS_SRV.Matter" Multiplicity="1" Role="FromRole_MatterToMatterDetail"/>
                <End Type="ZPRS_MATTERS_SRV.MatterDetail" Multiplicity="1" Role="ToRole_MatterToMatterDetail"/>
                <ReferentialConstraint>
                    <Principal Role="FromRole_MatterToMatterDetail">
                        <PropertyRef Name="Pspid"/>
                    </Principal>
                    <Dependent Role="ToRole_MatterToMatterDetail">
                        <PropertyRef Name="Pspid"/>
                    </Dependent>
                </ReferentialConstraint>
            </Association>
            <Association Name="MatterToMatterPhase" sap:content-version="1">
                <End Type="ZPRS_MATTERS_SRV.Matter" Multiplicity="1" Role="FromRole_MatterToMatterPhase"/>
                <End Type="ZPRS_MATTERS_SRV.MatterPhase" Multiplicity="*" Role="ToRole_MatterToMatterPhase"/>
                <ReferentialConstraint>
                    <Principal Role="FromRole_MatterToMatterPhase">
                        <PropertyRef Name="Pspid"/>
                    </Principal>
                    <Dependent Role="ToRole_MatterToMatterPhase">
                        <PropertyRef Name="Pspid"/>
                    </Dependent>
                </ReferentialConstraint>
            </Association>
            <Association Name="MatterToMatterBP" sap:content-version="1">
                <End Type="ZPRS_MATTERS_SRV.Matter" Multiplicity="1" Role="FromRole_MatterToMatterBP"/>
                <End Type="ZPRS_MATTERS_SRV.MatterBP" Multiplicity="*" Role="ToRole_MatterToMatterBP"/>
                <ReferentialConstraint>
                    <Principal Role="FromRole_MatterToMatterBP">
                        <PropertyRef Name="Pspid"/>
                    </Principal>
                    <Dependent Role="ToRole_MatterToMatterBP">
                        <PropertyRef Name="Pspid"/>
                    </Dependent>
                </ReferentialConstraint>
            </Association>
            <Association Name="MatterToMatterMBP" sap:content-version="1">
                <End Type="ZPRS_MATTERS_SRV.Matter" Multiplicity="1" Role="FromRole_MatterToMatterMBP"/>
                <End Type="ZPRS_MATTERS_SRV.MatterMPY" Multiplicity="*" Role="ToRole_MatterToMatterMBP"/>
                <ReferentialConstraint>
                    <Principal Role="FromRole_MatterToMatterMBP">
                        <PropertyRef Name="Pspid"/>
                    </Principal>
                    <Dependent Role="ToRole_MatterToMatterMBP">
                        <PropertyRef Name="Pspid"/>
                    </Dependent>
                </ReferentialConstraint>
            </Association>
            <Association Name="MatterToMAllocation" sap:content-version="1">
                <End Type="ZPRS_MATTERS_SRV.Matter" Multiplicity="1" Role="FromRole_MatterToMAllocation"/>
                <End Type="ZPRS_MATTERS_SRV.MAllocation" Multiplicity="*" Role="ToRole_MatterToMAllocation"/>
                <ReferentialConstraint>
                    <Principal Role="FromRole_MatterToMAllocation">
                        <PropertyRef Name="Pspid"/>
                    </Principal>
                    <Dependent Role="ToRole_MatterToMAllocation">
                        <PropertyRef Name="Pspid"/>
                    </Dependent>
                </ReferentialConstraint>
            </Association>
            <Association Name="MatterDet_MatterBp" sap:content-version="1">
                <End Type="ZPRS_MATTERS_SRV.MatterDetail" Multiplicity="0..1" Role="FromRole_MatterDet_MatterBp"/>
                <End Type="ZPRS_MATTERS_SRV.MatterBP" Multiplicity="*" Role="ToRole_MatterDet_MatterBp"/>
            </Association>
            <Association Name="MatterDet_MatterMPY" sap:content-version="1">
                <End Type="ZPRS_MATTERS_SRV.MatterDetail" Multiplicity="0..1" Role="FromRole_MatterDet_MatterMPY"/>
                <End Type="ZPRS_MATTERS_SRV.MatterMPY" Multiplicity="*" Role="ToRole_MatterDet_MatterMPY"/>
            </Association>
            <EntityContainer Name="ZPRS_MATTERS_SRV_Entities" m:IsDefaultEntityContainer="true" sap:supported-formats="atom json xlsx">
                <EntitySet Name="MAllocationSet" EntityType="ZPRS_MATTERS_SRV.MAllocation" sap:creatable="false" sap:updatable="false" sap:deletable="false" sap:pageable="false" sap:content-version="1"/>
                <EntitySet Name="MatterSet" EntityType="ZPRS_MATTERS_SRV.Matter" sap:creatable="false" sap:updatable="false" sap:deletable="false" sap:pageable="false" sap:content-version="1"/>
                <EntitySet Name="MatterDetailSet" EntityType="ZPRS_MATTERS_SRV.MatterDetail" sap:creatable="false" sap:updatable="false" sap:deletable="false" sap:pageable="false" sap:content-version="1"/>
                <EntitySet Name="MatterPhaseSet" EntityType="ZPRS_MATTERS_SRV.MatterPhase" sap:creatable="false" sap:updatable="false" sap:deletable="false" sap:pageable="false" sap:content-version="1"/>
                <EntitySet Name="MatterBPSet" EntityType="ZPRS_MATTERS_SRV.MatterBP" sap:creatable="false" sap:updatable="false" sap:deletable="false" sap:pageable="false" sap:content-version="1"/>
                <EntitySet Name="MatterMPYSet" EntityType="ZPRS_MATTERS_SRV.MatterMPY" sap:creatable="false" sap:updatable="false" sap:deletable="false" sap:pageable="false" sap:content-version="1"/>
                <EntitySet Name="PlaceLockSet" EntityType="ZPRS_MATTERS_SRV.PlaceLock" sap:creatable="false" sap:updatable="false" sap:deletable="false" sap:pageable="false" sap:content-version="1"/>
                <EntitySet Name="MAllocHistSet" EntityType="ZPRS_MATTERS_SRV.MAllocHist" sap:creatable="false" sap:updatable="false" sap:deletable="false" sap:pageable="false" sap:content-version="1"/>
                <AssociationSet Name="MatterToMatterDetailSet" Association="ZPRS_MATTERS_SRV.MatterToMatterDetail" sap:creatable="false" sap:updatable="false" sap:deletable="false" sap:content-version="1">
                    <End EntitySet="MatterSet" Role="FromRole_MatterToMatterDetail"/>
                    <End EntitySet="MatterDetailSet" Role="ToRole_MatterToMatterDetail"/>
                </AssociationSet>
                <AssociationSet Name="MatterDet_MatterMPYSet" Association="ZPRS_MATTERS_SRV.MatterDet_MatterMPY" sap:creatable="false" sap:updatable="false" sap:deletable="false" sap:content-version="1">
                    <End EntitySet="MatterDetailSet" Role="FromRole_MatterDet_MatterMPY"/>
                    <End EntitySet="MatterMPYSet" Role="ToRole_MatterDet_MatterMPY"/>
                </AssociationSet>
                <AssociationSet Name="MatterToMatterBPSet" Association="ZPRS_MATTERS_SRV.MatterToMatterBP" sap:creatable="false" sap:updatable="false" sap:deletable="false" sap:content-version="1">
                    <End EntitySet="MatterSet" Role="FromRole_MatterToMatterBP"/>
                    <End EntitySet="MatterBPSet" Role="ToRole_MatterToMatterBP"/>
                </AssociationSet>
                <AssociationSet Name="MatterToMAllocHistSet" Association="ZPRS_MATTERS_SRV.MatterToMAllocHist" sap:creatable="false" sap:updatable="false" sap:deletable="false" sap:content-version="1">
                    <End EntitySet="MatterSet" Role="FromRole_MatterToMAllocHist"/>
                    <End EntitySet="MAllocHistSet" Role="ToRole_MatterToMAllocHist"/>
                </AssociationSet>
                <AssociationSet Name="MatterDet_MatterBpSet" Association="ZPRS_MATTERS_SRV.MatterDet_MatterBp" sap:creatable="false" sap:updatable="false" sap:deletable="false" sap:content-version="1">
                    <End EntitySet="MatterDetailSet" Role="FromRole_MatterDet_MatterBp"/>
                    <End EntitySet="MatterBPSet" Role="ToRole_MatterDet_MatterBp"/>
                </AssociationSet>
                <AssociationSet Name="MatterToMAllocationSet" Association="ZPRS_MATTERS_SRV.MatterToMAllocation" sap:creatable="false" sap:updatable="false" sap:deletable="false" sap:content-version="1">
                    <End EntitySet="MatterSet" Role="FromRole_MatterToMAllocation"/>
                    <End EntitySet="MAllocationSet" Role="ToRole_MatterToMAllocation"/>
                </AssociationSet>
                <AssociationSet Name="MatterToMatterMBPSet" Association="ZPRS_MATTERS_SRV.MatterToMatterMBP" sap:creatable="false" sap:updatable="false" sap:deletable="false" sap:content-version="1">
                    <End EntitySet="MatterSet" Role="FromRole_MatterToMatterMBP"/>
                    <End EntitySet="MatterMPYSet" Role="ToRole_MatterToMatterMBP"/>
                </AssociationSet>
                <AssociationSet Name="MatterToMatterPhaseSet" Association="ZPRS_MATTERS_SRV.MatterToMatterPhase" sap:creatable="false" sap:updatable="false" sap:deletable="false" sap:content-version="1">
                    <End EntitySet="MatterSet" Role="FromRole_MatterToMatterPhase"/>
                    <End EntitySet="MatterPhaseSet" Role="ToRole_MatterToMatterPhase"/>
                </AssociationSet>
                <FunctionImport Name="UpdateMPY" ReturnType="Collection(ZPRS_MATTERS_SRV.MatterMPY)" EntitySet="MatterMPYSet" m:HttpMethod="GET">
                    <Parameter Name="Parnr" Type="Edm.String" Mode="In"/>
                    <Parameter Name="Update" Type="Edm.String" Mode="In"/>
                    <Parameter Name="Percent" Type="Edm.String" Mode="In"/>
                    <Parameter Name="Pspid" Type="Edm.String" Mode="In"/>
                </FunctionImport>
                <FunctionImport Name="UpdateBP" ReturnType="Collection(ZPRS_MATTERS_SRV.MatterBP)" EntitySet="MatterBPSet" m:HttpMethod="GET">
                    <Parameter Name="Parnr" Type="Edm.String" Mode="In"/>
                    <Parameter Name="Parvw" Type="Edm.String" Mode="In"/>
                    <Parameter Name="Update" Type="Edm.String" Mode="In"/>
                    <Parameter Name="Pspid" Type="Edm.String" Mode="In"/>
                </FunctionImport>
            </EntityContainer>
            <atom:link rel="self" href="./sap/ZPRS_MATTERS_SRV/$metadata"
                xmlns:atom="http://www.w3.org/2005/Atom"/>
                <atom:link rel="latest-version" href="./sap/ZPRS_MATTERS_SRV/$metadata"
                    xmlns:atom="http://www.w3.org/2005/Atom"/>
                </Schema>
            </edmx:DataServices>
        </edmx:Edmx>