{
  "Component.js": "1467221273000",
  "MyRouter.js": "1467192259000",
  "index.html": "1467192259000",
  "localIndex.html": "1467192259000",
  "css/style.css": "1467192259000",
  "formatters/formatter.js": "1467192259000",
  "i18n/messageBundle.properties": "1467192259000",
  "model/metadata.xml": "1467192259000",
  "view/App.controller.js": "1467192259000",
  "view/App.view.xml": "1467192259000",
  "view/Detail.view.xml": "1467192560000",
  "view/Master.controller.js": "1467192259000",
  "view/Detail.controller.js": "1467193240000",
  "view/Master.view.xml": "1467192259000",
  "view/NotFound.controller.js": "1467192259000",
  "view/NotFound.view.xml": "1467192259000",
  "fragments/display/BC.fragment.xml": "1467192259000",
  "fragments/display/CA.fragment.xml": "1467192259000",
  "fragments/display/CS.fragment.xml": "1467192259000",
  "fragments/display/GD.fragment.xml": "1467192259000",
  "fragments/display/IA.fragment.xml": "1467192259000",
  "fragments/display/LE.fragment.xml": "1467192259000",
  "fragments/display/LE/CD.fragment.xml": "1467192259000",
  "fragments/display/LE/PD.fragment.xml": "1467192259000",
  "fragments/display/LE/WD.fragment.xml": "1467192259000",
  "fragments/change/CS.fragment.xml": "1467192259000",
  "fragments/change/BC.fragment.xml": "1467192259000",
  "fragments/change/CA.fragment.xml": "1467192259000",
  "fragments/change/GD.fragment.xml": "1467192259000",
  "fragments/change/IA.fragment.xml": "1467192259000",
  "fragments/change/LE/CD.fragment.xml": "1467192259000",
  "fragments/change/LE/PD.fragment.xml": "1467192259000",
  "fragments/change/LE/WD.fragment.xml": "1467192259000",
  "fragments/change/dialogSearch/ChgBPBP.fragment.xml": "1467192259000",
  "fragments/change/dialogSearch/ChgCDAS.fragment.xml": "1467192259000",
  "fragments/change/dialogSearch/ChgCDDA.fragment.xml": "1467192259000",
  "fragments/change/dialogSearch/ChgCDDB.fragment.xml": "1467192259000",
  "fragments/change/dialogSearch/ChgCDDP.fragment.xml": "1467192259000",
  "fragments/change/dialogSearch/ChgCDDR.fragment.xml": "1467192259000",
  "fragments/change/dialogSearch/ChgCDPG.fragment.xml": "1467192259000",
  "fragments/change/dialogSearch/ChgCDPM.fragment.xml": "1467192259000",
  "fragments/change/dialogSearch/ChgCDPT.fragment.xml": "1467192259000",
  "fragments/change/dialogSearch/ChgCDTG.fragment.xml": "1467192259000",
  "fragments/change/dialogSearch/ChgCPCG.fragment.xml": "1467192259000",
  "fragments/change/dialogSearch/ChgCPCGD.fragment.xml": "1467192259000",
  "fragments/change/dialogSearch/ChgCPCS.fragment.xml": "1467192259000",
  "fragments/change/dialogSearch/ChgCPCSD.fragment.xml": "1467192259000",
  "fragments/change/dialogSearch/ChgGDECS.fragment.xml": "1467192259000",
  "fragments/change/dialogSearch/ChgGDL.fragment.xml": "1467192259000",
  "fragments/change/dialogSearch/ChgGDTJ.fragment.xml": "1467192259000",
  "fragments/change/dialogSearch/ChgWDTY.fragment.xml": "1467192259000",
  "fragments/change/dialogSearch/ChgWDCD.fragment.xml": "1467192259000"
}