<!--

    Copyright (C) 2009-2014 SAP SE or an SAP affiliate company. All rights reserved

-->
<Dialog title="{i18n>PRODUCT_CATALOG}" xmlns="sap.m"  contentHeight="640px">
     <subHeader>
			<Bar>
				<contentLeft>
					<SearchField  search="filterProducts"
						placeholder="{i18n>SEARCH}"></SearchField>
				</contentLeft>
			</Bar>

		</subHeader>
            <content>
               
                 <List id="productList" noDataText="{i18n>NO_PRODUCTS}" items="{json>/Products}" mode="MultiSelect" growing="true" selectionChange="enableProductsAddButton">
                    <ObjectListItem id="productListItem" title="{json>ProductDescription}">
                       <attributes>
                           <ObjectAttribute text="{json>CategoryDescription}">
                           </ObjectAttribute>
                        </attributes>
                    </ObjectListItem>
                  
                 </List>
            </content>
           <beginButton>
              <Button text="{i18n>ADD}" press="addProductsToBasket">
              </Button>
           </beginButton>
            <endButton>
             <Button text="{i18n>CANCEL}" press="closeProductDialog">
             </Button>
           </endButton> 
        </Dialog>
