<!--

    Copyright (C) 2009-2014 SAP SE or an SAP affiliate company. All rights reserved

-->
<Dialog id="dialogContactF4"  xmlns="sap.m"  title="{i18n>SELECT_CONTACT}" contentWidth="480px" contentHeight="720px">
          <subHeader>
            <Bar>
               <contentLeft>
           <SearchField placeholder="{i18n>SEARCH_CONTACTS}" search="searchContact" liveChange="searchContact"></SearchField>
              </contentLeft>
           </Bar>
           </subHeader>
           <content>
              <List id="contactList" noDataText="{i18n>NO_CONTACTS}" mode="SingleSelectMaster"  items="{json>/ContactCollection}"  selectionChange="setContact" growing="true" >
                  <items>
                     <ObjectListItem 
			title="{parts : ['json>fullName','json>contactID'],formatter : 'cus.crm.lead.util.formatter.formatDescription'}" >
			<attributes>
				<ObjectAttribute text="{json>company}">
				</ObjectAttribute>
				<ObjectAttribute text="{json>function}">
				</ObjectAttribute>
			</attributes>
		</ObjectListItem>
                  </items>
                    <infoToolbar>
                    <Toolbar id="contactF4Toolbar" active="false">
          <content>
                   <Label id="filterByLabel"  text=""></Label>
                   <ToolbarSpacer ></ToolbarSpacer>
                   <Button id="XButton" type="Transparent"  icon="sap-icon://sys-cancel-2" press="closeToolbar"></Button>
              
          </content>
        </Toolbar>
                  </infoToolbar>  
              </List>
          </content>
          <beginButton>
              <Button text="{i18n>CANCEL}" press="closeContactF4" >
              </Button>
           </beginButton>
        </Dialog>
