<!--

    Copyright (C) 2009-2014 SAP SE or an SAP affiliate company. All rights reserved

-->
<Dialog id="dialogParticipantsF4" xmlns="sap.m" xmlns:core="sap.ui.core"
	title="{i18n>ADD_PARTICIPANTS}" contentWidth="480px" contentHeight="720px">
	<Select id="selectParticipants" items="{json>/PartnerFunctions}" autoAdjustWidth="false" width='100%' >
		<items>
				<core:Item text="{json>PartnerFunctionName}" key="{json>PartnerFunctionCategory}"> </core:Item >
		</items>
	</Select>
	<SearchField 
		search="searchParticipants" liveChange="searchEmployee"></SearchField>
	<content>
		<List id="participantsList"  mode="MultiSelect"
		 selectionChange="checkMinMaxRules"
			growing="true">
	   </List>
	</content>
	<beginButton>
		<Button text="{i18n>ADD}" press="addParticipants">
		</Button>
	</beginButton>
	<endButton>
		<Button text="{i18n>CANCEL}" press="closeParticipantsF4">
		</Button>
	</endButton>
</Dialog>
