<core:FragmentDefinition xmlns:core="sap.ui.core" xmlns:smartForm="sap.ui.comp.smartform" xmlns:smartField="sap.ui.comp.smartfield"
	xmlns="sap.m">
	<VBox width="100%" class="sapUiResponsiveContentPadding">
		<Table id="idConsultants" inset="false" >
			<headerToolbar>
				<OverflowToolbar>
					<Title text="Consultants and Contacts" level="H2"/>
					<ToolbarSpacer/>
					<Button tooltip="Add Row" icon="sap-icon://add" press="handleSortButtonPressed"/>
					<Button tooltip="Delete Row" icon="sap-icon://delete" press="handleFilterButtonPressed"/>
				</OverflowToolbar>
			</headerToolbar>
			<columns>
				<Column width="12em">
					<Text text="Role"/>
				</Column>
				<Column minScreenWidth="Tablet" demandPopin="true">
					<Text text="Company"/>
				</Column>
				<Column minScreenWidth="Desktop" demandPopin="true" hAlign="End">
					<Text text="Name"/>
				</Column>
				<Column hAlign="Center">
					<Text text="Phone"/>
				</Column>
				<Column minScreenWidth="Phone" demandPopin="true" hAlign="Center">
					<Text text="Email"/>
				</Column>
				<Column minScreenWidth="Phone" demandPopin="true" hAlign="Center">
					<Text text="Vendor Level"/>
				</Column>
			</columns>
			<items>
				<ColumnListItem>
					<cells>
						<Text text="{ProductID}"/>
						<Text text="{Name}"/>
						<Text text="{ProductID}"/>
						<Text text="{Name}"/>
						<Text text="{ProductID}"/>
						<Text text="{Name}"/>
					</cells>
				</ColumnListItem>
			</items>
		</Table>
	</VBox>
</core:FragmentDefinition>