<core:FragmentDefinition xmlns:core="sap.ui.core" xmlns:smartForm="sap.ui.comp.smartform" xmlns:smartField="sap.ui.comp.smartfield"
	xmlns="sap.m" xmlns:app="http://schemas.sap.com/sapui5/extension/sap.ui.core.CustomData/1">
	<VBox width="100%" class="sapUiResponsiveContentPadding">
		<smartForm:SmartForm id="idSmartFormDelineation" title="Delineation" editTogglable="true" entityType="Product"
			class="sapUiResponsiveContentPadding">
			<smartForm:customData>
				<core:CustomData key="dateFormatSettings" value='\{"UTC":true,"style":"long"\}'/>
			</smartForm:customData>
			<smartForm:Group >
				<smartForm:GroupElement label="Receptor Description">
					<smartField:SmartField value="{ProductID}"/>
				</smartForm:GroupElement>
				<smartForm:GroupElement label="Soil Impact Offsite">
					<smartField:SmartField value="{Name}"/>
				</smartForm:GroupElement>
			</smartForm:Group>
			<smartForm:Group >
				<smartForm:GroupElement label="Soil Delineated">
					<smartField:SmartField value="{ProductID}"/>
				</smartForm:GroupElement>
				<smartForm:GroupElement label="Sensitive Receptor">
					<smartField:SmartField value="{Name}"/>
				</smartForm:GroupElement>
			</smartForm:Group>
		</smartForm:SmartForm>
		<Table id="idDelineation" inset="false">
			<headerToolbar>
				<OverflowToolbar>
					<Title text="Delineation Receptors" level="H2"/>
					<ToolbarSpacer/>
					<Button tooltip="Add Row" icon="sap-icon://add" press="handleSortButtonPressed"/>
					<Button tooltip="Delete Row" icon="sap-icon://delete" press="handleFilterButtonPressed"/>
				</OverflowToolbar>
			</headerToolbar>
			<columns>
				<Column width="12em">
					<Text text="Survey"/>
				</Column>
				<Column minScreenWidth="Tablet" demandPopin="true">
					<Text text="Distance"/>
				</Column>
				<Column minScreenWidth="Desktop" demandPopin="true" hAlign="End">
					<Text text="Direction"/>
				</Column>
				<Column minScreenWidth="Desktop" demandPopin="true" hAlign="Center">
					<Text text="Depth"/>
				</Column>
			</columns>
			<items>
				<ColumnListItem>
					<cells>
						<Text text="{ProductID}"/>
						<Text text="{Name}"/>
						<Text text="{ProductID}"/>
						<Text text="{Name}"/>
					</cells>
				</ColumnListItem>
			</items>
		</Table>
		<smartForm:SmartForm id="idSmartFormDelineation1" editTogglable="true" entityType="Product" class="sapUiResponsiveContentPadding">
			<smartForm:Group >
				<smartForm:GroupElement label="Receptor Survey Notes">
					<smartField:SmartField value="{Name}" app:multiLineSettings="{cols: 50, rows: 4}"/>
				</smartForm:GroupElement>
			</smartForm:Group>
		</smartForm:SmartForm>
	</VBox>
</core:FragmentDefinition>