<core:FragmentDefinition xmlns:core="sap.ui.core" xmlns:smartForm="sap.ui.comp.smartform" xmlns:smartField="sap.ui.comp.smartfield"
	xmlns="sap.m" xmlns:app="http://schemas.sap.com/sapui5/extension/sap.ui.core.CustomData/1" >
	<VBox width="100%" class="sapUiResponsiveContentPadding">
		<smartForm:SmartForm id="idSmartFormFinance" title="Finance" editTogglable="true" entityType="Product"
			class="sapUiResponsiveContentPadding">
			<smartForm:customData>
				<core:CustomData key="dateFormatSettings" value='\{"UTC":true,"style":"long"\}'/>
			</smartForm:customData>
			<smartForm:Group >
				<smartForm:GroupElement label="US Portfolio">
					<smartField:SmartField value="{ProductID}"/>
				</smartForm:GroupElement>
				<smartForm:GroupElement label="Liability Date">
					<smartField:SmartField value="{Name}"/>
				</smartForm:GroupElement>
				<smartForm:GroupElement label="Liability Transfer To">
					<smartField:SmartField value=""/>
				</smartForm:GroupElement>
				<smartForm:GroupElement label="Rent Expense">
					<smartField:SmartField value=""/>
				</smartForm:GroupElement>
				<smartForm:GroupElement label="Utilities">
					<smartField:SmartField value=""/>
				</smartForm:GroupElement>
				<smartForm:GroupElement label="Property Tax">
					<smartField:SmartField value=""/>
				</smartForm:GroupElement>
			</smartForm:Group>
			<smartForm:Group >
				<smartForm:GroupElement label="Controlling Area">
					<smartField:SmartField value="{ProductID}"/>
				</smartForm:GroupElement>
				<smartForm:GroupElement label="Payment Company Code">
					<smartField:SmartField value="{Name}"/>
				</smartForm:GroupElement>
				<smartForm:GroupElement label="Liability Company Code">
					<smartField:SmartField value="{Price}"/>
				</smartForm:GroupElement>
				<smartForm:GroupElement label="Liability Cost Center">
					<smartField:SmartField value="{ProductID}"/>
				</smartForm:GroupElement>
				<smartForm:GroupElement label="Expense Company Code">
					<smartField:SmartField value="{Name}"/>
				</smartForm:GroupElement>
				<smartForm:GroupElement label="Expense Cost Center">
					<smartField:SmartField value="{Name}"/>
				</smartForm:GroupElement>
				<smartForm:GroupElement label="Currency">
					<smartField:SmartField value="{Name}"/>
				</smartForm:GroupElement>
			</smartForm:Group>
			</smartForm:SmartForm>
			<smartForm:SmartForm id="idSmartFormFinance1" editTogglable="true" entityType="Product"
			class="sapUiResponsiveContentPadding">
			<smartForm:Group >
			<smartForm:GroupElement label="Reimbusments Comments">
					<smartField:SmartField value="{Name}" app:multiLineSettings="{cols: 50, rows: 4}"/>
				</smartForm:GroupElement>
			</smartForm:Group>
			</smartForm:SmartForm>
	</VBox>
</core:FragmentDefinition>