<core:FragmentDefinition xmlns:core="sap.ui.core" xmlns:smartForm="sap.ui.comp.smartform" xmlns:smartField="sap.ui.comp.smartfield"
	xmlns="sap.m">
	<VBox width="100%" class="sapUiResponsiveContentPadding">
		<smartForm:SmartForm id="idSmartForm" title="General Site Info" editTogglable="true" entityType="Product"
			class="sapUiResponsiveContentPadding">
			<smartForm:customData>
				<core:CustomData key="dateFormatSettings" value='\{"UTC":true,"style":"long"\}'/>
			</smartForm:customData>
			<smartForm:Group >
				<smartForm:GroupElement label="Site Number">
					<smartField:SmartField value="{ProductID}"/>
				</smartForm:GroupElement>
				<smartForm:GroupElement label="Address">
					<smartField:SmartField value="{Name}"/>
				</smartForm:GroupElement>
				<smartForm:GroupElement label="Business Unit">
					<smartField:SmartField value="{Price}">
						<smartField:configuration>
							<smartField:Configuration controlType="dropDownList" displayBehaviour="descriptionAndId"/>
						</smartField:configuration>
					</smartField:SmartField>
				</smartForm:GroupElement>
			</smartForm:Group>
			<smartForm:Group >
				<smartForm:GroupElement label="Project Name">
					<smartField:SmartField value="{ProductID}"/>
				</smartForm:GroupElement>
				<smartForm:GroupElement label="City">
					<smartField:SmartField value="{Name}"/>
				</smartForm:GroupElement>
				<smartForm:GroupElement label="Alignment">
					<smartField:SmartField value="{Name}">
						<smartField:configuration>
							<smartField:Configuration controlType="dropDownList" displayBehaviour="descriptionAndId"/>
						</smartField:configuration>
					</smartField:SmartField>
				</smartForm:GroupElement>
			</smartForm:Group>
			<smartForm:Group >
				<smartForm:GroupElement label="Site Status">
					<smartField:SmartField value="{ProductID}"/>
				</smartForm:GroupElement>
				<smartForm:GroupElement label="State/Province ">
					<smartField:SmartField value="{Name}"/>
				</smartForm:GroupElement>
				<smartForm:GroupElement label="Sub Alignment">
					<smartField:SmartField value="{Name}">
						<smartField:configuration>
							<smartField:Configuration controlType="dropDownList" displayBehaviour="descriptionAndId"/>
						</smartField:configuration>
					</smartField:SmartField>
				</smartForm:GroupElement>
			</smartForm:Group>
		</smartForm:SmartForm>
	</VBox>
</core:FragmentDefinition>