<core:FragmentDefinition xmlns:core="sap.ui.core" xmlns:smartForm="sap.ui.comp.smartform" xmlns:smartField="sap.ui.comp.smartfield"
	xmlns="sap.m">
	<VBox width="100%" class="sapUiResponsiveContentPadding">
		<smartForm:SmartForm id="idSmartFormRegu" title="Regulatory Permits" editTogglable="true" entityType="Product"
			class="sapUiResponsiveContentPadding">
			<smartForm:customData>
				<core:CustomData key="dateFormatSettings" value='\{"UTC":true,"style":"long"\}'/>
			</smartForm:customData>
			<smartForm:Group >
				<smartForm:GroupElement label="Lead Agency Name">
					<smartField:SmartField value="{ProductID}"/>
				</smartForm:GroupElement>
				<smartForm:GroupElement label="Access Agreement">
					<smartField:SmartField value="{Name}"/>
				</smartForm:GroupElement>
			</smartForm:Group>
			<smartForm:Group >
				<smartForm:GroupElement label="Inc Referance">
					<smartField:SmartField value="{ProductID}"/>
				</smartForm:GroupElement>
			</smartForm:Group>
		</smartForm:SmartForm>
		<Table id="idRegu" inset="false">
			<headerToolbar>
				<OverflowToolbar>
					<Title text="Regulatory Permits" level="H2"/>
					<ToolbarSpacer/>
					<Button tooltip="Add Row" icon="sap-icon://add" press="handleSortButtonPressed"/>
					<Button tooltip="Delete Row" icon="sap-icon://delete" press="handleFilterButtonPressed"/>
				</OverflowToolbar>
			</headerToolbar>
			<columns>
				<Column width="12em">
					<Text text="Permit Number"/>
				</Column>
				<Column minScreenWidth="Tablet" demandPopin="true">
					<Text text="Permit Type"/>
				</Column>
				<Column minScreenWidth="Desktop" demandPopin="true" hAlign="End">
					<Text text="Permint Exist"/>
				</Column>
				<Column minScreenWidth="Desktop" demandPopin="true" hAlign="Center">
					<Text text="Start Date"/>
				</Column>
				<Column minScreenWidth="Desktop" demandPopin="true" hAlign="Center">
					<Text text="End Date"/>
				</Column>
				<Column minScreenWidth="Desktop" demandPopin="true" hAlign="Center">
					<Text text="Renewal Date"/>
				</Column>
				<Column minScreenWidth="Desktop" demandPopin="true" hAlign="Center">
					<Text text="Permit Note"/>
				</Column>
			</columns>
			<items>
				<ColumnListItem>
					<cells>
						<Text text="{ProductID}"/>
						<Text text="{Name}"/>
						<Text text="{ProductID}"/>
						<Text text="{Name}"/>
						<Text text="{Name}"/>
						<Text text="{ProductID}"/>
						<Text text="{Name}"/>
					</cells>
				</ColumnListItem>
			</items>
		</Table>
	</VBox>
</core:FragmentDefinition>