<core:FragmentDefinition xmlns:core="sap.ui.core" xmlns:smartForm="sap.ui.comp.smartform" xmlns:smartField="sap.ui.comp.smartfield"
	xmlns="sap.m">
	<VBox width="100%" class="sapUiResponsiveContentPadding">
		<smartForm:SmartForm id="idSmartFormStraregy" title="Strategy" editTogglable="true" entityType="Product"
			class="sapUiResponsiveContentPadding">
			<smartForm:customData>
				<core:CustomData key="dateFormatSettings" value='\{"UTC":true,"style":"long"\}'/>
			</smartForm:customData>
			<smartForm:Group >
				<smartForm:GroupElement label="Stategy Review Date">
					<smartField:SmartField value="{ProductID}"/>
				</smartForm:GroupElement>
				<smartForm:GroupElement label="System Type">
					<smartField:SmartField value="{Name}"/>
				</smartForm:GroupElement>
				<smartForm:GroupElement label="Remediation System">
					<smartField:SmartField value="{Name}"/>
				</smartForm:GroupElement>
			</smartForm:Group>
			</smartForm:SmartForm>
		<Table inset="false" >
			<headerToolbar>
				<OverflowToolbar>
					<Title text="Strategy Planing" level="H2"/>
					<ToolbarSpacer/>
					<Button tooltip="Add Row" icon="sap-icon://add" press="handleSortButtonPressed"/>
					<Button tooltip="Delete Row" icon="sap-icon://delete" press="handleFilterButtonPressed"/>
				</OverflowToolbar>
			</headerToolbar>
			<columns>
				<Column width="12em">
					<Text text="Created On"/>
				</Column>
				<Column minScreenWidth="Tablet" demandPopin="true">
					<Text text="Type"/>
				</Column>
				<Column minScreenWidth="Desktop" demandPopin="true" hAlign="End">
					<Text text="Plan Status"/>
				</Column>
				<Column minScreenWidth="Desktop" demandPopin="true" hAlign="Center">
					<Text text="Contact"/>
				</Column>
				<Column minScreenWidth="Desktop" demandPopin="true" hAlign="Center">
					<Text text="Comments"/>
				</Column>
				</columns>
			<items>
				<ColumnListItem>
					<cells>
						<Text text="{ProductID}"/>
						<Text text="{Name}"/>
						<Text text="{ProductID}"/>
						<Text text="{Name}"/>
						<Text text="{Name}"/>
					</cells>
				</ColumnListItem>
			</items>
		</Table>
		
		<Table inset="false" >
			<headerToolbar>
				<OverflowToolbar>
					<Title text="Documentsion Links" level="H2"/>
					<ToolbarSpacer/>
					<Button tooltip="Add Row" icon="sap-icon://add" press="handleSortButtonPressed"/>
					<Button tooltip="Delete Row" icon="sap-icon://delete" press="handleFilterButtonPressed"/>
				</OverflowToolbar>
			</headerToolbar>
			<columns>
				<Column width="12em">
					<Text text="Description"/>
				</Column>
				<Column minScreenWidth="Tablet" demandPopin="true">
					<Text text="Document Type"/>
				</Column>
				<Column >
					<Text text="Created By"/>
				</Column>
				<Column >
					<Text text="Created On"/>
				</Column>
				<Column>
					<Text text="Document Link"/>
				</Column>
			</columns>
			<items>
				<ColumnListItem>
					<cells>
						<Text text="{ProductID}"/>
						<Text text="{Name}"/>
						<Text text="{ProductID}"/>
						<Text text="{Name}"/>
						<Text text="{Name}"/>
					</cells>
				</ColumnListItem>
			</items>
		</Table>
	</VBox>
</core:FragmentDefinition>