<?xml version="1.0" encoding="utf-8"?>
<edmx:Edmx Version="1.0"
    xmlns:edmx="http://schemas.microsoft.com/ado/2007/06/edmx"
    xmlns:m="http://schemas.microsoft.com/ado/2007/08/dataservices/metadata"
    xmlns:sap="http://www.sap.com/Protocols/SAPData">
    <edmx:DataServices m:DataServiceVersion="2.0">
        <Schema Namespace="ZPRS_CLIENTS_SRV" xml:lang="en" sap:schema-version="1"
            xmlns="http://schemas.microsoft.com/ado/2008/09/edm">
            <EntityType Name="ClientAddr" sap:content-version="1">
                <Key>
                    <PropertyRef Name="Kunnr"/>
                </Key>
                <Property Name="Kunnr" Type="Edm.String" Nullable="false" MaxLength="10" sap:label="Client" sap:creatable="false" sap:updatable="false" sap:sortable="false" sap:filterable="false"/>
                <Property Name="Name1" Type="Edm.String" Nullable="false" MaxLength="80" sap:label="Complete name" sap:creatable="false" sap:updatable="false" sap:sortable="false" sap:filterable="false"/>
                <Property Name="Line1" Type="Edm.String" Nullable="false" MaxLength="40" sap:label="City (Katakana)" sap:creatable="false" sap:updatable="false" sap:sortable="false" sap:filterable="false"/>
                <Property Name="Line2" Type="Edm.String" Nullable="false" MaxLength="40" sap:label="City/Distr. Kana" sap:creatable="false" sap:updatable="false" sap:sortable="false" sap:filterable="false"/>
                <Property Name="Line3" Type="Edm.String" Nullable="false" MaxLength="40" sap:label="Addr. line 3 (Kana)" sap:creatable="false" sap:updatable="false" sap:sortable="false" sap:filterable="false"/>
                <Property Name="Line4" Type="Edm.String" Nullable="false" MaxLength="40" sap:label="Addr. line 4 (Kana)" sap:creatable="false" sap:updatable="false" sap:sortable="false" sap:filterable="false"/>
                <Property Name="Phone" Type="Edm.String" Nullable="false" MaxLength="30" sap:label="Telephone" sap:creatable="false" sap:updatable="false" sap:sortable="false" sap:filterable="false"/>
                <Property Name="Fax" Type="Edm.String" Nullable="false" MaxLength="30" sap:label="Fax" sap:creatable="false" sap:updatable="false" sap:sortable="false" sap:filterable="false"/>
                <Property Name="Email" Type="Edm.String" Nullable="false" MaxLength="241" sap:label="E-Mail Address" sap:creatable="false" sap:updatable="false" sap:sortable="false" sap:filterable="false"/>
                <Property Name="AddressNote" Type="Edm.String" Nullable="false" sap:label="Narrative String" sap:creatable="false" sap:updatable="false" sap:sortable="false" sap:filterable="false"/>
            </EntityType>
            <EntityType Name="ClientBCon" sap:content-version="1">
                <Key>
                    <PropertyRef Name="Kunnr"/>
                </Key>
                <Property Name="Kunnr" Type="Edm.String" Nullable="false" MaxLength="10" sap:label="Client" sap:creatable="false" sap:updatable="false" sap:sortable="false" sap:filterable="false"/>
                <Property Name="Name1" Type="Edm.String" Nullable="false" MaxLength="80" sap:label="Complete name" sap:creatable="false" sap:updatable="false" sap:sortable="false" sap:filterable="false"/>
                <Property Name="Phone" Type="Edm.String" Nullable="false" MaxLength="30" sap:label="Telephone" sap:creatable="false" sap:updatable="false" sap:sortable="false" sap:filterable="false"/>
                <Property Name="Fax" Type="Edm.String" Nullable="false" MaxLength="30" sap:label="Fax" sap:creatable="false" sap:updatable="false" sap:sortable="false" sap:filterable="false"/>
                <Property Name="Email" Type="Edm.String" Nullable="false" MaxLength="241" sap:label="E-Mail Address" sap:creatable="false" sap:updatable="false" sap:sortable="false" sap:filterable="false"/>
                <Property Name="Department" Type="Edm.String" Nullable="false" MaxLength="40" sap:label="Department" sap:creatable="false" sap:updatable="false" sap:sortable="false" sap:filterable="false"/>
            </EntityType>
            <EntityType Name="ClientBP" sap:content-version="1">
                <Key>
                    <PropertyRef Name="Kunnr"/>
                    <PropertyRef Name="Vkorg"/>
                    <PropertyRef Name="Parvw"/>
                </Key>
                <Property Name="Kunnr" Type="Edm.String" Nullable="false" MaxLength="10" sap:label="Client" sap:creatable="false" sap:updatable="false" sap:sortable="false" sap:filterable="false"/>
                <Property Name="Vkorg" Type="Edm.String" Nullable="false" MaxLength="4" sap:label="Sales Org." sap:creatable="false" sap:updatable="false" sap:sortable="false" sap:filterable="false"/>
                <Property Name="Parvw" Type="Edm.String" Nullable="false" MaxLength="2" sap:label="Partner Functn" sap:creatable="false" sap:updatable="false" sap:sortable="false" sap:filterable="false"/>
                <Property Name="Vtext" Type="Edm.String" Nullable="false" MaxLength="20" sap:label="Name" sap:creatable="false" sap:updatable="false" sap:sortable="false" sap:filterable="false"/>
                <Property Name="Kunn2" Type="Edm.String" Nullable="false" MaxLength="10" sap:label="Customer" sap:creatable="false" sap:updatable="false" sap:sortable="false" sap:filterable="false"/>
                <Property Name="Name1" Type="Edm.String" Nullable="false" MaxLength="80" sap:label="Complete name" sap:creatable="false" sap:updatable="false" sap:sortable="false" sap:filterable="false"/>
                <Property Name="Line1" Type="Edm.String" Nullable="false" MaxLength="40" sap:label="City (Katakana)" sap:creatable="false" sap:updatable="false" sap:sortable="false" sap:filterable="false"/>
                <Property Name="Line2" Type="Edm.String" Nullable="false" MaxLength="40" sap:label="City/Distr. Kana" sap:creatable="false" sap:updatable="false" sap:sortable="false" sap:filterable="false"/>
                <Property Name="Line3" Type="Edm.String" Nullable="false" MaxLength="40" sap:label="Addr. line 3 (Kana)" sap:creatable="false" sap:updatable="false" sap:sortable="false" sap:filterable="false"/>
                <Property Name="Line4" Type="Edm.String" Nullable="false" MaxLength="40" sap:label="Addr. line 4 (Kana)" sap:creatable="false" sap:updatable="false" sap:sortable="false" sap:filterable="false"/>
            </EntityType>
            <EntityType Name="ClientGData" sap:content-version="1">
                <Key>
                    <PropertyRef Name="Kunnr"/>
                </Key>
                <Property Name="Kunnr" Type="Edm.String" Nullable="false" MaxLength="10" sap:label="Client" sap:creatable="false" sap:updatable="false" sap:sortable="false" sap:filterable="false"/>
                <Property Name="Langu" Type="Edm.String" Nullable="false" MaxLength="2" sap:label="Language Key" sap:creatable="false" sap:updatable="false" sap:sortable="false" sap:filterable="false"/>
                <Property Name="Sptxt" Type="Edm.String" Nullable="false" MaxLength="16" sap:label="Name" sap:creatable="false" sap:updatable="false" sap:sortable="false" sap:filterable="false"/>
                <Property Name="Zzclntgrp" Type="Edm.String" Nullable="false" MaxLength="10" sap:label="Client Group" sap:creatable="false" sap:updatable="false" sap:sortable="false" sap:filterable="false"/>
                <Property Name="Zzglobalultimate" Type="Edm.String" Nullable="false" MaxLength="9" sap:label="Global Ultimate" sap:creatable="false" sap:updatable="false" sap:sortable="false" sap:filterable="false"/>
                <Property Name="Zzdunsnumber" Type="Edm.String" Nullable="false" MaxLength="15" sap:label="Duns Number" sap:creatable="false" sap:updatable="false" sap:sortable="false" sap:filterable="false"/>
                <Property Name="Zzopendate" Type="Edm.String" Nullable="false" sap:label="ZZOPENDATE" sap:creatable="false" sap:updatable="false" sap:sortable="false" sap:filterable="false"/>
                <Property Name="Zzoutput" Type="Edm.String" Nullable="false" MaxLength="50" sap:label="Date in Words" sap:creatable="false" sap:updatable="false" sap:sortable="false" sap:filterable="false"/>
                <Property Name="Zzexpcodeset" Type="Edm.String" Nullable="false" MaxLength="10" sap:label="Expense Code Set" sap:creatable="false" sap:updatable="false" sap:sortable="false" sap:filterable="false"/>
                <Property Name="Zzcolco" Type="Edm.String" Nullable="false" MaxLength="1" sap:label="Auth. for Collection" sap:creatable="false" sap:updatable="false" sap:sortable="false" sap:filterable="false"/>
                <Property Name="Zzcolcot" Type="Edm.String" Nullable="false" MaxLength="60" sap:label="Short Descript." sap:creatable="false" sap:updatable="false" sap:sortable="false" sap:filterable="false"/>
                <Property Name="Zzpriconf" Type="Edm.String" Nullable="false" MaxLength="1" sap:label="Private" sap:creatable="false" sap:updatable="false" sap:sortable="false" sap:filterable="false"/>
                <Property Name="Zzpriconft" Type="Edm.String" Nullable="false" MaxLength="60" sap:label="Short Descript." sap:creatable="false" sap:updatable="false" sap:sortable="false" sap:filterable="false"/>
                <Property Name="Stcd1" Type="Edm.String" Nullable="false" MaxLength="16" sap:label="Tax Number 1" sap:creatable="false" sap:updatable="false" sap:sortable="false" sap:filterable="false"/>
                <Property Name="Stcd2" Type="Edm.String" Nullable="false" MaxLength="11" sap:label="Tax Number 2" sap:creatable="false" sap:updatable="false" sap:sortable="false" sap:filterable="false"/>
                <Property Name="Stcd3" Type="Edm.String" Nullable="false" MaxLength="18" sap:label="Tax Number 3" sap:creatable="false" sap:updatable="false" sap:sortable="false" sap:filterable="false"/>
                <Property Name="Stcd4" Type="Edm.String" Nullable="false" MaxLength="18" sap:label="Tax Number 4" sap:creatable="false" sap:updatable="false" sap:sortable="false" sap:filterable="false"/>
                <Property Name="Stcd5" Type="Edm.String" Nullable="false" MaxLength="18" sap:label="Tax Number 5" sap:creatable="false" sap:updatable="false" sap:sortable="false" sap:filterable="false"/>
                <Property Name="Stceg" Type="Edm.String" Nullable="false" MaxLength="20" sap:label="VAT Reg. No." sap:creatable="false" sap:updatable="false" sap:sortable="false" sap:filterable="false"/>
                <Property Name="AddressNote" Type="Edm.String" Nullable="false" MaxLength="40" sap:label="Long Text" sap:creatable="false" sap:updatable="false" sap:sortable="false" sap:filterable="false"/>
                <Property Name="Zzownoffice" Type="Edm.String" Nullable="false" MaxLength="4" sap:label="Office" sap:creatable="false" sap:updatable="false" sap:sortable="false" sap:filterable="false"/>
                <Property Name="Zzenddt" Type="Edm.DateTime" Nullable="false" Precision="7" sap:label="Work End Date" sap:creatable="false" sap:updatable="false" sap:sortable="false" sap:filterable="false"/>
                <Property Name="Zzengpar" Type="Edm.String" Nullable="false" MaxLength="8" sap:label="Engagement Partner" sap:creatable="false" sap:updatable="false" sap:sortable="false" sap:filterable="false"/>
                <Property Name="Zzengpoff" Type="Edm.String" Nullable="false" MaxLength="4" sap:label="Engmnt Part Office" sap:creatable="false" sap:updatable="false" sap:sortable="false" sap:filterable="false"/>
                <Property Name="Zzclntoff" Type="Edm.String" Nullable="false" MaxLength="4" sap:label="Client Office" sap:creatable="false" sap:updatable="false" sap:sortable="false" sap:filterable="false"/>
                <Property Name="Zzbustype" Type="Edm.String" Nullable="false" MaxLength="2" sap:label="Business Type" sap:creatable="false" sap:updatable="false" sap:sortable="false" sap:filterable="false"/>
                <Property Name="Zzassgntyp" Type="Edm.String" Nullable="false" MaxLength="2" sap:label="Assignment Type" sap:creatable="false" sap:updatable="false" sap:sortable="false" sap:filterable="false"/>
                <Property Name="Zzstatus" Type="Edm.String" Nullable="false" MaxLength="1" sap:label="Status" sap:creatable="false" sap:updatable="false" sap:sortable="false" sap:filterable="false"/>
                <Property Name="Zzestwork" Type="Edm.String" Nullable="false" MaxLength="6" sap:label="Estimated Work" sap:creatable="false" sap:updatable="false" sap:sortable="false" sap:filterable="false"/>
                <Property Name="ZzYrEmon" Type="Edm.String" Nullable="false" MaxLength="2" sap:label="Year End Month" sap:creatable="false" sap:updatable="false" sap:sortable="false" sap:filterable="false"/>
            </EntityType>
            <EntityType Name="ClientIAddr" sap:content-version="1">
                <Key>
                    <PropertyRef Name="Kunnr"/>
                </Key>
                <Property Name="Kunnr" Type="Edm.String" Nullable="false" MaxLength="10" sap:label="Client" sap:creatable="false" sap:updatable="false" sap:sortable="false" sap:filterable="false"/>
                <Property Name="Name1" Type="Edm.String" Nullable="false" MaxLength="80" sap:label="Complete name" sap:creatable="false" sap:updatable="false" sap:sortable="false" sap:filterable="false"/>
                <Property Name="Line1" Type="Edm.String" Nullable="false" MaxLength="40" sap:label="City (Katakana)" sap:creatable="false" sap:updatable="false" sap:sortable="false" sap:filterable="false"/>
                <Property Name="Line2" Type="Edm.String" Nullable="false" MaxLength="40" sap:label="City/Distr. Kana" sap:creatable="false" sap:updatable="false" sap:sortable="false" sap:filterable="false"/>
                <Property Name="Line3" Type="Edm.String" Nullable="false" MaxLength="40" sap:label="Addr. line 3 (Kana)" sap:creatable="false" sap:updatable="false" sap:sortable="false" sap:filterable="false"/>
                <Property Name="Line4" Type="Edm.String" Nullable="false" MaxLength="40" sap:label="Addr. line 4 (Kana)" sap:creatable="false" sap:updatable="false" sap:sortable="false" sap:filterable="false"/>
                <Property Name="Phone" Type="Edm.String" Nullable="false" MaxLength="30" sap:label="Telephone" sap:creatable="false" sap:updatable="false" sap:sortable="false" sap:filterable="false"/>
                <Property Name="Fax" Type="Edm.String" Nullable="false" MaxLength="30" sap:label="Fax" sap:creatable="false" sap:updatable="false" sap:sortable="false" sap:filterable="false"/>
                <Property Name="Email" Type="Edm.String" Nullable="false" MaxLength="241" sap:label="E-Mail Address" sap:creatable="false" sap:updatable="false" sap:sortable="false" sap:filterable="false"/>
                <Property Name="AddressNote" Type="Edm.String" Nullable="false" sap:label="Narrative String" sap:creatable="false" sap:updatable="false" sap:sortable="false" sap:filterable="false"/>
            </EntityType>
            <EntityType Name="ClientLEntity" sap:content-version="1">
                <Key>
                    <PropertyRef Name="Kunnr"/>
                    <PropertyRef Name="Vkorg"/>
                </Key>
                <Property Name="Kunnr" Type="Edm.String" Nullable="false" MaxLength="10" sap:label="Client" sap:creatable="false" sap:updatable="false" sap:sortable="false" sap:filterable="false"/>
                <Property Name="Vkorg" Type="Edm.String" Nullable="false" MaxLength="4" sap:label="Sales Org." sap:creatable="false" sap:updatable="false" sap:sortable="false" sap:filterable="false"/>
                <Property Name="Vkorgt" Type="Edm.String" Nullable="false" MaxLength="20" sap:label="Name" sap:creatable="false" sap:updatable="false" sap:sortable="false" sap:filterable="false"/>
                <Property Name="Waers" Type="Edm.String" Nullable="false" MaxLength="5" sap:label="Currency" sap:creatable="false" sap:updatable="false" sap:sortable="false" sap:filterable="false" sap:semantics="currency-code"/>
                <Property Name="Ltext" Type="Edm.String" Nullable="false" MaxLength="40" sap:label="Long Text" sap:creatable="false" sap:updatable="false" sap:sortable="false" sap:filterable="false"/>
                <Property Name="Zterm" Type="Edm.String" Nullable="false" MaxLength="4" sap:label="Payt Terms" sap:creatable="false" sap:updatable="false" sap:sortable="false" sap:filterable="false"/>
                <Property Name="Vtext" Type="Edm.String" Nullable="false" MaxLength="30" sap:label="Description" sap:creatable="false" sap:updatable="false" sap:sortable="false" sap:filterable="false"/>
                <NavigationProperty Name="ClientLEntityToClientBP" Relationship="ZPRS_CLIENTS_SRV.ClientLEntityToClientBP" FromRole="FromRole_ClientLEntityToClientBP" ToRole="ToRole_ClientLEntityToClientBP"/>
            </EntityType>
            <EntityType Name="MYCLIENTS" sap:content-version="1">
                <Key>
                    <PropertyRef Name="Kunnr"/>
                </Key>
                <Property Name="Kunnr" Type="Edm.String" Nullable="false" MaxLength="10" sap:label="Client" sap:creatable="false" sap:updatable="false" sap:sortable="false" sap:filterable="false"/>
                <Property Name="Name1" Type="Edm.String" Nullable="false" MaxLength="40" sap:label="Name" sap:creatable="false" sap:updatable="false" sap:sortable="false" sap:filterable="false"/>
                <Property Name="Zzclntgrp" Type="Edm.String" Nullable="false" MaxLength="10" sap:label="Client Group" sap:creatable="false" sap:updatable="false" sap:sortable="false" sap:filterable="false"/>
                <Property Name="Zzdunsnumber" Type="Edm.String" Nullable="false" MaxLength="15" sap:label="Duns Number" sap:creatable="false" sap:updatable="false" sap:sortable="false" sap:filterable="false"/>
                <Property Name="Zzopendate" Type="Edm.String" Nullable="false" sap:label="Client Open Date" sap:creatable="false" sap:updatable="false" sap:sortable="false" sap:filterable="false"/>
                <NavigationProperty Name="MYCLIENTSToClientIAddr" Relationship="ZPRS_CLIENTS_SRV.MYCLIENTSToClientIAddr" FromRole="FromRole_MYCLIENTSToClientIAddr" ToRole="ToRole_MYCLIENTSToClientIAddr"/>
                <NavigationProperty Name="MYCLIENTSToClientBCon" Relationship="ZPRS_CLIENTS_SRV.MYCLIENTSToClientBCon" FromRole="FromRole_MYCLIENTSToClientBCon" ToRole="ToRole_MYCLIENTSToClientBCon"/>
                <NavigationProperty Name="MYCLIENTSToClientLEntity" Relationship="ZPRS_CLIENTS_SRV.MYCLIENTSToClientLEntity" FromRole="FromRole_MYCLIENTSToClientLEntity" ToRole="ToRole_MYCLIENTSToClientLEntity"/>
                <NavigationProperty Name="MYCLIENTSToClientGData" Relationship="ZPRS_CLIENTS_SRV.MYCLIENTSToClientGData" FromRole="FromRole_MYCLIENTSToClientGData" ToRole="ToRole_MYCLIENTSToClientGData"/>
                <NavigationProperty Name="MYCLIENTSToClientAddr" Relationship="ZPRS_CLIENTS_SRV.MYCLIENTSToClientAddr" FromRole="FromRole_MYCLIENTSToClientAddr" ToRole="ToRole_MYCLIENTSToClientAddr"/>
            </EntityType>
            <Association Name="MYCLIENTSToClientAddr" sap:content-version="1">
                <End Type="ZPRS_CLIENTS_SRV.MYCLIENTS" Multiplicity="1" Role="FromRole_MYCLIENTSToClientAddr"/>
                <End Type="ZPRS_CLIENTS_SRV.ClientAddr" Multiplicity="1" Role="ToRole_MYCLIENTSToClientAddr"/>
                <ReferentialConstraint>
                    <Principal Role="FromRole_MYCLIENTSToClientAddr">
                        <PropertyRef Name="Kunnr"/>
                    </Principal>
                    <Dependent Role="ToRole_MYCLIENTSToClientAddr">
                        <PropertyRef Name="Kunnr"/>
                    </Dependent>
                </ReferentialConstraint>
            </Association>
            <Association Name="MYCLIENTSToClientBCon" sap:content-version="1">
                <End Type="ZPRS_CLIENTS_SRV.MYCLIENTS" Multiplicity="1" Role="FromRole_MYCLIENTSToClientBCon"/>
                <End Type="ZPRS_CLIENTS_SRV.ClientBCon" Multiplicity="*" Role="ToRole_MYCLIENTSToClientBCon"/>
                <ReferentialConstraint>
                    <Principal Role="FromRole_MYCLIENTSToClientBCon">
                        <PropertyRef Name="Kunnr"/>
                    </Principal>
                    <Dependent Role="ToRole_MYCLIENTSToClientBCon">
                        <PropertyRef Name="Kunnr"/>
                    </Dependent>
                </ReferentialConstraint>
            </Association>
            <Association Name="MYCLIENTSToClientGData" sap:content-version="1">
                <End Type="ZPRS_CLIENTS_SRV.MYCLIENTS" Multiplicity="1" Role="FromRole_MYCLIENTSToClientGData"/>
                <End Type="ZPRS_CLIENTS_SRV.ClientGData" Multiplicity="1" Role="ToRole_MYCLIENTSToClientGData"/>
                <ReferentialConstraint>
                    <Principal Role="FromRole_MYCLIENTSToClientGData">
                        <PropertyRef Name="Kunnr"/>
                    </Principal>
                    <Dependent Role="ToRole_MYCLIENTSToClientGData">
                        <PropertyRef Name="Kunnr"/>
                    </Dependent>
                </ReferentialConstraint>
            </Association>
            <Association Name="MYCLIENTSToClientIAddr" sap:content-version="1">
                <End Type="ZPRS_CLIENTS_SRV.MYCLIENTS" Multiplicity="1" Role="FromRole_MYCLIENTSToClientIAddr"/>
                <End Type="ZPRS_CLIENTS_SRV.ClientIAddr" Multiplicity="0..1" Role="ToRole_MYCLIENTSToClientIAddr"/>
                <ReferentialConstraint>
                    <Principal Role="FromRole_MYCLIENTSToClientIAddr">
                        <PropertyRef Name="Kunnr"/>
                    </Principal>
                    <Dependent Role="ToRole_MYCLIENTSToClientIAddr">
                        <PropertyRef Name="Kunnr"/>
                    </Dependent>
                </ReferentialConstraint>
            </Association>
            <Association Name="MYCLIENTSToClientLEntity" sap:content-version="1">
                <End Type="ZPRS_CLIENTS_SRV.MYCLIENTS" Multiplicity="1" Role="FromRole_MYCLIENTSToClientLEntity"/>
                <End Type="ZPRS_CLIENTS_SRV.ClientLEntity" Multiplicity="*" Role="ToRole_MYCLIENTSToClientLEntity"/>
                <ReferentialConstraint>
                    <Principal Role="FromRole_MYCLIENTSToClientLEntity">
                        <PropertyRef Name="Kunnr"/>
                    </Principal>
                    <Dependent Role="ToRole_MYCLIENTSToClientLEntity">
                        <PropertyRef Name="Kunnr"/>
                    </Dependent>
                </ReferentialConstraint>
            </Association>
            <Association Name="ClientLEntityToClientBP" sap:content-version="1">
                <End Type="ZPRS_CLIENTS_SRV.ClientLEntity" Multiplicity="1" Role="FromRole_ClientLEntityToClientBP"/>
                <End Type="ZPRS_CLIENTS_SRV.ClientBP" Multiplicity="*" Role="ToRole_ClientLEntityToClientBP"/>
                <ReferentialConstraint>
                    <Principal Role="FromRole_ClientLEntityToClientBP">
                        <PropertyRef Name="Kunnr"/>
                        <PropertyRef Name="Vkorg"/>
                    </Principal>
                    <Dependent Role="ToRole_ClientLEntityToClientBP">
                        <PropertyRef Name="Kunnr"/>
                        <PropertyRef Name="Vkorg"/>
                    </Dependent>
                </ReferentialConstraint>
            </Association>
            <EntityContainer Name="ZPRS_CLIENTS_SRV_Entities" m:IsDefaultEntityContainer="true" sap:supported-formats="atom json xlsx">
                <EntitySet Name="ClientBConSet" EntityType="ZPRS_CLIENTS_SRV.ClientBCon" sap:creatable="false" sap:updatable="false" sap:deletable="false" sap:pageable="false" sap:content-version="1"/>
                <EntitySet Name="ClientBPSet" EntityType="ZPRS_CLIENTS_SRV.ClientBP" sap:creatable="false" sap:updatable="false" sap:deletable="false" sap:pageable="false" sap:content-version="1"/>
                <EntitySet Name="ClientGDataSet" EntityType="ZPRS_CLIENTS_SRV.ClientGData" sap:creatable="false" sap:updatable="false" sap:deletable="false" sap:pageable="false" sap:content-version="1"/>
                <EntitySet Name="ClientIAddrSet" EntityType="ZPRS_CLIENTS_SRV.ClientIAddr" sap:creatable="false" sap:updatable="false" sap:deletable="false" sap:pageable="false" sap:content-version="1"/>
                <EntitySet Name="ClientLEntitySet" EntityType="ZPRS_CLIENTS_SRV.ClientLEntity" sap:creatable="false" sap:updatable="false" sap:deletable="false" sap:pageable="false" sap:content-version="1"/>
                <EntitySet Name="MYCLIENTSSet" EntityType="ZPRS_CLIENTS_SRV.MYCLIENTS" sap:creatable="false" sap:updatable="false" sap:deletable="false" sap:pageable="false" sap:content-version="1"/>
                <EntitySet Name="ClientAddrSet" EntityType="ZPRS_CLIENTS_SRV.ClientAddr" sap:creatable="false" sap:updatable="false" sap:deletable="false" sap:pageable="false" sap:content-version="1"/>
                <AssociationSet Name="MYCLIENTSToClientBConSet" Association="ZPRS_CLIENTS_SRV.MYCLIENTSToClientBCon" sap:creatable="false" sap:updatable="false" sap:deletable="false" sap:content-version="1">
                    <End EntitySet="MYCLIENTSSet" Role="FromRole_MYCLIENTSToClientBCon"/>
                    <End EntitySet="ClientBConSet" Role="ToRole_MYCLIENTSToClientBCon"/>
                </AssociationSet>
                <AssociationSet Name="ClientLEntityToClientBPSet" Association="ZPRS_CLIENTS_SRV.ClientLEntityToClientBP" sap:creatable="false" sap:updatable="false" sap:deletable="false" sap:content-version="1">
                    <End EntitySet="ClientLEntitySet" Role="FromRole_ClientLEntityToClientBP"/>
                    <End EntitySet="ClientBPSet" Role="ToRole_ClientLEntityToClientBP"/>
                </AssociationSet>
                <AssociationSet Name="MYCLIENTSToClientAddrSet" Association="ZPRS_CLIENTS_SRV.MYCLIENTSToClientAddr" sap:creatable="false" sap:updatable="false" sap:deletable="false" sap:content-version="1">
                    <End EntitySet="MYCLIENTSSet" Role="FromRole_MYCLIENTSToClientAddr"/>
                    <End EntitySet="ClientAddrSet" Role="ToRole_MYCLIENTSToClientAddr"/>
                </AssociationSet>
                <AssociationSet Name="MYCLIENTSToClientLEntitySet" Association="ZPRS_CLIENTS_SRV.MYCLIENTSToClientLEntity" sap:creatable="false" sap:updatable="false" sap:deletable="false" sap:content-version="1">
                    <End EntitySet="MYCLIENTSSet" Role="FromRole_MYCLIENTSToClientLEntity"/>
                    <End EntitySet="ClientLEntitySet" Role="ToRole_MYCLIENTSToClientLEntity"/>
                </AssociationSet>
                <AssociationSet Name="MYCLIENTSToClientGDataSet" Association="ZPRS_CLIENTS_SRV.MYCLIENTSToClientGData" sap:creatable="false" sap:updatable="false" sap:deletable="false" sap:content-version="1">
                    <End EntitySet="MYCLIENTSSet" Role="FromRole_MYCLIENTSToClientGData"/>
                    <End EntitySet="ClientGDataSet" Role="ToRole_MYCLIENTSToClientGData"/>
                </AssociationSet>
                <AssociationSet Name="MYCLIENTSToClientIAddrSet" Association="ZPRS_CLIENTS_SRV.MYCLIENTSToClientIAddr" sap:creatable="false" sap:updatable="false" sap:deletable="false" sap:content-version="1">
                    <End EntitySet="MYCLIENTSSet" Role="FromRole_MYCLIENTSToClientIAddr"/>
                    <End EntitySet="ClientIAddrSet" Role="ToRole_MYCLIENTSToClientIAddr"/>
                </AssociationSet>
            </EntityContainer>
            <atom:link rel="self" href="./sap/ZPRS_CLIENTS_SRV/$metadata"
                xmlns:atom="http://www.w3.org/2005/Atom"/>
                <atom:link rel="latest-version" href="./sap/ZPRS_CLIENTS_SRV/$metadata"
                    xmlns:atom="http://www.w3.org/2005/Atom"/>
                </Schema>
            </edmx:DataServices>
        </edmx:Edmx>