<core:FragmentDefinition xmlns="sap.m" xmlns:core="sap.ui.core" xmlns="sap.m">
	
	<HBox justifyContent="SpaceAround" alignContent="SpaceAround" alignItems="Stretch">
		<items>
			<GenericTile header="Digitial Twin for Project and Operations" press="press" frameType="TwoByOne">
				<TileContent footer="Digital Asset Management">
					<content>
						<HBox justifyContent="SpaceAround">
							<Link text="View Details" press="onViewDetailstPress"></Link>
							<Link text="View Assets" press="onViewAssestsPress"></Link>
						</HBox>
					</content>
				</TileContent>
			</GenericTile>
			<GenericTile header="Engineering Data Digitization" press="press" frameType="TwoByOne">
				<TileContent footer="Digital Asset Management">
					<content>
						<HBox justifyContent="SpaceAround">
							<Link text="View Details" press="onViewDetailstPress"></Link>
							<Link text="View Assets" press="onViewAssestsPress"></Link>
						</HBox>
					</content>
				</TileContent>
			</GenericTile>
		</items>
	</HBox>
</core:FragmentDefinition>