{
    "application": {
        "id": "",
        "title": "ZINFY_API.ZINFY_API",
        "description": "Component  reuse ",
        "type": "SAP_UI5_Component",
        "componentUrl": "/WebContent",
        "appUrl": "#ZINFY_API-Display",
        "navigationComponentName": "ZINFY_API",
        "intentSemanticObject": "ZINFY_API",
        "intentAction": "Display",
        "html5ApplicationName": "zinfyapi",
        "HCPParentApplicationName": ""
    },
    "assignment": {
        "groups": [
            "23bb1d45-5187-4367-9518-487d6a7656cb"
        ],
        "contentPackages": [
            "85c72307-a22e-4d89-8d58-b56ca8cc1993"
        ],
        "categories": []
    },
    "tile": {
        "type": "StaticTile",
        "title": "Title",
        "subtitle": "Component reuse appAPi",
        "searchKeywords": "Title,Component reuse appAPi",
        "displayIconUrl": "sap-icon://approvals",
        "displayInfoText": "",
        "size": "1x1",
        "serviceURL": "",
        "refreshInterval": ""
    }
}