{
    "application": {
        "id": "",
        "title": "fiorioffline.Fiori_OfflineApp.Fiori_OfflineApp",
        "description": "Fiori Offline",
        "type": "SAP_UI5_Component",
        "componentUrl": "/",
        "appUrl": "#Fiori_OfflineApp-Display",
        "navigationComponentName": "fiorioffline.Fiori_OfflineApp",
        "intentSemanticObject": "Fiori_OfflineApp",
        "intentAction": "Display",
        "html5ApplicationName": "fioriofflineapp",
        "HCPParentApplicationName": ""
    },
    "assignment": {
        "groups": [
            "1228b9df-d975-4f6b-9111-f5f429aff13c"
        ],
        "contentPackages": [
            "f4a6cca7-c6ea-4fd5-9e77-41cfbe4065fb"
        ],
        "categories": []
    },
    "tile": {
        "type": "StaticTile",
        "title": "Fiori_OfflineApp",
        "subtitle": "Order Detials",
        "searchKeywords": "Fiori_OfflineApp,Order Detials",
        "displayIconUrl": "sap-icon://approvals",
        "displayInfoText": "",
        "size": "1x1",
        "serviceURL": "",
        "refreshInterval": ""
    }
}