<edmx:Edmx
    xmlns:edmx="http://schemas.microsoft.com/ado/2007/06/edmx"
    xmlns:m="http://schemas.microsoft.com/ado/2007/08/dataservices/metadata"
    xmlns:sap="http://www.sap.com/Protocols/SAPData" Version="1.0">
    <edmx:DataServices m:DataServiceVersion="2.0">
        <Schema
            xmlns="http://schemas.microsoft.com/ado/2008/09/edm" Namespace="ZPRS_COLL_LIST_SRV" xml:lang="en" sap:schema-version="1">
            <EntityType Name="CollectionList" sap:semantics="aggregate" sap:content-version="1">
                <Key>
                    <PropertyRef Name="Identifier"/>
                </Key>
                <Property Name="Identifier" Type="Edm.String" Nullable="false" sap:label="Generated ID" sap:creatable="false" sap:updatable="false" sap:filterable="false"/>
                <Property Name="Bukrs" Type="Edm.String" Nullable="false" MaxLength="4" sap:aggregation-role="dimension" sap:label="Company Code" sap:creatable="false" sap:updatable="false"/>
                <Property Name="Office" Type="Edm.String" MaxLength="4" sap:aggregation-role="dimension" sap:label="Office" sap:creatable="false" sap:updatable="false"/>
                <Property Name="Leadpartnerk" Type="Edm.String" MaxLength="8" sap:aggregation-role="dimension" sap:label="Lead Partner" sap:creatable="false" sap:updatable="false"/>
                <Property Name="Leadpartner" Type="Edm.String" sap:aggregation-role="dimension" sap:label="Lead Partner Name" sap:creatable="false" sap:updatable="false"/>
                <Property Name="Teamk" Type="Edm.String" MaxLength="4" sap:aggregation-role="dimension" sap:label="Fee Earner Team" sap:creatable="false" sap:updatable="false"/>
                <Property Name="Matterk" Type="Edm.String" MaxLength="24" sap:aggregation-role="dimension" sap:label="Matter" sap:creatable="false" sap:updatable="false"/>
                <Property Name="Matter" Type="Edm.String" sap:aggregation-role="dimension" sap:label="Matter Name" sap:creatable="false" sap:updatable="false"/>
                <Property Name="Team" Type="Edm.String" sap:aggregation-role="dimension" sap:label="Lead Partner Team" sap:creatable="false" sap:updatable="false"/>
                <Property Name="Invoice" Type="Edm.String" Nullable="false" MaxLength="10" sap:aggregation-role="dimension" sap:label="Invoice" sap:creatable="false" sap:updatable="false"/>
                <Property Name="Payerk" Type="Edm.String" MaxLength="10" sap:aggregation-role="dimension" sap:label="Payer" sap:creatable="false" sap:updatable="false"/>
                <Property Name="Clientk" Type="Edm.String" MaxLength="10" sap:aggregation-role="dimension" sap:label="Client" sap:creatable="false" sap:updatable="false"/>
                <Property Name="Payer" Type="Edm.String" sap:aggregation-role="dimension" sap:label="Payer" sap:creatable="false" sap:updatable="false"/>
                <Property Name="Client" Type="Edm.String" sap:aggregation-role="dimension" sap:label="Client Name" sap:creatable="false" sap:updatable="false"/>
                <Property Name="Payableby" Type="Edm.String" sap:aggregation-role="dimension" sap:label="Payable By" sap:creatable="false" sap:updatable="false"/>
                <Property Name="Invoicedate" Type="Edm.DateTime" Precision="7" sap:aggregation-role="dimension" sap:label="Invoice Date" sap:creatable="false" sap:updatable="false"/>
                <Property Name="BillCurr" Type="Edm.String" MaxLength="5" sap:aggregation-role="dimension" sap:label="Bill Currency" sap:creatable="false" sap:updatable="false" sap:semantics="currency-code"/>
                <Property Name="BillAmount" Type="Edm.Decimal" Precision="14" Scale="3" sap:aggregation-role="measure" sap:unit="BillCurr" sap:label="Bill Amount" sap:creatable="false" sap:updatable="false"/>
                <Property Name="UnpaidAmount" Type="Edm.Decimal" Precision="14" Scale="3" sap:aggregation-role="measure" sap:unit="BillCurr" sap:label="Bill Currency UnPaid Amount" sap:creatable="false" sap:updatable="false"/>
                <Property Name="LocalCurr" Type="Edm.String" MaxLength="5" sap:aggregation-role="dimension" sap:label="Local Currency" sap:creatable="false" sap:updatable="false" sap:semantics="currency-code"/>
                <Property Name="LcpaidAmount" Type="Edm.Decimal" Precision="14" Scale="3" sap:aggregation-role="measure" sap:unit="LocalCurr" sap:label="Local Currency Paid Amount" sap:creatable="false" sap:updatable="false"/>
                <Property Name="LcunpaidAmount" Type="Edm.Decimal" Precision="14" Scale="3" sap:aggregation-role="measure" sap:unit="LocalCurr" sap:label="Local Currency UnPaid Amount" sap:creatable="false" sap:updatable="false"/>
                <Property Name="Leadmattercodek" Type="Edm.String" MaxLength="24" sap:aggregation-role="dimension" sap:label="Lead Matter" sap:creatable="false" sap:updatable="false"/>
                <Property Name="Leadmattercodedesc" Type="Edm.String" sap:aggregation-role="dimension" sap:label="Lead Matter Code Description" sap:creatable="false" sap:updatable="false"/>
                <Property Name="Categorycode" Type="Edm.String" sap:aggregation-role="dimension" sap:label="CategoryCode" sap:creatable="false" sap:updatable="false"/>
                <Property Name="Matterl" Type="Edm.String" sap:aggregation-role="dimension" sap:label="Matter Long(IP Matter)" sap:creatable="false" sap:updatable="false"/>
                <Property Name="Xblnr" Type="Edm.String" MaxLength="16" sap:aggregation-role="dimension" sap:label="Reference" sap:creatable="false" sap:updatable="false"/>
                <Property Name="PromisedAmount" Type="Edm.Decimal" Precision="14" Scale="3" sap:aggregation-role="measure" sap:unit="P2pCurr" sap:label="Promised Amount" sap:creatable="false" sap:updatable="false"/>
                <Property Name="P2pCurr" Type="Edm.String" MaxLength="5" sap:aggregation-role="dimension" sap:label="P2P Currency" sap:creatable="false" sap:updatable="false" sap:semantics="currency-code"/>
                <Property Name="DisputeAmount" Type="Edm.Decimal" Precision="14" Scale="3" sap:aggregation-role="measure" sap:unit="DispCurr" sap:label="Disputed Amount" sap:creatable="false" sap:updatable="false"/>
                <Property Name="DispCurr" Type="Edm.String" MaxLength="5" sap:aggregation-role="dimension" sap:label="Dispute Currency" sap:creatable="false" sap:updatable="false" sap:semantics="currency-code"/>
                <Property Name="ProvisionAmount" Type="Edm.Decimal" Precision="14" Scale="3" sap:aggregation-role="measure" sap:unit="Provisioncurr" sap:label="Provision Amount" sap:creatable="false" sap:updatable="false"/>
                <Property Name="Provisioncurr" Type="Edm.String" MaxLength="5" sap:aggregation-role="dimension" sap:label="Provision Currency" sap:creatable="false" sap:updatable="false" sap:semantics="currency-code"/>
                <Property Name="Provisionperc" Type="Edm.Decimal" Precision="8" Scale="2" sap:aggregation-role="measure" sap:label="Provision Percentage" sap:creatable="false" sap:updatable="false"/>
                <Property Name="Collector" Type="Edm.String" MaxLength="80" sap:aggregation-role="dimension" sap:label="Collector" sap:creatable="false" sap:updatable="false"/>
                <Property Name="Billmethod" Type="Edm.String" sap:aggregation-role="dimension" sap:label="Billing Method" sap:creatable="false" sap:updatable="false"/>
                <Property Name="Rsmdate" Type="Edm.DateTime" Precision="7" sap:aggregation-role="dimension" sap:label="Resubmission Date" sap:creatable="false" sap:updatable="false"/>
                <Property Name="Rsmcreatedate" Type="Edm.DateTime" Precision="7" sap:aggregation-role="dimension" sap:label="Resubmission Create Date" sap:creatable="false" sap:updatable="false"/>
                <Property Name="Zfbdt" Type="Edm.DateTime" Precision="7" sap:label="Baseline Date" sap:creatable="false" sap:updatable="false" sap:sortable="false"/>
                <Property Name="Daysoverdue" Type="Edm.Decimal" Precision="3" Scale="0" sap:aggregation-role="dimension" sap:label="Days Overdue" sap:creatable="false" sap:updatable="false"/>
                <Property Name="Groupcurr" Type="Edm.String" MaxLength="5" sap:aggregation-role="dimension" sap:label="Group Currency" sap:creatable="false" sap:updatable="false" sap:semantics="currency-code"/>
                <Property Name="Invamtgrpcurr" Type="Edm.Decimal" Precision="14" Scale="3" sap:aggregation-role="measure" sap:unit="Groupcurr" sap:label="Invoice Amount(Grp Curr)" sap:creatable="false" sap:updatable="false"/>
            </EntityType>
            <EntityType Name="VL_SH_H_T001" sap:content-version="1">
                <Key>
                    <PropertyRef Name="BUKRS"/>
                </Key>
                <Property Name="BUKRS" Type="Edm.String" Nullable="false" MaxLength="4" sap:display-format="UpperCase" sap:label="Company Code"/>
                <Property Name="BUTXT" Type="Edm.String" MaxLength="25" sap:label="Company Name"/>
                <Property Name="ORT01" Type="Edm.String" MaxLength="25" sap:label="City"/>
                <Property Name="WAERS" Type="Edm.String" MaxLength="5" sap:display-format="UpperCase" sap:label="Currency" sap:semantics="currency-code"/>
            </EntityType>
            <EntityType Name="VL_SH_ZPRS_SH_LEAD_PARTNER" sap:content-version="1">
                <Key>
                    <PropertyRef Name="PERNR"/>
                    <PropertyRef Name="NACHN"/>
                    <PropertyRef Name="VORNA"/>
                </Key>
                <Property Name="PERNR" Type="Edm.String" Nullable="false" MaxLength="8" sap:display-format="NonNegative" sap:label="Personnel No."/>
                <Property Name="NACHN" Type="Edm.String" Nullable="false" MaxLength="40" sap:label="Last name"/>
                <Property Name="VORNA" Type="Edm.String" Nullable="false" MaxLength="40" sap:label="First name"/>
            </EntityType>
            <EntityType Name="VL_SH_ZPRS_SH_TEAM_F" sap:content-version="1">
                <Key>
                    <PropertyRef Name="ZZTEAM"/>
                    <PropertyRef Name="ZZDESC"/>
                </Key>
                <Property Name="ZZTEAM" Type="Edm.String" Nullable="false" MaxLength="4" sap:display-format="UpperCase" sap:label="Fee Earner Team"/>
                <Property Name="ZZDESC" Type="Edm.String" Nullable="false" MaxLength="60" sap:label="Description"/>
            </EntityType>
            <EntityType Name="VL_SH_ZPRS_SH_FDMO_PSPID_F" sap:content-version="1">
                <Key>
                    <PropertyRef Name="PSPID"/>
                    <PropertyRef Name="POST1"/>
                </Key>
                <Property Name="PSPID" Type="Edm.String" Nullable="false" MaxLength="24" sap:display-format="UpperCase" sap:label="Matter"/>
                <Property Name="POST1" Type="Edm.String" Nullable="false" MaxLength="40" sap:label="Description"/>
            </EntityType>
            <EntityType Name="VL_SH_ZPRS_COLL_SH_DEBIA_F" sap:content-version="1">
                <Key>
                    <PropertyRef Name="KUNNR"/>
                    <PropertyRef Name="NAME1"/>
                </Key>
                <Property Name="KUNNR" Type="Edm.String" Nullable="false" MaxLength="10" sap:display-format="UpperCase" sap:label="Payer"/>
                <Property Name="NAME1" Type="Edm.String" Nullable="false" MaxLength="40" sap:label="Payer Name"/>
            </EntityType>
            <EntityType Name="VL_SH_ZPRS_COLL_SH_CDEBIA_F" sap:content-version="1">
                <Key>
                    <PropertyRef Name="KUNNR"/>
                    <PropertyRef Name="NAME1"/>
                </Key>
                <Property Name="KUNNR" Type="Edm.String" Nullable="false" MaxLength="10" sap:display-format="UpperCase" sap:label="Client #"/>
                <Property Name="NAME1" Type="Edm.String" Nullable="false" MaxLength="40" sap:label="Client Name"/>
            </EntityType>
            <EntityContainer Name="ZPRS_COLL_LIST_SRV_Entities" m:IsDefaultEntityContainer="true" sap:supported-formats="atom json xlsx">
                <EntitySet Name="CollectionListSet" EntityType="ZPRS_COLL_LIST_SRV.CollectionList" sap:creatable="false" sap:updatable="false" sap:deletable="false" sap:content-version="1"/>
                <EntitySet Name="VL_SH_H_T001" EntityType="ZPRS_COLL_LIST_SRV.VL_SH_H_T001" sap:creatable="false" sap:updatable="false" sap:deletable="false" sap:content-version="1" sap:countable="false"/>
                <EntitySet Name="VL_SH_ZPRS_SH_LEAD_PARTNER" EntityType="ZPRS_COLL_LIST_SRV.VL_SH_ZPRS_SH_LEAD_PARTNER" sap:creatable="false" sap:updatable="false" sap:deletable="false" sap:content-version="1" sap:countable="false"/>
                <EntitySet Name="VL_SH_ZPRS_SH_TEAM_F" EntityType="ZPRS_COLL_LIST_SRV.VL_SH_ZPRS_SH_TEAM_F" sap:creatable="false" sap:updatable="false" sap:deletable="false" sap:content-version="1" sap:countable="false"/>
                <EntitySet Name="VL_SH_ZPRS_SH_FDMO_PSPID_F" EntityType="ZPRS_COLL_LIST_SRV.VL_SH_ZPRS_SH_FDMO_PSPID_F" sap:creatable="false" sap:updatable="false" sap:deletable="false" sap:content-version="1" sap:countable="false"/>
                <EntitySet Name="VL_SH_ZPRS_COLL_SH_DEBIA_F" EntityType="ZPRS_COLL_LIST_SRV.VL_SH_ZPRS_COLL_SH_DEBIA_F" sap:creatable="false" sap:updatable="false" sap:deletable="false" sap:content-version="1" sap:countable="false"/>
                <EntitySet Name="VL_SH_ZPRS_COLL_SH_CDEBIA_F" EntityType="ZPRS_COLL_LIST_SRV.VL_SH_ZPRS_COLL_SH_CDEBIA_F" sap:creatable="false" sap:updatable="false" sap:deletable="false" sap:content-version="1" sap:countable="false"/>
            </EntityContainer>
            <Annotations
                xmlns="http://docs.oasis-open.org/odata/ns/edm" Target="ZPRS_COLL_LIST_SRV.CollectionList/Bukrs">
                <Annotation Term="com.sap.vocabularies.Common.v1.ValueList">
                    <Record>
                        <PropertyValue Property="Label" String="Company Codes"/>
                        <PropertyValue Property="CollectionPath" String="VL_SH_H_T001"/>
                        <PropertyValue Property="SearchSupported" Bool="true"/>
                        <PropertyValue Property="Parameters">
                            <Collection>
                                <Record Type="com.sap.vocabularies.Common.v1.ValueListParameterInOut">
                                    <PropertyValue Property="LocalDataProperty" PropertyPath="Bukrs"/>
                                    <PropertyValue Property="ValueListProperty" String="BUKRS"/>
                                </Record>
                                <Record Type="com.sap.vocabularies.Common.v1.ValueListParameterDisplayOnly">
                                    <PropertyValue Property="ValueListProperty" String="BUTXT"/>
                                </Record>
                                <Record Type="com.sap.vocabularies.Common.v1.ValueListParameterDisplayOnly">
                                    <PropertyValue Property="ValueListProperty" String="ORT01"/>
                                </Record>
                                <Record Type="com.sap.vocabularies.Common.v1.ValueListParameterDisplayOnly">
                                    <PropertyValue Property="ValueListProperty" String="WAERS"/>
                                </Record>
                            </Collection>
                        </PropertyValue>
                    </Record>
                </Annotation>
            </Annotations>
            <Annotations
                xmlns="http://docs.oasis-open.org/odata/ns/edm" Target="ZPRS_COLL_LIST_SRV.CollectionList/Leadpartnerk">
                <Annotation Term="com.sap.vocabularies.Common.v1.ValueList">
                    <Record>
                        <PropertyValue Property="Label" String="Personnel Number Search Help"/>
                        <PropertyValue Property="CollectionPath" String="VL_SH_ZPRS_SH_LEAD_PARTNER"/>
                        <PropertyValue Property="SearchSupported" Bool="true"/>
                        <PropertyValue Property="Parameters">
                            <Collection>
                                <Record Type="com.sap.vocabularies.Common.v1.ValueListParameterInOut">
                                    <PropertyValue Property="LocalDataProperty" PropertyPath="Leadpartnerk"/>
                                    <PropertyValue Property="ValueListProperty" String="PERNR"/>
                                </Record>
                                <Record Type="com.sap.vocabularies.Common.v1.ValueListParameterDisplayOnly">
                                    <PropertyValue Property="ValueListProperty" String="NACHN"/>
                                </Record>
                                <Record Type="com.sap.vocabularies.Common.v1.ValueListParameterDisplayOnly">
                                    <PropertyValue Property="ValueListProperty" String="VORNA"/>
                                </Record>
                            </Collection>
                        </PropertyValue>
                    </Record>
                </Annotation>
            </Annotations>
            <Annotations
                xmlns="http://docs.oasis-open.org/odata/ns/edm" Target="ZPRS_COLL_LIST_SRV.CollectionList/Teamk">
                <Annotation Term="com.sap.vocabularies.Common.v1.ValueList">
                    <Record>
                        <PropertyValue Property="Label" String="Search Help for Team"/>
                        <PropertyValue Property="CollectionPath" String="VL_SH_ZPRS_SH_TEAM_F"/>
                        <PropertyValue Property="SearchSupported" Bool="true"/>
                        <PropertyValue Property="Parameters">
                            <Collection>
                                <Record Type="com.sap.vocabularies.Common.v1.ValueListParameterInOut">
                                    <PropertyValue Property="LocalDataProperty" PropertyPath="Teamk"/>
                                    <PropertyValue Property="ValueListProperty" String="ZZTEAM"/>
                                </Record>
                                <Record Type="com.sap.vocabularies.Common.v1.ValueListParameterDisplayOnly">
                                    <PropertyValue Property="ValueListProperty" String="ZZDESC"/>
                                </Record>
                            </Collection>
                        </PropertyValue>
                    </Record>
                </Annotation>
            </Annotations>
            <Annotations
                xmlns="http://docs.oasis-open.org/odata/ns/edm" Target="ZPRS_COLL_LIST_SRV.CollectionList/Matterk">
                <Annotation Term="com.sap.vocabularies.Common.v1.ValueList">
                    <Record>
                        <PropertyValue Property="Label" String="FDMO Matters"/>
                        <PropertyValue Property="CollectionPath" String="VL_SH_ZPRS_SH_FDMO_PSPID_F"/>
                        <PropertyValue Property="Parameters">
                            <Collection>
                                <Record Type="com.sap.vocabularies.Common.v1.ValueListParameterInOut">
                                    <PropertyValue Property="LocalDataProperty" PropertyPath="Matterk"/>
                                    <PropertyValue Property="ValueListProperty" String="PSPID"/>
                                </Record>
                                <Record Type="com.sap.vocabularies.Common.v1.ValueListParameterDisplayOnly">
                                    <PropertyValue Property="ValueListProperty" String="POST1"/>
                                </Record>
                            </Collection>
                        </PropertyValue>
                    </Record>
                </Annotation>
            </Annotations>
            <Annotations
                xmlns="http://docs.oasis-open.org/odata/ns/edm" Target="ZPRS_COLL_LIST_SRV.CollectionList/Payerk">
                <Annotation Term="com.sap.vocabularies.Common.v1.ValueList">
                    <Record>
                        <PropertyValue Property="Label" String="Customers (general)"/>
                        <PropertyValue Property="CollectionPath" String="VL_SH_ZPRS_COLL_SH_DEBIA_F"/>
                        <PropertyValue Property="SearchSupported" Bool="true"/>
                        <PropertyValue Property="Parameters">
                            <Collection>
                                <Record Type="com.sap.vocabularies.Common.v1.ValueListParameterInOut">
                                    <PropertyValue Property="LocalDataProperty" PropertyPath="Payerk"/>
                                    <PropertyValue Property="ValueListProperty" String="KUNNR"/>
                                </Record>
                                <Record Type="com.sap.vocabularies.Common.v1.ValueListParameterDisplayOnly">
                                    <PropertyValue Property="ValueListProperty" String="NAME1"/>
                                </Record>
                            </Collection>
                        </PropertyValue>
                    </Record>
                </Annotation>
            </Annotations>
            <Annotations
                xmlns="http://docs.oasis-open.org/odata/ns/edm" Target="ZPRS_COLL_LIST_SRV.CollectionList/Clientk">
                <Annotation Term="com.sap.vocabularies.Common.v1.ValueList">
                    <Record>
                        <PropertyValue Property="Label" String="Customers (general)"/>
                        <PropertyValue Property="CollectionPath" String="VL_SH_ZPRS_COLL_SH_CDEBIA_F"/>
                        <PropertyValue Property="SearchSupported" Bool="true"/>
                        <PropertyValue Property="Parameters">
                            <Collection>
                                <Record Type="com.sap.vocabularies.Common.v1.ValueListParameterInOut">
                                    <PropertyValue Property="LocalDataProperty" PropertyPath="Clientk"/>
                                    <PropertyValue Property="ValueListProperty" String="KUNNR"/>
                                </Record>
                                <Record Type="com.sap.vocabularies.Common.v1.ValueListParameterDisplayOnly">
                                    <PropertyValue Property="ValueListProperty" String="NAME1"/>
                                </Record>
                            </Collection>
                        </PropertyValue>
                    </Record>
                </Annotation>
            </Annotations>
            <Annotations
                xmlns="http://docs.oasis-open.org/odata/ns/edm" Target="ZPRS_COLL_LIST_SRV.VL_SH_DEBIA/LAND1">
                <Annotation Term="com.sap.vocabularies.Common.v1.ValueList">
                    <Record>
                        <PropertyValue Property="Label" String="Help_View for Countries"/>
                        <PropertyValue Property="CollectionPath" String="VL_SH_H_T005"/>
                        <PropertyValue Property="Parameters">
                            <Collection>
                                <Record Type="com.sap.vocabularies.Common.v1.ValueListParameterInOut">
                                    <PropertyValue Property="LocalDataProperty" PropertyPath="LAND1"/>
                                    <PropertyValue Property="ValueListProperty" String="LAND1"/>
                                </Record>
                                <Record Type="com.sap.vocabularies.Common.v1.ValueListParameterDisplayOnly">
                                    <PropertyValue Property="ValueListProperty" String="LANDX"/>
                                </Record>
                                <Record Type="com.sap.vocabularies.Common.v1.ValueListParameterDisplayOnly">
                                    <PropertyValue Property="ValueListProperty" String="NATIO"/>
                                </Record>
                            </Collection>
                        </PropertyValue>
                    </Record>
                </Annotation>
            </Annotations>
            <atom:link
                xmlns:atom="http://www.w3.org/2005/Atom" rel="self" href="./sap/ZPRS_COLL_LIST_SRV/$metadata"/>
                <atom:link
                    xmlns:atom="http://www.w3.org/2005/Atom" rel="latest-version" href="./sap/ZPRS_COLL_LIST_SRV/$metadata"/>
                </Schema>
            </edmx:DataServices>
        </edmx:Edmx>