<core:FragmentDefinition xmlns="sap.m" xmlns:core="sap.ui.core">
	<Popover title="View Comment" class="sapUiContentPadding" placement="Left">
		<footer>
			<Toolbar>
				<ToolbarSpacer/>
				<Button text="Close" press="handlCommentClose"/>
			</Toolbar>
		</footer>
		<!--<TextArea value="{worklistView>/Comments}" cols="30" enabled="false" rows="4" />-->
		<List id="commentsList" showSeparators="Inner" items="{comModel>/WFCommentsSet}" noDataText="No Comments">
			<FeedListItem sender="{comModel>Username}" timestamp="{comModel>Date}" text="{comModel>Usercomment}"/>
		</List>
	</Popover>
</core:FragmentDefinition>