<edmx:Edmx
    xmlns:edmx="http://schemas.microsoft.com/ado/2007/06/edmx"
    xmlns:m="http://schemas.microsoft.com/ado/2007/08/dataservices/metadata"
    xmlns:sap="http://www.sap.com/Protocols/SAPData" Version="1.0">
    <edmx:DataServices m:DataServiceVersion="2.0">
        <Schema
            xmlns="http://schemas.microsoft.com/ado/2008/09/edm" Namespace="ZJCB_JOB_DAILY_SRV" xml:lang="en" sap:schema-version="1">
            <EntityType Name="Legend" sap:content-version="1">
                <Key>
                    <PropertyRef Name="LegendType"/>
                </Key>
                <Property Name="LegendType" Type="Edm.String" Nullable="false" MaxLength="6" sap:label="Legend Type" sap:creatable="false" sap:updatable="false" sap:sortable="false" sap:filterable="false"/>
                <Property Name="LegendDesc" Type="Edm.String" MaxLength="40" sap:label="Legend Description" sap:creatable="false" sap:updatable="false" sap:sortable="false" sap:filterable="false"/>
            </EntityType>
            <EntityType Name="Booking" sap:content-version="1">
                <Key>
                    <PropertyRef Name="BookId"/>
                </Key>
                <Property Name="BookId" Type="Edm.String" Nullable="false" MaxLength="10" sap:label="OLB Book ID" sap:creatable="false" sap:updatable="false" sap:sortable="false" sap:filterable="false"/>
                <Property Name="PromisedDateTime" Type="Edm.DateTimeOffset" Precision="0" sap:label="Promised Date/Time" sap:creatable="false" sap:updatable="false" sap:sortable="false" sap:filterable="false"/>
                <Property Name="JODateTime" Type="Edm.DateTimeOffset" Precision="0" sap:label="JO Creation Date/Time" sap:creatable="false" sap:updatable="false" sap:sortable="false" sap:filterable="false"/>
                <Property Name="DealerCode" Type="Edm.String" MaxLength="4" sap:label="Dealer Code" sap:creatable="false" sap:updatable="false" sap:sortable="false" sap:filterable="false"/>
                <Property Name="RegNo" Type="Edm.String" MaxLength="15" sap:label="OLB Vehicle Reg. No." sap:creatable="false" sap:updatable="false" sap:sortable="false" sap:filterable="false"/>
                <Property Name="StartDate" Type="Edm.DateTimeOffset" Precision="0" sap:label="Date" sap:creatable="false" sap:updatable="false" sap:sortable="false" sap:filterable="false"/>
                <Property Name="BookReason" Type="Edm.String" MaxLength="20" sap:label="Booking Reason" sap:creatable="false" sap:updatable="false" sap:sortable="false" sap:filterable="false"/>
                <Property Name="Duration" Type="Edm.String" MaxLength="16" sap:label="Duration (Milliseconds)" sap:creatable="false" sap:updatable="false" sap:sortable="false" sap:filterable="false"/>
                <Property Name="Remarks" Type="Edm.String" MaxLength="100" sap:label="Remarks" sap:creatable="false" sap:updatable="false" sap:sortable="false" sap:filterable="false"/>
                <Property Name="Assigned" Type="Edm.Boolean" sap:label="Assigned Flag" sap:creatable="false" sap:updatable="false" sap:sortable="false" sap:filterable="false"/>
                <Property Name="RemainHour" Type="Edm.String" MaxLength="4" sap:label="Remaining Hours" sap:creatable="false" sap:updatable="false" sap:sortable="false" sap:filterable="false"/>
                <Property Name="RemainMin" Type="Edm.String" MaxLength="2" sap:label="Remaining Minutes" sap:creatable="false" sap:updatable="false" sap:sortable="false" sap:filterable="false"/>
                <Property Name="TitleDesc" Type="Edm.String" MaxLength="30" sap:label="Title" sap:creatable="false" sap:updatable="false" sap:sortable="false" sap:filterable="false"/>
                <Property Name="Name" Type="Edm.String" MaxLength="120" sap:label="Customer Name" sap:creatable="false" sap:updatable="false" sap:sortable="false" sap:filterable="false"/>
                <Property Name="MobileNo" Type="Edm.String" MaxLength="15" sap:label="Mobile No" sap:creatable="false" sap:updatable="false" sap:sortable="false" sap:filterable="false"/>
                <Property Name="CsNo" Type="Edm.String" MaxLength="35" sap:label="CS Number" sap:creatable="false" sap:updatable="false" sap:sortable="false" sap:filterable="false"/>
                <Property Name="Mileage" Type="Edm.String" MaxLength="10" sap:label="Mileage" sap:creatable="false" sap:updatable="false" sap:sortable="false" sap:filterable="false"/>
                <Property Name="Type" Type="Edm.String" MaxLength="6" sap:label="Legend Type" sap:creatable="false" sap:updatable="false" sap:sortable="false" sap:filterable="false"/>
                <Property Name="AppointmentDateTime" Type="Edm.DateTimeOffset" Precision="0" sap:label="Appointment Date/Time" sap:creatable="false" sap:updatable="false" sap:sortable="false" sap:filterable="false"/>
                <Property Name="PickupDateTime" Type="Edm.DateTimeOffset" Precision="0" sap:label="Pickup Date/Time" sap:creatable="false" sap:updatable="false" sap:sortable="false" sap:filterable="false"/>
            </EntityType>
            <EntityType Name="VH_BayType" sap:content-version="1">
                <Key>
                    <PropertyRef Name="BayType"/>
                </Key>
                <Property Name="BayType" Type="Edm.String" Nullable="false" MaxLength="10" sap:label="Bay Category" sap:creatable="false" sap:updatable="false" sap:sortable="false" sap:filterable="false"/>
                <Property Name="Description" Type="Edm.String" MaxLength="30" sap:label="Service Bay Desc." sap:creatable="false" sap:updatable="false" sap:sortable="false" sap:filterable="false"/>
            </EntityType>
            <EntityType Name="BayFilter" sap:content-version="1">
                <Key>
                    <PropertyRef Name="BayId"/>
                </Key>
                <Property Name="BayId" Type="Edm.String" Nullable="false" MaxLength="5" sap:label="Service Bay ID" sap:creatable="false" sap:updatable="false" sap:sortable="false" sap:filterable="false"/>
                <Property Name="BayType" Type="Edm.String" MaxLength="10" sap:label="Bay Category" sap:creatable="false" sap:updatable="false" sap:sortable="false" sap:filterable="false"/>
                <Property Name="Description" Type="Edm.String" MaxLength="30" sap:label="Service Bay Desc." sap:creatable="false" sap:updatable="false" sap:sortable="false" sap:filterable="false"/>
            </EntityType>
            <EntityType Name="VH_BookReason" sap:content-version="1">
                <Key>
                    <PropertyRef Name="BookReason"/>
                </Key>
                <Property Name="BookReason" Type="Edm.String" Nullable="false" MaxLength="10" sap:label="Book Reason" sap:creatable="false" sap:updatable="false" sap:sortable="false" sap:filterable="false"/>
                <Property Name="Description" Type="Edm.String" MaxLength="30" sap:label="Description" sap:creatable="false" sap:updatable="false" sap:sortable="false" sap:filterable="false"/>
            </EntityType>
            <EntityType Name="AppControl" sap:content-version="1">
                <Key>
                    <PropertyRef Name="WorkStart"/>
                </Key>
                <Property Name="WorkStart" Type="Edm.Time" Nullable="false" Precision="0" sap:label="Working Start At" sap:creatable="false" sap:updatable="false" sap:sortable="false" sap:filterable="false"/>
                <Property Name="WorkEnd" Type="Edm.Time" Precision="0" sap:label="End at" sap:creatable="false" sap:updatable="false" sap:sortable="false" sap:filterable="false"/>
            </EntityType>
            <EntityType Name="Bay" sap:content-version="1">
                <Key>
                    <PropertyRef Name="BayId"/>
                </Key>
                <Property Name="BayId" Type="Edm.String" Nullable="false" MaxLength="5" sap:label="Service Bay ID" sap:creatable="false" sap:updatable="false"/>
                <Property Name="Lifter" Type="Edm.Boolean" sap:label="Lifter Indicator" sap:creatable="false" sap:updatable="false" sap:sortable="false"/>
                <Property Name="RegNo" Type="Edm.String" Nullable="false" MaxLength="15" sap:label="Plate No./CS No." sap:creatable="false" sap:updatable="false" sap:sortable="false"/>
                <Property Name="StartDate" Type="Edm.DateTimeOffset" Precision="0" sap:label="Start" sap:creatable="false" sap:updatable="false"/>
                <Property Name="EndDate" Type="Edm.DateTimeOffset" Precision="0" sap:label="End" sap:creatable="false" sap:updatable="false"/>
                <Property Name="BookReason" Type="Edm.String" MaxLength="20" sap:label="Booking Reason" sap:creatable="false" sap:updatable="false"/>
                <Property Name="BayType" Type="Edm.String" Nullable="false" MaxLength="10" sap:label="Bay Category" sap:creatable="false" sap:updatable="false"/>
                <Property Name="Description" Type="Edm.String" MaxLength="30" sap:label="Service Bay Desc." sap:creatable="false" sap:updatable="false"/>
                <NavigationProperty Name="Appointments" Relationship="ZJCB_JOB_DAILY_SRV.BaysToAppointments" FromRole="FromRole_BaysToAppointments" ToRole="ToRole_BaysToAppointments"/>
            </EntityType>
            <EntityType Name="Appointments" sap:content-version="1">
                <Key>
                    <PropertyRef Name="WorkshopID"/>
                </Key>
                <Property Name="PromisedDateTime" Type="Edm.DateTimeOffset" Precision="0" sap:label="Promised Date/Time" sap:creatable="false" sap:updatable="false" sap:sortable="false"/>
                <Property Name="WorkshopID" Type="Edm.String" Nullable="false" MaxLength="32" sap:label="Workshop ID" sap:updatable="false" sap:sortable="false"/>
                <Property Name="JODateTime" Type="Edm.DateTimeOffset" Precision="0" sap:label="JO Creation Date/Time" sap:sortable="false"/>
                <Property Name="StartDate" Type="Edm.DateTimeOffset" Precision="0" sap:label="Start Date" sap:sortable="false"/>
                <Property Name="EndDate" Type="Edm.DateTimeOffset" Precision="0" sap:label="End Date" sap:sortable="false"/>
                <Property Name="BookId" Type="Edm.String" Nullable="false" MaxLength="25" sap:label="OLB Book ID" sap:sortable="false"/>
                <Property Name="DealerCode" Type="Edm.String" MaxLength="4" sap:label="Dealer Code" sap:sortable="false"/>
                <Property Name="RegNo" Type="Edm.String" MaxLength="15" sap:label="OLB Vehicle Reg. No." sap:sortable="false"/>
                <Property Name="Remarks" Type="Edm.String" MaxLength="100" sap:label="Remarks" sap:sortable="false"/>
                <Property Name="Type" Type="Edm.String" MaxLength="6" sap:label="Legend Type" sap:sortable="false"/>
                <Property Name="Icon" Type="Edm.String" MaxLength="20" sap:label="Icon" sap:sortable="false"/>
                <Property Name="BookReason" Type="Edm.String" MaxLength="20" sap:label="Booking Reason" sap:sortable="false"/>
                <Property Name="BayId" Type="Edm.String" Nullable="false" MaxLength="5" sap:label="Service Bay ID" sap:sortable="false"/>
                <Property Name="TitleDesc" Type="Edm.String" MaxLength="30" sap:label="Title" sap:sortable="false"/>
                <Property Name="Name" Type="Edm.String" MaxLength="120" sap:label="Customer Name" sap:sortable="false"/>
                <Property Name="MobileNo" Type="Edm.String" MaxLength="15" sap:label="Mobile No" sap:sortable="false"/>
                <Property Name="CsNo" Type="Edm.String" MaxLength="35" sap:label="CS Number" sap:sortable="false"/>
                <Property Name="Mileage" Type="Edm.String" MaxLength="10" sap:label="Mileage" sap:sortable="false"/>
                <Property Name="AppointmentDateTime" Type="Edm.DateTimeOffset" Precision="0" sap:label="Booked Date/Time" sap:sortable="false"/>
                <Property Name="PickupDateTime" Type="Edm.DateTimeOffset" Precision="0" sap:label="Pickup Date/Time" sap:sortable="false"/>
                <Property Name="Editable" Type="Edm.Boolean" sap:label="Editable Flag" sap:sortable="false"/>
                <NavigationProperty Name="Bay" Relationship="ZJCB_JOB_DAILY_SRV.BaysToAppointments" FromRole="ToRole_BaysToAppointments" ToRole="FromRole_BaysToAppointments"/>
            </EntityType>
            <Association Name="BaysToAppointments" sap:content-version="1">
                <End Type="ZJCB_JOB_DAILY_SRV.Bay" Multiplicity="1" Role="FromRole_BaysToAppointments"/>
                <End Type="ZJCB_JOB_DAILY_SRV.Appointments" Multiplicity="*" Role="ToRole_BaysToAppointments"/>
                <ReferentialConstraint>
                    <Principal Role="FromRole_BaysToAppointments">
                        <PropertyRef Name="BayId"/>
                    </Principal>
                    <Dependent Role="ToRole_BaysToAppointments">
                        <PropertyRef Name="BayId"/>
                    </Dependent>
                </ReferentialConstraint>
            </Association>
            <EntityContainer Name="ZJCB_JOB_DAILY_SRV_Entities" m:IsDefaultEntityContainer="true" sap:supported-formats="atom json xlsx">
                <EntitySet Name="LegendSet" EntityType="ZJCB_JOB_DAILY_SRV.Legend" sap:creatable="false" sap:updatable="false" sap:deletable="false" sap:pageable="false" sap:content-version="1"/>
                <EntitySet Name="BookingSet" EntityType="ZJCB_JOB_DAILY_SRV.Booking" sap:creatable="false" sap:updatable="false" sap:deletable="false" sap:pageable="false" sap:content-version="1"/>
                <EntitySet Name="VH_BayTypeSet" EntityType="ZJCB_JOB_DAILY_SRV.VH_BayType" sap:creatable="false" sap:updatable="false" sap:deletable="false" sap:pageable="false" sap:content-version="1"/>
                <EntitySet Name="BayFilterSet" EntityType="ZJCB_JOB_DAILY_SRV.BayFilter" sap:creatable="false" sap:updatable="false" sap:deletable="false" sap:pageable="false" sap:content-version="1"/>
                <EntitySet Name="VH_BookReasonSet" EntityType="ZJCB_JOB_DAILY_SRV.VH_BookReason" sap:creatable="false" sap:updatable="false" sap:deletable="false" sap:pageable="false" sap:content-version="1"/>
                <EntitySet Name="AppControlSet" EntityType="ZJCB_JOB_DAILY_SRV.AppControl" sap:creatable="false" sap:updatable="false" sap:deletable="false" sap:pageable="false" sap:addressable="false" sap:content-version="1"/>
                <EntitySet Name="BaySet" EntityType="ZJCB_JOB_DAILY_SRV.Bay" sap:creatable="false" sap:updatable="false" sap:deletable="false" sap:pageable="false" sap:content-version="1"/>
                <EntitySet Name="Appointments" EntityType="ZJCB_JOB_DAILY_SRV.Appointments" sap:creatable="false" sap:updatable="false" sap:deletable="false" sap:pageable="false" sap:addressable="false" sap:content-version="1"/>
                <AssociationSet Name="BaysToAppointmentsSet" Association="ZJCB_JOB_DAILY_SRV.BaysToAppointments" sap:creatable="false" sap:updatable="false" sap:deletable="false" sap:content-version="1">
                    <End EntitySet="BaySet" Role="FromRole_BaysToAppointments"/>
                    <End EntitySet="Appointments" Role="ToRole_BaysToAppointments"/>
                </AssociationSet>
            </EntityContainer>
            <atom:link
                xmlns:atom="http://www.w3.org/2005/Atom" rel="self" href="http://sapdbm.toyota.com.ph:44300/sap/opu/odata/sap/ZJCB_JOB_DAILY_SRV/$metadata"/>
                <atom:link
                    xmlns:atom="http://www.w3.org/2005/Atom" rel="latest-version" href="http://sapdbm.toyota.com.ph:44300/sap/opu/odata/sap/ZJCB_JOB_DAILY_SRV/$metadata"/>
                </Schema>
            </edmx:DataServices>
        </edmx:Edmx>