<edmx:Edmx
    xmlns:edmx="http://schemas.microsoft.com/ado/2007/06/edmx"
    xmlns:m="http://schemas.microsoft.com/ado/2007/08/dataservices/metadata"
    xmlns:sap="http://www.sap.com/Protocols/SAPData" Version="1.0">
    <edmx:DataServices m:DataServiceVersion="2.0">
        <Schema
            xmlns="http://schemas.microsoft.com/ado/2008/09/edm" Namespace="ZAM_LEASE_EXPIRATION_SRV" xml:lang="en" sap:schema-version="1">
            <EntityType Name="ZLeaseExpiration" sap:content-version="1">
                <Key>
                    <PropertyRef Name="AccountId"/>
                    <PropertyRef Name="EquipmentNo"/>
                </Key>
                <Property Name="AccountId" Type="Edm.String" Nullable="false" MaxLength="10" sap:label="BusinessPartner" sap:creatable="false" sap:updatable="false" sap:sortable="false" sap:filterable="false"/>
                <Property Name="EquipmentNo" Type="Edm.String" Nullable="false" MaxLength="18" sap:label="Equipment" sap:creatable="false" sap:updatable="false" sap:sortable="false" sap:filterable="false"/>
                <Property Name="Model" Type="Edm.String" Nullable="false" MaxLength="40" sap:label="Model" sap:creatable="false" sap:updatable="false" sap:sortable="false" sap:filterable="false"/>
                <Property Name="Owner" Type="Edm.String" Nullable="false" MaxLength="10" sap:label="BusinessPartner" sap:creatable="false" sap:updatable="false" sap:sortable="false" sap:filterable="false"/>
                <Property Name="AccountName" Type="Edm.String" Nullable="false" MaxLength="40" sap:label="Account Name" sap:creatable="false" sap:updatable="false" sap:sortable="false" sap:filterable="false"/>
                <Property Name="InstDate" Type="Edm.String" Nullable="false" MaxLength="8" sap:label="Install Date" sap:creatable="false" sap:updatable="false" sap:sortable="false" sap:filterable="false"/>
                <Property Name="LeaseExpiryDate" Type="Edm.String" Nullable="false" MaxLength="8" sap:label="Lease Expiry Date" sap:creatable="false" sap:updatable="false" sap:sortable="false" sap:filterable="false"/>
                <Property Name="LeaseCompany" Type="Edm.String" Nullable="false" MaxLength="50" sap:label="Lease Company" sap:creatable="false" sap:updatable="false" sap:sortable="false" sap:filterable="false"/>
                <Property Name="ContractId" Type="Edm.String" Nullable="false" MaxLength="10" sap:label="Transaction No." sap:creatable="false" sap:updatable="false" sap:sortable="false" sap:filterable="false"/>
                <Property Name="LatestAppt" Type="Edm.String" Nullable="false" MaxLength="8" sap:label="Latest Appointment" sap:creatable="false" sap:updatable="false" sap:sortable="false" sap:filterable="false"/>
                <Property Name="LatestOppt" Type="Edm.String" Nullable="false" MaxLength="8" sap:label="Latest Opportunity" sap:creatable="false" sap:updatable="false" sap:sortable="false" sap:filterable="false"/>
            </EntityType>
            <EntityContainer Name="ZAM_LEASE_EXPIRATION_SRV_Entities" m:IsDefaultEntityContainer="true" sap:supported-formats="atom json xlsx">
                <EntitySet Name="ZLeaseExpirationSet" EntityType="ZAM_LEASE_EXPIRATION_SRV.ZLeaseExpiration" sap:creatable="false" sap:updatable="false" sap:deletable="false" sap:pageable="false" sap:content-version="1"/>
            </EntityContainer>
            <atom:link
                xmlns:atom="http://www.w3.org/2005/Atom" rel="self" href="./sap/ZAM_LEASE_EXPIRATION_SRV/$metadata"/>
                <atom:link
                    xmlns:atom="http://www.w3.org/2005/Atom" rel="latest-version" href="./sap/ZAM_LEASE_EXPIRATION_SRV/$metadata"/>
                </Schema>
            </edmx:DataServices>
        </edmx:Edmx>