<edmx:Edmx
    xmlns:edmx="http://schemas.microsoft.com/ado/2007/06/edmx"
    xmlns:m="http://schemas.microsoft.com/ado/2007/08/dataservices/metadata"
    xmlns:sap="http://www.sap.com/Protocols/SAPData" Version="1.0">
    <edmx:DataServices m:DataServiceVersion="2.0">
        <Schema
            xmlns="http://schemas.microsoft.com/ado/2008/09/edm" Namespace="ZPRS_BILL_EDIT_SRV" xml:lang="en" sap:schema-version="1">
            <EntityType Name="Matter" sap:content-version="1">
                <Key>
                    <PropertyRef Name="Pspid"/>
                </Key>
                <Property Name="Pspid" Type="Edm.String" Nullable="false" MaxLength="24" sap:label="Project Def." sap:creatable="false" sap:updatable="false" sap:sortable="false" sap:filterable="false"/>
                <Property Name="Post1" Type="Edm.String" Nullable="false" MaxLength="40" sap:label="Description" sap:creatable="false" sap:updatable="false" sap:sortable="false" sap:filterable="false"/>
            </EntityType>
            <EntityType Name="GetLog" sap:content-version="1">
                <Key>
                    <PropertyRef Name="Vbeln"/>
                    <PropertyRef Name="Action"/>
                    <PropertyRef Name="VbelnVF"/>
                </Key>
                <Property Name="Vbeln" Type="Edm.String" Nullable="false" MaxLength="10" sap:label="Sales Document" sap:creatable="false" sap:updatable="false" sap:sortable="false" sap:filterable="false"/>
                <Property Name="Action" Type="Edm.String" Nullable="false" MaxLength="3" sap:label="Action" sap:creatable="false" sap:updatable="false" sap:sortable="false" sap:filterable="false"/>
                <Property Name="VbelnVF" Type="Edm.String" Nullable="false" MaxLength="10" sap:label="Billing Doc." sap:creatable="false" sap:updatable="false" sap:sortable="false" sap:filterable="false"/>
                <Property Name="Zzgrpbill" Type="Edm.String" Nullable="false" MaxLength="24" sap:label="Group Billing ID" sap:creatable="false" sap:updatable="false" sap:sortable="false" sap:filterable="false"/>
                <Property Name="Uname" Type="Edm.String" Nullable="false" MaxLength="12" sap:label="User Name" sap:creatable="false" sap:updatable="false" sap:sortable="false" sap:filterable="false"/>
                <Property Name="Error" Type="Edm.String" Nullable="false" MaxLength="1" sap:label="Message Type" sap:creatable="false" sap:updatable="false" sap:sortable="false" sap:filterable="false"/>
                <Property Name="Message" Type="Edm.String" Nullable="false" MaxLength="50" sap:label="Message var." sap:creatable="false" sap:updatable="false" sap:sortable="false" sap:filterable="false"/>
                <Property Name="Timestamp" Type="Edm.DateTime" Nullable="false" Precision="7" sap:label="Time Stamp" sap:creatable="false" sap:updatable="false" sap:sortable="false" sap:filterable="false"/>
                <Property Name="Status" Type="Edm.String" Nullable="false" MaxLength="1" sap:label="Status" sap:creatable="false" sap:updatable="false" sap:sortable="false" sap:filterable="false"/>
            </EntityType>
            <EntityType Name="FBMassOutputType" sap:content-version="1">
                <Key>
                    <PropertyRef Name="Kappl"/>
                    <PropertyRef Name="Kschl"/>
                    <PropertyRef Name="Vbeln"/>
                </Key>
                <Property Name="Kappl" Type="Edm.String" Nullable="false" MaxLength="2" sap:label="Application" sap:creatable="false" sap:updatable="false" sap:sortable="false" sap:filterable="false"/>
                <Property Name="Kschl" Type="Edm.String" Nullable="false" MaxLength="4" sap:label="Condition Type" sap:creatable="false" sap:updatable="false" sap:sortable="false" sap:filterable="false"/>
                <Property Name="Vtext" Type="Edm.String" Nullable="false" MaxLength="20" sap:label="Description" sap:creatable="false" sap:updatable="false" sap:sortable="false" sap:filterable="false"/>
                <Property Name="Pspid" Type="Edm.String" Nullable="false" MaxLength="24" sap:label="Project Def." sap:creatable="false" sap:updatable="false" sap:sortable="false" sap:filterable="false"/>
                <Property Name="Default" Type="Edm.String" Nullable="false" MaxLength="1" sap:label="Char01" sap:creatable="false" sap:updatable="false" sap:sortable="false" sap:filterable="false"/>
                <Property Name="Vbeln" Type="Edm.String" Nullable="false" MaxLength="10" sap:label="Sales Document" sap:creatable="false" sap:updatable="false" sap:sortable="false" sap:filterable="false"/>
                <Property Name="VbelnVf" Type="Edm.String" Nullable="false" MaxLength="10" sap:label="Billing Doc." sap:creatable="false" sap:updatable="false" sap:sortable="false" sap:filterable="false"/>
                <Property Name="Isexternal" Type="Edm.String" Nullable="false" MaxLength="1" sap:label="Single-Character Indicator" sap:creatable="false" sap:updatable="false" sap:sortable="false" sap:filterable="false"/>
                <Property Name="Iserror" Type="Edm.String" Nullable="false" MaxLength="1" sap:label="Single-Character Indicator" sap:creatable="false" sap:updatable="false" sap:sortable="false" sap:filterable="false"/>
                <Property Name="Message" Type="Edm.String" Nullable="false" MaxLength="1000" sap:label="Message String" sap:creatable="false" sap:updatable="false" sap:sortable="false" sap:filterable="false"/>
            </EntityType>
            <EntityType Name="FinalBillType" sap:content-version="1">
                <Key>
                    <PropertyRef Name="Fkart"/>
                </Key>
                <Property Name="Fkart" Type="Edm.String" Nullable="false" MaxLength="4" sap:label="Billing Type" sap:creatable="false" sap:updatable="false" sap:sortable="false" sap:filterable="false"/>
                <Property Name="Vtext" Type="Edm.String" Nullable="false" MaxLength="20" sap:label="Description" sap:creatable="false" sap:updatable="false" sap:sortable="false" sap:filterable="false"/>
            </EntityType>
            <EntityType Name="DBCreateLog" sap:content-version="1">
                <Key>
                    <PropertyRef Name="Username"/>
                    <PropertyRef Name="Pspid"/>
                </Key>
                <Property Name="Username" Type="Edm.String" Nullable="false" MaxLength="12" sap:label="User" sap:creatable="false" sap:updatable="false" sap:sortable="false" sap:filterable="false"/>
                <Property Name="Pspid" Type="Edm.String" Nullable="false" MaxLength="24" sap:label="Project Def." sap:creatable="false" sap:updatable="false" sap:sortable="false" sap:filterable="false"/>
                <Property Name="BudatFrom" Type="Edm.DateTime" Nullable="false" Precision="7" sap:label="Posting Date" sap:creatable="false" sap:updatable="false" sap:sortable="false" sap:filterable="false"/>
                <Property Name="BudatTo" Type="Edm.DateTime" Nullable="false" Precision="7" sap:label="Posting Date" sap:creatable="false" sap:updatable="false" sap:sortable="false" sap:filterable="false"/>
                <Property Name="Submit" Type="Edm.String" Nullable="false" MaxLength="1" sap:label="Submit to Reviewer" sap:creatable="false" sap:updatable="false" sap:sortable="false" sap:filterable="false"/>
                <Property Name="ZzcreSource" Type="Edm.String" Nullable="false" MaxLength="1" sap:label="Source System" sap:creatable="false" sap:updatable="false" sap:sortable="false" sap:filterable="false"/>
                <Property Name="Vbeln" Type="Edm.String" Nullable="false" MaxLength="10" sap:label="Sales Document" sap:creatable="false" sap:updatable="false" sap:sortable="false" sap:filterable="false"/>
                <Property Name="Iserror" Type="Edm.String" Nullable="false" MaxLength="1" sap:label="Boolean" sap:creatable="false" sap:updatable="false" sap:sortable="false" sap:filterable="false"/>
                <Property Name="Message" Type="Edm.String" Nullable="false" MaxLength="1000" sap:label="Message String" sap:creatable="false" sap:updatable="false" sap:sortable="false" sap:filterable="false"/>
            </EntityType>
            <EntityType Name="ChangeStatusLog" sap:content-version="1">
                <Key>
                    <PropertyRef Name="Vbeln"/>
                </Key>
                <Property Name="Vbeln" Type="Edm.String" Nullable="false" MaxLength="10" sap:label="Sales Document" sap:creatable="false" sap:updatable="false" sap:sortable="false" sap:filterable="false"/>
                <Property Name="TypeOfApproval" Type="Edm.String" Nullable="false" MaxLength="1" sap:label="DB Approval Type" sap:creatable="false" sap:updatable="false" sap:sortable="false" sap:filterable="false"/>
                <Property Name="OldStatus" Type="Edm.String" Nullable="false" MaxLength="4" sap:label="Status" sap:creatable="false" sap:updatable="false" sap:sortable="false" sap:filterable="false"/>
                <Property Name="NewStatus" Type="Edm.String" Nullable="false" MaxLength="4" sap:label="Status" sap:creatable="false" sap:updatable="false" sap:sortable="false" sap:filterable="false"/>
                <Property Name="Error" Type="Edm.String" Nullable="false" MaxLength="1" sap:label="Boolean" sap:creatable="false" sap:updatable="false" sap:sortable="false" sap:filterable="false"/>
                <Property Name="Message" Type="Edm.String" Nullable="false" sap:label="String - Case Sensitive" sap:creatable="false" sap:updatable="false" sap:sortable="false" sap:filterable="false"/>
            </EntityType>
            <EntityType Name="BillSummary" sap:content-version="1">
                <Key>
                    <PropertyRef Name="Vbeln"/>
                </Key>
                <Property Name="BlockNarrative" Type="Edm.String" Nullable="false" sap:label="String - Case Sensitive" sap:creatable="false" sap:updatable="false" sap:sortable="false" sap:filterable="false"/>
                <Property Name="CreationSource" Type="Edm.String" Nullable="false" MaxLength="1" sap:label="Source System" sap:creatable="false" sap:updatable="false" sap:sortable="false" sap:filterable="false"/>
                <Property Name="Iseditable" Type="Edm.String" Nullable="false" MaxLength="1" sap:label="Boolean" sap:creatable="false" sap:updatable="false" sap:sortable="false" sap:filterable="false"/>
                <Property Name="Zzcredittax" Type="Edm.String" Nullable="false" MaxLength="20" sap:label="Credit Tax" sap:creatable="false" sap:updatable="false" sap:sortable="false" sap:filterable="false"/>
                <Property Name="SearchString" Type="Edm.String" Nullable="false" sap:label="String - Case Sensitive" sap:creatable="false" sap:updatable="false" sap:sortable="false" sap:filterable="false"/>
                <Property Name="TypeOfApproval" Type="Edm.String" Nullable="false" MaxLength="1" sap:label="DB Approval Type" sap:creatable="false" sap:updatable="false" sap:sortable="false" sap:filterable="false"/>
                <Property Name="VbelnVf" Type="Edm.String" Nullable="false" MaxLength="10" sap:label="Billing Doc." sap:creatable="false" sap:updatable="false" sap:sortable="false" sap:filterable="false"/>
                <Property Name="UserRole" Type="Edm.String" Nullable="false" MaxLength="2" sap:label="Current Agent" sap:creatable="false" sap:updatable="false" sap:sortable="false" sap:filterable="false"/>
                <Property Name="WfStatusText" Type="Edm.String" Nullable="false" MaxLength="50" sap:label="Draft WF Status" sap:creatable="false" sap:updatable="false" sap:sortable="false" sap:filterable="false"/>
                <Property Name="WfStatus" Type="Edm.String" Nullable="false" sap:label="Draft Bill Status" sap:creatable="false" sap:updatable="false" sap:sortable="false" sap:filterable="false"/>
                <Property Name="WhtTax" Type="Edm.Decimal" Nullable="false" Precision="12" Scale="3" sap:unit="Waers" sap:label="Amount" sap:creatable="false" sap:updatable="false" sap:sortable="false" sap:filterable="false"/>
                <Property Name="Vbeln" Type="Edm.String" Nullable="false" MaxLength="10" sap:label="Draft Bill Number" sap:creatable="false" sap:updatable="false" sap:sortable="false"/>
                <Property Name="WfComments" Type="Edm.String" Nullable="false" sap:label="String - Case Sensitive" sap:creatable="false" sap:updatable="false" sap:sortable="false" sap:filterable="false"/>
                <Property Name="DbCreate" Type="Edm.String" Nullable="false" MaxLength="1" sap:label="SelField - Indicator to check for late WIP" sap:creatable="false" sap:updatable="false" sap:sortable="false" sap:filterable="false"/>
                <Property Name="DbDate" Type="Edm.DateTime" Precision="7" sap:label="Draft Bill Date Range" sap:creatable="false" sap:updatable="false" sap:sortable="false" sap:filterable="false"/>
                <Property Name="Budat" Type="Edm.DateTime" Precision="7" sap:label="Late WIP Date Range" sap:creatable="false" sap:updatable="false" sap:sortable="false"/>
                <Property Name="Client" Type="Edm.String" Nullable="false" MaxLength="10" sap:label="Client" sap:creatable="false" sap:updatable="false" sap:sortable="false"/>
                <Property Name="MpatnerParvw" Type="Edm.String" Nullable="false" MaxLength="2" sap:label="SelField -  Partner Functn" sap:creatable="false" sap:updatable="false" sap:sortable="false"/>
                <Property Name="Mpatner" Type="Edm.String" Nullable="false" MaxLength="8" sap:label="SelFileld -  Partner" sap:creatable="false" sap:updatable="false" sap:sortable="false"/>
                <Property Name="Pspid" Type="Edm.String" Nullable="false" MaxLength="24" sap:label="SelField -  Matter Number" sap:creatable="false" sap:updatable="false" sap:sortable="false"/>
                <Property Name="Rptgroup" Type="Edm.String" Nullable="false" MaxLength="24" sap:label="SelField - Matter Reporting Grp" sap:creatable="false" sap:updatable="false" sap:sortable="false"/>
                <Property Name="Mgbill" Type="Edm.String" Nullable="false" MaxLength="24" sap:label="SelField - Group Billing ID" sap:creatable="false" sap:updatable="false" sap:sortable="false"/>
                <Property Name="Vkorg" Type="Edm.String" Nullable="false" MaxLength="4" sap:label="SelField - Sales Org." sap:creatable="false" sap:updatable="false" sap:sortable="false"/>
                <Property Name="Werks" Type="Edm.String" Nullable="false" MaxLength="4" sap:label="SelField - Billing Office" sap:creatable="false" sap:updatable="false" sap:sortable="false"/>
                <Property Name="Erdat" Type="Edm.DateTime" Precision="7" sap:label="Created on" sap:creatable="false" sap:updatable="false" sap:sortable="false" sap:filterable="false"/>
                <Property Name="Status" Type="Edm.String" Nullable="false" sap:label="Draft Bill Status" sap:creatable="false" sap:updatable="false" sap:sortable="false" sap:filterable="false"/>
                <Property Name="Post1" Type="Edm.String" Nullable="false" MaxLength="40" sap:label="Matter Description" sap:creatable="false" sap:updatable="false" sap:sortable="false" sap:filterable="false"/>
                <Property Name="Taxk1" Type="Edm.String" Nullable="false" MaxLength="1" sap:label="Tax Status" sap:creatable="false" sap:updatable="false" sap:sortable="false" sap:filterable="false"/>
                <Property Name="Kursk" Type="Edm.Decimal" Nullable="false" Precision="9" Scale="5" sap:label="Exchange Rate" sap:creatable="false" sap:updatable="false" sap:sortable="false" sap:filterable="false"/>
                <Property Name="Waers" Type="Edm.String" Nullable="false" MaxLength="5" sap:label="Currency" sap:creatable="false" sap:updatable="false" sap:sortable="false" sap:filterable="false" sap:semantics="currency-code"/>
                <Property Name="NetFees" Type="Edm.Decimal" Nullable="false" Precision="16" Scale="3" sap:unit="Waers" sap:label="Net Fees" sap:creatable="false" sap:updatable="false" sap:sortable="false" sap:filterable="false"/>
                <Property Name="NetCost" Type="Edm.Decimal" Nullable="false" Precision="16" Scale="3" sap:unit="Waers" sap:label="Net Disbursments" sap:creatable="false" sap:updatable="false" sap:sortable="false" sap:filterable="false"/>
                <Property Name="Discount" Type="Edm.Decimal" Nullable="false" Precision="16" Scale="3" sap:unit="Waers" sap:label="Discount" sap:creatable="false" sap:updatable="false" sap:sortable="false" sap:filterable="false"/>
                <Property Name="DiscPercent" Type="Edm.Decimal" Nullable="false" Precision="9" Scale="3" sap:label="Discount Percentage" sap:creatable="false" sap:updatable="false" sap:sortable="false" sap:filterable="false"/>
                <Property Name="DiscAmount" Type="Edm.Decimal" Nullable="false" Precision="14" Scale="3" sap:unit="Waers" sap:label="Discount Amount" sap:creatable="false" sap:updatable="false" sap:sortable="false" sap:filterable="false"/>
                <Property Name="Tax" Type="Edm.Decimal" Nullable="false" Precision="14" Scale="3" sap:unit="Waers" sap:label="Tax amount" sap:creatable="false" sap:updatable="false" sap:sortable="false" sap:filterable="false"/>
                <Property Name="NetAmount" Type="Edm.Decimal" Nullable="false" Precision="16" Scale="3" sap:unit="Waers" sap:label="Net Total" sap:creatable="false" sap:updatable="false" sap:sortable="false" sap:filterable="false"/>
                <Property Name="Zterm" Type="Edm.String" Nullable="false" MaxLength="4" sap:label="Payt Terms" sap:creatable="false" sap:updatable="false" sap:sortable="false" sap:filterable="false"/>
                <Property Name="Audat" Type="Edm.DateTime" Precision="7" sap:label="Service Period" sap:creatable="false" sap:updatable="false" sap:sortable="false" sap:filterable="false"/>
                <Property Name="Bstdk" Type="Edm.DateTime" Precision="7" sap:label="Invoice Date" sap:creatable="false" sap:updatable="false" sap:sortable="false" sap:filterable="false"/>
                <Property Name="Kunrg" Type="Edm.String" Nullable="false" MaxLength="10" sap:label="Payer" sap:creatable="false" sap:updatable="false" sap:sortable="false" sap:filterable="false"/>
                <Property Name="BillingPartner" Type="Edm.String" Nullable="false" MaxLength="10" sap:label="Payer" sap:creatable="false" sap:updatable="false" sap:sortable="false" sap:filterable="false"/>
                <Property Name="BillingCoord" Type="Edm.String" Nullable="false" sap:label="Billing Coordinator" sap:creatable="false" sap:updatable="false" sap:sortable="false" sap:filterable="false"/>
                <Property Name="MatterMattorney" Type="Edm.String" Nullable="false" sap:label="Matter Management Attorney" sap:creatable="false" sap:updatable="false" sap:sortable="false" sap:filterable="false"/>
                <Property Name="Reviewer" Type="Edm.String" Nullable="false" sap:label="Reviewer" sap:creatable="false" sap:updatable="false" sap:sortable="false" sap:filterable="false"/>
                <Property Name="Zzcreditcurr" Type="Edm.String" Nullable="false" MaxLength="5" sap:label="Credit Memo Curr" sap:creatable="false" sap:updatable="false" sap:sortable="false" sap:filterable="false" sap:semantics="currency-code"/>
                <Property Name="Zzcreditamt" Type="Edm.Decimal" Nullable="false" Precision="16" Scale="3" sap:unit="Zzcreditcurr" sap:label="Credit Amount" sap:creatable="false" sap:updatable="false" sap:sortable="false" sap:filterable="false"/>
                <Property Name="Zzfundcurr" Type="Edm.String" Nullable="false" MaxLength="5" sap:label="Funds Curr" sap:creatable="false" sap:updatable="false" sap:sortable="false" sap:filterable="false" sap:semantics="currency-code"/>
                <Property Name="Zzfundsamt" Type="Edm.Decimal" Nullable="false" Precision="16" Scale="3" sap:unit="Zzfundcurr" sap:label="Funds Amount" sap:creatable="false" sap:updatable="false" sap:sortable="false" sap:filterable="false"/>
                <Property Name="Zztrustcurr" Type="Edm.String" Nullable="false" MaxLength="5" sap:label="Trust Currency" sap:creatable="false" sap:updatable="false" sap:sortable="false" sap:filterable="false" sap:semantics="currency-code"/>
                <Property Name="Zztrustamt" Type="Edm.Decimal" Nullable="false" Precision="16" Scale="3" sap:unit="Zztrustcurr" sap:label="Trust Amount" sap:creatable="false" sap:updatable="false" sap:sortable="false" sap:filterable="false"/>
                <Property Name="HeaderText" Type="Edm.String" Nullable="false" sap:label="Header Text" sap:creatable="false" sap:updatable="false" sap:sortable="false" sap:filterable="false"/>
                <Property Name="BaName" Type="Edm.String" Nullable="false" sap:label="Billing Attorney Nam" sap:creatable="false" sap:updatable="false" sap:sortable="false" sap:filterable="false"/>
                <Property Name="ClientName" Type="Edm.String" Nullable="false" sap:label="Cient Name" sap:creatable="false" sap:updatable="false" sap:sortable="false" sap:filterable="false"/>
                <Property Name="PayerName" Type="Edm.String" Nullable="false" sap:label="Payer Name" sap:creatable="false" sap:updatable="false" sap:sortable="false" sap:filterable="false"/>
                <Property Name="MatterMattorneyName" Type="Edm.String" Nullable="false" sap:label="Matter Management Attorney Name" sap:creatable="false" sap:updatable="false" sap:sortable="false" sap:filterable="false"/>
                <Property Name="BillingCoordName" Type="Edm.String" Nullable="false" sap:label="Billing Co-ordinator" sap:creatable="false" sap:updatable="false" sap:sortable="false" sap:filterable="false"/>
                <Property Name="MatterLongName" Type="Edm.String" Nullable="false" sap:label="Matter Long Text" sap:creatable="false" sap:updatable="false" sap:sortable="false" sap:filterable="false"/>
                <Property Name="ReviewerName" Type="Edm.String" Nullable="false" sap:label="Reviewer Name" sap:creatable="false" sap:updatable="false" sap:sortable="false" sap:filterable="false"/>
                <Property Name="ZtermText" Type="Edm.String" Nullable="false" sap:label="Payment Terms - Text" sap:creatable="false" sap:updatable="false" sap:sortable="false" sap:filterable="false"/>
                <Property Name="Tdname" Type="Edm.String" Nullable="false" MaxLength="70" sap:label="Matter LongName" sap:creatable="false" sap:updatable="false" sap:sortable="false" sap:filterable="false"/>
                <Property Name="Has_Late_Wip" Type="Edm.String" Nullable="false" sap:label="Has Late Wip" sap:creatable="false" sap:updatable="false" sap:sortable="false" sap:filterable="false"/>
                <Property Name="Action" Type="Edm.String" Nullable="false" sap:label="Field to Identiy User Action" sap:creatable="false" sap:updatable="false" sap:sortable="false" sap:filterable="false"/>
                <Property Name="PriceCntrl" Type="Edm.String" Nullable="false" MaxLength="1" sap:label="Pricing type - Used in Repricing" sap:creatable="false" sap:updatable="false" sap:sortable="false" sap:filterable="false"/>
                <Property Name="ToStatus" Type="Edm.String" Nullable="false" MaxLength="5" sap:label="User status" sap:creatable="false" sap:updatable="false" sap:sortable="false" sap:filterable="false"/>
                <Property Name="Message" Type="Edm.String" Nullable="false" sap:label="Info" sap:creatable="false" sap:updatable="false" sap:sortable="false" sap:filterable="false"/>
                <Property Name="Iserror" Type="Edm.String" Nullable="false" MaxLength="1" sap:label="Error Indicator" sap:creatable="false" sap:updatable="false" sap:sortable="false" sap:filterable="false"/>
                <Property Name="isattachment" Type="Edm.String" Nullable="false" MaxLength="10" sap:label="Attachment" sap:creatable="false" sap:updatable="false" sap:sortable="false" sap:filterable="false"/>
                <Property Name="ZzcreditamtDesc" Type="Edm.String" Nullable="false" MaxLength="100" sap:label="Credit Amount Description" sap:creatable="false" sap:updatable="false" sap:sortable="false" sap:filterable="false"/>
                <Property Name="FKDAT" Type="Edm.DateTime" Precision="7" sap:label="Billing Date" sap:creatable="false" sap:updatable="false" sap:sortable="false" sap:filterable="false"/>
                <Property Name="FAKSK" Type="Edm.String" MaxLength="20" sap:label="Billing Block" sap:creatable="false" sap:updatable="false" sap:sortable="false" sap:filterable="false"/>
                <Property Name="PWHIE" Type="Edm.String" MaxLength="5" sap:label="Matter Currency" sap:creatable="false" sap:updatable="false" sap:sortable="false" sap:filterable="false" sap:semantics="currency-code"/>
                <NavigationProperty Name="DBToStatus" Relationship="ZPRS_BILL_EDIT_SRV.DBToStatus" FromRole="FromRole_DBToStatus" ToRole="ToRole_DBToStatus"/>
                <NavigationProperty Name="OrderItemSet" Relationship="ZPRS_BILL_EDIT_SRV.SalesOrderOderItem" FromRole="FromRole_SalesOrderOderItem" ToRole="ToRole_SalesOrderOderItem"/>
                <NavigationProperty Name="PriceByMatnr" Relationship="ZPRS_BILL_EDIT_SRV.PriceByMatnr" FromRole="FromRole_PriceByMatnr" ToRole="ToRole_PriceByMatnr"/>
                <NavigationProperty Name="HeaderToGroupInfo" Relationship="ZPRS_BILL_EDIT_SRV.HeaderToGroupInfo" FromRole="FromRole_HeaderToGroupInfo" ToRole="ToRole_HeaderToGroupInfo"/>
            </EntityType>
            <EntityType Name="PricingType" sap:content-version="1">
                <Key>
                    <PropertyRef Name="Knprs"/>
                </Key>
                <Property Name="Knprs" Type="Edm.String" Nullable="false" MaxLength="1" sap:label="Pricing type" sap:creatable="false" sap:updatable="false" sap:sortable="false" sap:filterable="false"/>
                <Property Name="Text" Type="Edm.String" Nullable="false" sap:label="String - Case Sensitive" sap:creatable="false" sap:updatable="false" sap:sortable="false" sap:filterable="false"/>
            </EntityType>
            <EntityType Name="DbStatus" sap:content-version="1">
                <Key>
                    <PropertyRef Name="Estat"/>
                    <PropertyRef Name="Vbeln"/>
                    <PropertyRef Name="Status"/>
                </Key>
                <Property Name="TypeOfApproval" Type="Edm.String" Nullable="false" MaxLength="1" sap:label="DB Approval Type" sap:creatable="false" sap:updatable="false" sap:sortable="false" sap:filterable="false"/>
                <Property Name="Estat" Type="Edm.String" Nullable="false" MaxLength="5" sap:label="User status" sap:creatable="false" sap:updatable="false" sap:sortable="false" sap:filterable="false"/>
                <Property Name="Vbeln" Type="Edm.String" Nullable="false" MaxLength="10" sap:label="Sales Document" sap:creatable="false" sap:updatable="false" sap:sortable="false" sap:filterable="false"/>
                <Property Name="Active" Type="Edm.String" Nullable="false" MaxLength="1" sap:label="Checkbox" sap:creatable="false" sap:updatable="false" sap:sortable="false" sap:filterable="false"/>
                <Property Name="Status" Type="Edm.String" Nullable="false" MaxLength="4" sap:label="Status" sap:creatable="false" sap:updatable="false" sap:sortable="false" sap:filterable="false"/>
                <Property Name="StatusT" Type="Edm.String" Nullable="false" MaxLength="30" sap:label="Status" sap:creatable="false" sap:updatable="false" sap:sortable="false" sap:filterable="false"/>
            </EntityType>
            <EntityType Name="PDFOut" m:HasStream="true" sap:content-version="1">
                <Key>
                    <PropertyRef Name="Kschl"/>
                    <PropertyRef Name="DraftBill"/>
                    <PropertyRef Name="Kappl"/>
                </Key>
                <Property Name="Kschl" Type="Edm.String" Nullable="false" sap:creatable="false" sap:updatable="false" sap:sortable="false" sap:filterable="false"/>
                <Property Name="DraftBill" Type="Edm.String" Nullable="false" sap:creatable="false" sap:updatable="false" sap:sortable="false" sap:filterable="false"/>
                <Property Name="MimeType" Type="Edm.String" Nullable="false" sap:creatable="false" sap:updatable="false" sap:sortable="false" sap:filterable="false"/>
                <Property Name="Kappl" Type="Edm.String" Nullable="false" sap:creatable="false" sap:updatable="false" sap:sortable="false" sap:filterable="false"/>
            </EntityType>
            <EntityType Name="Tax1Info" sap:content-version="1">
                <Key>
                    <PropertyRef Name="Vbeln"/>
                    <PropertyRef Name="Posnr"/>
                    <PropertyRef Name="Taxkd"/>
                </Key>
                <Property Name="Vbeln" Type="Edm.String" Nullable="false" MaxLength="10" sap:label="Sales Document" sap:creatable="false" sap:updatable="false" sap:sortable="false" sap:filterable="false"/>
                <Property Name="Posnr" Type="Edm.String" Nullable="false" MaxLength="6" sap:label="Item" sap:creatable="false" sap:updatable="false" sap:sortable="false" sap:filterable="false"/>
                <Property Name="Taxkd" Type="Edm.String" Nullable="false" MaxLength="1" sap:label="Tax classific." sap:creatable="false" sap:updatable="false" sap:sortable="false" sap:filterable="false"/>
                <Property Name="Vtext" Type="Edm.String" Nullable="false" MaxLength="20" sap:label="Description" sap:creatable="false" sap:updatable="false" sap:sortable="false" sap:filterable="false"/>
            </EntityType>
            <EntityType Name="BillDetail" sap:content-version="1">
                <Key>
                    <PropertyRef Name="Vbeln"/>
                    <PropertyRef Name="Posnr"/>
                    <PropertyRef Name="Tdid"/>
                    <PropertyRef Name="Tdname"/>
                    <PropertyRef Name="Tdobject"/>
                </Key>
                <Property Name="Vbeln" Type="Edm.String" Nullable="false" MaxLength="10" sap:unit="Waers" sap:label="Draft Bill" sap:creatable="false" sap:updatable="false" sap:sortable="false" sap:filterable="false"/>
                <Property Name="WfComments" Type="Edm.String" Nullable="false" sap:label="String - Case Sensitive" sap:creatable="false" sap:updatable="false" sap:sortable="false" sap:filterable="false"/>
                <Property Name="Posnr" Type="Edm.String" Nullable="false" MaxLength="6" sap:label="Item" sap:creatable="false" sap:updatable="false" sap:sortable="false" sap:filterable="false"/>
                <Property Name="Tdid" Type="Edm.String" Nullable="false" MaxLength="4" sap:label="Text ID" sap:creatable="false" sap:updatable="false" sap:sortable="false" sap:filterable="false"/>
                <Property Name="Tdname" Type="Edm.String" Nullable="false" MaxLength="70" sap:label="Text Name" sap:creatable="false" sap:updatable="false" sap:sortable="false" sap:filterable="false"/>
                <Property Name="Tdobject" Type="Edm.String" Nullable="false" MaxLength="10" sap:label="Text Object" sap:creatable="false" sap:updatable="false" sap:sortable="false" sap:filterable="false"/>
                <Property Name="Abgru" Type="Edm.String" Nullable="false" sap:label="String - Case Sensitive" sap:creatable="false" sap:updatable="false" sap:sortable="false" sap:filterable="false"/>
                <Property Name="Phase" Type="Edm.String" Nullable="false" MaxLength="24" sap:label="WBS Element" sap:creatable="false" sap:updatable="false" sap:sortable="false" sap:filterable="false"/>
                <Property Name="Matter" Type="Edm.String" Nullable="false" MaxLength="24" sap:label="Project Def." sap:creatable="false" sap:updatable="false" sap:sortable="false" sap:filterable="false"/>
                <Property Name="Belnr" Type="Edm.String" Nullable="false" MaxLength="10" sap:label="Document Number" sap:creatable="false" sap:updatable="false" sap:sortable="false" sap:filterable="false"/>
                <Property Name="Buzei" Type="Edm.String" Nullable="false" MaxLength="3" sap:label="Line item" sap:creatable="false" sap:updatable="false" sap:sortable="false" sap:filterable="false"/>
                <Property Name="Zzwerks" Type="Edm.String" Nullable="false" MaxLength="4" sap:label="Working Office" sap:creatable="false" sap:updatable="false" sap:sortable="false" sap:filterable="false"/>
                <Property Name="Werks" Type="Edm.String" Nullable="false" MaxLength="4" sap:label="Office" sap:creatable="false" sap:updatable="false" sap:sortable="false" sap:filterable="false"/>
                <Property Name="Budat" Type="Edm.DateTime" Nullable="false" Precision="7" sap:label="Posting Date" sap:creatable="false" sap:updatable="false" sap:sortable="false" sap:filterable="false"/>
                <Property Name="Pernr" Type="Edm.String" Nullable="false" MaxLength="8" sap:label="Personnel No." sap:creatable="false" sap:updatable="false" sap:sortable="false" sap:filterable="false"/>
                <Property Name="Sname" Type="Edm.String" Nullable="false" MaxLength="40" sap:label="Empl./Appl.Name" sap:creatable="false" sap:updatable="false" sap:sortable="false" sap:filterable="false"/>
                <Property Name="Persk" Type="Edm.String" Nullable="false" MaxLength="2" sap:label="Title" sap:creatable="false" sap:updatable="false" sap:sortable="false" sap:filterable="false"/>
                <Property Name="Ptext" Type="Edm.String" Nullable="false" MaxLength="20" sap:label="Name of EE SG" sap:creatable="false" sap:updatable="false" sap:sortable="false" sap:filterable="false"/>
                <Property Name="Awtyp" Type="Edm.String" Nullable="false" sap:label="Ref. Transactn" sap:creatable="false" sap:updatable="false" sap:sortable="false" sap:filterable="false"/>
                <Property Name="Lstar" Type="Edm.String" Nullable="false" MaxLength="6" sap:label="Activity Type" sap:creatable="false" sap:updatable="false" sap:sortable="false" sap:filterable="false"/>
                <Property Name="LstarDesc" Type="Edm.String" Nullable="false" MaxLength="25" sap:label="Field" sap:creatable="false" sap:updatable="false" sap:sortable="false" sap:filterable="false"/>
                <Property Name="Meinh" Type="Edm.String" Nullable="false" MaxLength="3" sap:label="Unit of Measure" sap:creatable="false" sap:updatable="false" sap:sortable="false" sap:filterable="false" sap:semantics="unit-of-measure"/>
                <Property Name="Waers" Type="Edm.String" Nullable="false" MaxLength="5" sap:label="Currency" sap:creatable="false" sap:updatable="false" sap:sortable="false" sap:filterable="false" sap:semantics="currency-code"/>
                <Property Name="Zztskcd" Type="Edm.String" Nullable="false" MaxLength="30" sap:label="Task Code" sap:creatable="false" sap:updatable="false" sap:sortable="false" sap:filterable="false"/>
                <Property Name="Zzactcd" Type="Edm.String" Nullable="false" MaxLength="30" sap:label="Activity Code" sap:creatable="false" sap:updatable="false" sap:sortable="false" sap:filterable="false"/>
                <Property Name="Zzfftskcd" Type="Edm.String" Nullable="false" MaxLength="20" sap:label="Flat Fee Code" sap:creatable="false" sap:updatable="false" sap:sortable="false" sap:filterable="false"/>
                <Property Name="Zzffactcd" Type="Edm.String" Nullable="false" MaxLength="20" sap:label="FF ACT Code" sap:creatable="false" sap:updatable="false" sap:sortable="false" sap:filterable="false"/>
                <Property Name="Taxm1" Type="Edm.String" Nullable="false" MaxLength="1" sap:label="Tax Status" sap:creatable="false" sap:updatable="false" sap:sortable="false" sap:filterable="false"/>
                <Property Name="Zzreview" Type="Edm.String" Nullable="false" MaxLength="1" sap:label="Review Complete" sap:creatable="false" sap:updatable="false" sap:sortable="false" sap:filterable="false"/>
                <Property Name="Zzprtoninv" Type="Edm.String" Nullable="false" MaxLength="1" sap:label="Print on invoice" sap:creatable="false" sap:updatable="false" sap:sortable="false" sap:filterable="false"/>
                <Property Name="Narrative" Type="Edm.String" Nullable="false" sap:label="String - Case Sensitive" sap:creatable="false" sap:updatable="false" sap:sortable="false" sap:filterable="false"/>
                <Property Name="ToPercent" Type="Edm.String" Nullable="false" MaxLength="3" sap:label="Not used" sap:creatable="false" sap:updatable="false" sap:sortable="false" sap:filterable="false"/>
                <Property Name="ToMegbtr" Type="Edm.Decimal" Nullable="false" Precision="15" Scale="3" sap:unit="Meinh" sap:label="Total Quantity" sap:creatable="false" sap:updatable="false" sap:sortable="false" sap:filterable="false"/>
                <Property Name="ToVbeln" Type="Edm.String" Nullable="false" MaxLength="10" sap:label="Sales Document" sap:creatable="false" sap:updatable="false" sap:sortable="false" sap:filterable="false"/>
                <Property Name="ToPhase" Type="Edm.String" Nullable="false" MaxLength="24" sap:label="WBS Element" sap:creatable="false" sap:updatable="false" sap:sortable="false" sap:filterable="false"/>
                <Property Name="ToZztskcd" Type="Edm.String" Nullable="false" MaxLength="30" sap:label="Task Code" sap:creatable="false" sap:updatable="false" sap:sortable="false" sap:filterable="false"/>
                <Property Name="ToZzactcd" Type="Edm.String" Nullable="false" MaxLength="30" sap:label="Activity Code" sap:creatable="false" sap:updatable="false" sap:sortable="false" sap:filterable="false"/>
                <Property Name="ToZzfftskcd" Type="Edm.String" Nullable="false" MaxLength="20" sap:label="Flat Fee Code" sap:creatable="false" sap:updatable="false" sap:sortable="false" sap:filterable="false"/>
                <Property Name="ToZzffactcd" Type="Edm.String" Nullable="false" MaxLength="20" sap:label="FF ACT Code" sap:creatable="false" sap:updatable="false" sap:sortable="false" sap:filterable="false"/>
                <Property Name="ToWtgbtr" Type="Edm.Decimal" Nullable="false" Precision="16" Scale="3" sap:unit="Waers" sap:label="Value TranCurr" sap:creatable="false" sap:updatable="false" sap:sortable="false" sap:filterable="false"/>
                <Property Name="WriteDownType" Type="Edm.String" Nullable="false" MaxLength="1" sap:label="Type of Write Down" sap:creatable="false" sap:updatable="false" sap:sortable="false" sap:filterable="false"/>
                <Property Name="BaseRate" Type="Edm.Decimal" Nullable="false" Precision="12" Scale="3" sap:unit="Waers" sap:label="Amount" sap:creatable="false" sap:updatable="false" sap:sortable="false" sap:filterable="false"/>
                <Property Name="ActualRate" Type="Edm.Decimal" Nullable="false" Precision="12" Scale="3" sap:unit="Waers" sap:label="Actual Bill Rate" sap:creatable="false" sap:updatable="false" sap:sortable="false" sap:filterable="false"/>
                <Property Name="BaseValue" Type="Edm.Decimal" Nullable="false" Precision="16" Scale="3" sap:unit="Waers" sap:label="Base Value" sap:creatable="false" sap:updatable="false" sap:sortable="false" sap:filterable="false"/>
                <Property Name="ActualValue" Type="Edm.Decimal" Nullable="false" Precision="16" Scale="3" sap:unit="Waers" sap:label="Actual Bill Value" sap:creatable="false" sap:updatable="false" sap:sortable="false" sap:filterable="false"/>
                <Property Name="BaseQty" Type="Edm.Decimal" Nullable="false" Precision="15" Scale="3" sap:unit="Meinh" sap:label="Base Quantity" sap:creatable="false" sap:updatable="false" sap:sortable="false" sap:filterable="false"/>
                <Property Name="ActualQty" Type="Edm.Decimal" Nullable="false" Precision="15" Scale="3" sap:unit="Meinh" sap:label="Actual Quantity" sap:creatable="false" sap:updatable="false" sap:sortable="false" sap:filterable="false"/>
                <Property Name="ZwriteoffAmt" Type="Edm.Decimal" Nullable="false" Precision="14" Scale="3" sap:unit="Waers" sap:label="WritUp/Write Down Am" sap:creatable="false" sap:updatable="false" sap:sortable="false" sap:filterable="false"/>
                <Property Name="ZwriteoffQty" Type="Edm.Decimal" Nullable="false" Precision="15" Scale="3" sap:unit="Meinh" sap:label="Write Down Quantity" sap:creatable="false" sap:updatable="false" sap:sortable="false" sap:filterable="false"/>
                <Property Name="Zztranstyp" Type="Edm.String" Nullable="false" sap:label="Transaction Type" sap:creatable="false" sap:updatable="false" sap:sortable="false" sap:filterable="false"/>
                <Property Name="Kzwi6" Type="Edm.Decimal" Nullable="false" Precision="14" Scale="3" sap:unit="Waers" sap:label="VAT on IOB" sap:creatable="false" sap:updatable="false" sap:sortable="false" sap:filterable="false"/>
                <Property Name="Kzwi5" Type="Edm.Decimal" Nullable="false" Precision="14" Scale="3" sap:unit="Waers" sap:label="Fee Markup" sap:creatable="false" sap:updatable="false" sap:sortable="false" sap:filterable="false"/>
                <Property Name="Kzwi4" Type="Edm.Decimal" Nullable="false" Precision="14" Scale="3" sap:unit="Waers" sap:label="Discounts" sap:creatable="false" sap:updatable="false" sap:sortable="false" sap:filterable="false"/>
                <Property Name="Tax" Type="Edm.Decimal" Nullable="false" Precision="14" Scale="3" sap:unit="Waers" sap:label="Tax amount" sap:creatable="false" sap:updatable="false" sap:sortable="false" sap:filterable="false"/>
                <Property Name="NetBillValue" Type="Edm.Decimal" Nullable="false" Precision="16" Scale="3" sap:unit="Waers" sap:label="Net Value" sap:creatable="false" sap:updatable="false" sap:sortable="false" sap:filterable="false"/>
                <Property Name="Narrativechange" Type="Edm.String" Nullable="false" MaxLength="1" sap:label="Boolean" sap:creatable="false" sap:updatable="false" sap:sortable="false" sap:filterable="false"/>
                <Property Name="Action" Type="Edm.String" Nullable="false" sap:label="String - Case Sensitive" sap:creatable="false" sap:updatable="false" sap:sortable="false" sap:filterable="false"/>
                <Property Name="IsError" Type="Edm.String" Nullable="false" MaxLength="1" sap:label="Error Indicator" sap:creatable="false" sap:updatable="false" sap:sortable="false" sap:filterable="false"/>
                <Property Name="Message" Type="Edm.String" Nullable="false" sap:label="Log Message" sap:creatable="false" sap:updatable="false" sap:sortable="false" sap:filterable="false"/>
            </EntityType>
            <EntityType Name="TransferReturn" sap:content-version="1">
                <Key>
                    <PropertyRef Name="Vbeln"/>
                    <PropertyRef Name="Count"/>
                    <PropertyRef Name="Posnr"/>
                    <PropertyRef Name="Phase"/>
                </Key>
                <Property Name="Vbeln" Type="Edm.String" Nullable="false" MaxLength="10" sap:label="Sales Document" sap:creatable="false" sap:updatable="false" sap:sortable="false" sap:filterable="false"/>
                <Property Name="Count" Type="Edm.String" Nullable="false" MaxLength="6" sap:label="COUNT" sap:creatable="false" sap:updatable="false" sap:sortable="false" sap:filterable="false"/>
                <Property Name="Posnr" Type="Edm.String" Nullable="false" MaxLength="6" sap:label="Item" sap:creatable="false" sap:updatable="false" sap:sortable="false" sap:filterable="false"/>
                <Property Name="MessageV1" Type="Edm.String" Nullable="false" MaxLength="1000" sap:label="Message String" sap:creatable="false" sap:updatable="false" sap:sortable="false" sap:filterable="false"/>
                <Property Name="Phase" Type="Edm.String" Nullable="false" MaxLength="24" sap:label="Project Def." sap:creatable="false" sap:updatable="false" sap:sortable="false" sap:filterable="false"/>
                <Property Name="Iserror" Type="Edm.String" Nullable="false" MaxLength="1" sap:label="Boolean" sap:creatable="false" sap:updatable="false" sap:sortable="false" sap:filterable="false"/>
                <Property Name="Message" Type="Edm.String" Nullable="false" MaxLength="1000" sap:label="String - Case Sensitive" sap:creatable="false" sap:updatable="false" sap:sortable="false" sap:filterable="false"/>
            </EntityType>
            <EntityType Name="LateWipReturn" sap:content-version="1">
                <Key>
                    <PropertyRef Name="IsError"/>
                    <PropertyRef Name="Message"/>
                </Key>
                <Property Name="IsError" Type="Edm.String" Nullable="false" MaxLength="1" sap:label="Indicator for Error" sap:creatable="false" sap:updatable="false" sap:sortable="false" sap:filterable="false"/>
                <Property Name="Message" Type="Edm.String" Nullable="false" sap:label="Text Message" sap:creatable="false" sap:updatable="false" sap:sortable="false" sap:filterable="false"/>
            </EntityType>
            <EntityType Name="OpenDbForMatter" sap:content-version="1">
                <Key>
                    <PropertyRef Name="Pspid"/>
                    <PropertyRef Name="Vbeln"/>
                </Key>
                <Property Name="Pspid" Type="Edm.String" Nullable="false" sap:creatable="false" sap:updatable="false" sap:sortable="false"/>
                <Property Name="Vbeln" Type="Edm.String" Nullable="false" sap:creatable="false" sap:updatable="false" sap:sortable="false"/>
            </EntityType>
            <EntityType Name="DbOutputType" sap:content-version="1">
                <Key>
                    <PropertyRef Name="Vbeln"/>
                    <PropertyRef Name="Kappl"/>
                    <PropertyRef Name="Default"/>
                    <PropertyRef Name="Kschl"/>
                </Key>
                <Property Name="Vbeln" Type="Edm.String" Nullable="false" MaxLength="10" sap:label="Sales Document" sap:creatable="false" sap:updatable="false" sap:sortable="false" sap:filterable="false"/>
                <Property Name="Pspid" Type="Edm.String" Nullable="false" MaxLength="24" sap:label="Project Def." sap:creatable="false" sap:updatable="false" sap:sortable="false" sap:filterable="false"/>
                <Property Name="Kappl" Type="Edm.String" Nullable="false" MaxLength="2" sap:label="Application" sap:creatable="false" sap:updatable="false" sap:sortable="false" sap:filterable="false"/>
                <Property Name="Default" Type="Edm.String" Nullable="false" MaxLength="1" sap:label="Char01" sap:creatable="false" sap:updatable="false" sap:sortable="false" sap:filterable="false"/>
                <Property Name="Kschl" Type="Edm.String" Nullable="false" MaxLength="4" sap:label="Condition Type" sap:creatable="false" sap:updatable="false" sap:sortable="false" sap:filterable="false"/>
                <Property Name="Vtext" Type="Edm.String" Nullable="false" MaxLength="20" sap:label="Description" sap:creatable="false" sap:updatable="false" sap:sortable="false" sap:filterable="false"/>
            </EntityType>
            <EntityType Name="PriceInfoByMatnr" sap:content-version="1">
                <Key>
                    <PropertyRef Name="Vbeln"/>
                    <PropertyRef Name="Kschl"/>
                </Key>
                <Property Name="Vbeln" Type="Edm.String" Nullable="false" MaxLength="10" sap:label="Sales Document" sap:creatable="false" sap:updatable="false" sap:sortable="false" sap:filterable="false"/>
                <Property Name="FeeQty" Type="Edm.String" Nullable="false" MaxLength="20" sap:label="Char20" sap:creatable="false" sap:updatable="false" sap:sortable="false" sap:filterable="false"/>
                <Property Name="Kschl" Type="Edm.String" Nullable="false" MaxLength="4" sap:label="Condition Type" sap:creatable="false" sap:updatable="false" sap:sortable="false" sap:filterable="false"/>
                <Property Name="ScQty" Type="Edm.String" Nullable="false" MaxLength="20" sap:label="Char20" sap:creatable="false" sap:updatable="false" sap:sortable="false" sap:filterable="false"/>
                <Property Name="NetTotal" Type="Edm.Decimal" Nullable="false" Precision="16" Scale="3" sap:unit="Waers" sap:label="Net Value" sap:creatable="false" sap:updatable="false" sap:sortable="false" sap:filterable="false"/>
                <Property Name="HcQty" Type="Edm.String" Nullable="false" MaxLength="20" sap:label="Char20" sap:creatable="false" sap:updatable="false" sap:sortable="false" sap:filterable="false"/>
                <Property Name="Vtext" Type="Edm.String" Nullable="false" MaxLength="50" sap:label="Name" sap:creatable="false" sap:updatable="false" sap:sortable="false" sap:filterable="false"/>
                <Property Name="TotalQty" Type="Edm.String" Nullable="false" MaxLength="20" sap:label="Char20" sap:creatable="false" sap:updatable="false" sap:sortable="false" sap:filterable="false"/>
                <Property Name="PercentValue" Type="Edm.Decimal" Nullable="false" Precision="12" Scale="3" sap:unit="Waers" sap:label="Amount" sap:creatable="false" sap:updatable="false" sap:sortable="false" sap:filterable="false"/>
                <Property Name="FeeValue" Type="Edm.Decimal" Nullable="false" Precision="12" Scale="3" sap:unit="Waers" sap:label="Amount" sap:creatable="false" sap:updatable="false" sap:sortable="false" sap:filterable="false"/>
                <Property Name="ScValue" Type="Edm.Decimal" Nullable="false" Precision="12" Scale="3" sap:unit="Waers" sap:label="Amount" sap:creatable="false" sap:updatable="false" sap:sortable="false" sap:filterable="false"/>
                <Property Name="HcValue" Type="Edm.Decimal" Nullable="false" Precision="12" Scale="3" sap:unit="Waers" sap:label="Amount" sap:creatable="false" sap:updatable="false" sap:sortable="false" sap:filterable="false"/>
                <Property Name="Total" Type="Edm.Decimal" Nullable="false" Precision="12" Scale="3" sap:unit="Waers" sap:label="Amount" sap:creatable="false" sap:updatable="false" sap:sortable="false" sap:filterable="false"/>
                <Property Name="Waers" Type="Edm.String" Nullable="false" MaxLength="5" sap:label="Currency" sap:creatable="false" sap:updatable="false" sap:sortable="false" sap:filterable="false" sap:semantics="currency-code"/>
                <Property Name="ExcludeInTotal" Type="Edm.String" Nullable="false" MaxLength="1" sap:label="Exclude in Total for" sap:creatable="false" sap:updatable="false" sap:sortable="false" sap:filterable="false"/>
                <Property Name="Isstatistical" Type="Edm.String" Nullable="false" MaxLength="1" sap:label="Statistical" sap:creatable="false" sap:updatable="false" sap:sortable="false" sap:filterable="false"/>
            </EntityType>
            <EntityType Name="BillGroupInfo" sap:content-version="1">
                <Key>
                    <PropertyRef Name="Vbeln"/>
                    <PropertyRef Name="Matnr"/>
                    <PropertyRef Name="Zzactty"/>
                    <PropertyRef Name="Zzfkber"/>
                    <PropertyRef Name="Pernr"/>
                </Key>
                <Property Name="Vbeln" Type="Edm.String" Nullable="false" MaxLength="10" sap:label="Sales Document" sap:creatable="false" sap:updatable="false" sap:sortable="false" sap:filterable="false"/>
                <Property Name="Matnr" Type="Edm.String" Nullable="false" MaxLength="18" sap:label="Material" sap:creatable="false" sap:updatable="false" sap:sortable="false" sap:filterable="false"/>
                <Property Name="Zzactty" Type="Edm.String" Nullable="false" MaxLength="6" sap:label="Activity Type" sap:creatable="false" sap:updatable="false" sap:sortable="false" sap:filterable="false"/>
                <Property Name="Zzfkber" Type="Edm.String" Nullable="false" MaxLength="16" sap:label="Functional Area" sap:creatable="false" sap:updatable="false" sap:sortable="false" sap:filterable="false"/>
                <Property Name="Pernr" Type="Edm.String" Nullable="false" MaxLength="8" sap:label="Personnel No." sap:creatable="false" sap:updatable="false" sap:sortable="false" sap:filterable="false"/>
                <Property Name="ZzactKltxt" Type="Edm.String" Nullable="false" MaxLength="40" sap:label="Description" sap:creatable="false" sap:updatable="false" sap:sortable="false" sap:filterable="false"/>
                <Property Name="Sname" Type="Edm.String" Nullable="false" MaxLength="30" sap:label="Last/First Name" sap:creatable="false" sap:updatable="false" sap:sortable="false" sap:filterable="false"/>
                <Property Name="Persk" Type="Edm.String" Nullable="false" MaxLength="2" sap:label="Title" sap:creatable="false" sap:updatable="false" sap:sortable="false" sap:filterable="false"/>
                <Property Name="Ptext" Type="Edm.String" Nullable="false" MaxLength="20" sap:label="Name of EE SG" sap:creatable="false" sap:updatable="false" sap:sortable="false" sap:filterable="false"/>
                <Property Name="ActualRate" Type="Edm.Decimal" Nullable="false" Precision="12" Scale="3" sap:unit="Waers" sap:label="Amount" sap:creatable="false" sap:updatable="false" sap:sortable="false" sap:filterable="false"/>
                <Property Name="ActualQty" Type="Edm.Decimal" Nullable="false" Precision="13" Scale="3" sap:unit="Meinh" sap:label="Target quantity" sap:creatable="false" sap:updatable="false" sap:sortable="false" sap:filterable="false"/>
                <Property Name="ActualAmount" Type="Edm.Decimal" Nullable="false" Precision="14" Scale="3" sap:unit="Waers" sap:label="Subtotal 4" sap:creatable="false" sap:updatable="false" sap:sortable="false" sap:filterable="false"/>
                <Property Name="BaseRate" Type="Edm.Decimal" Nullable="false" Precision="12" Scale="3" sap:unit="Waers" sap:label="Amount" sap:creatable="false" sap:updatable="false" sap:sortable="false" sap:filterable="false"/>
                <Property Name="BaseQty" Type="Edm.Decimal" Nullable="false" Precision="13" Scale="3" sap:unit="Meinh" sap:label="Target quantity" sap:creatable="false" sap:updatable="false" sap:sortable="false" sap:filterable="false"/>
                <Property Name="BaseAmount" Type="Edm.Decimal" Nullable="false" Precision="14" Scale="3" sap:unit="Waers" sap:label="Subtotal 4" sap:creatable="false" sap:updatable="false" sap:sortable="false" sap:filterable="false"/>
                <Property Name="Waers" Type="Edm.String" Nullable="false" MaxLength="5" sap:label="Currency" sap:creatable="false" sap:updatable="false" sap:sortable="false" sap:filterable="false" sap:semantics="currency-code"/>
                <Property Name="Meinh" Type="Edm.String" Nullable="false" MaxLength="3" sap:label="Base Unit" sap:creatable="false" sap:updatable="false" sap:sortable="false" sap:filterable="false" sap:semantics="unit-of-measure"/>
            </EntityType>
            <EntityType Name="BillEditMatterDetail" sap:content-version="1">
                <Key>
                    <PropertyRef Name="Pspid"/>
                </Key>
                <Property Name="BillAttrn" Type="Edm.String" Nullable="false" MaxLength="8" sap:label="Personnel No." sap:creatable="false" sap:updatable="false" sap:sortable="false" sap:filterable="false"/>
                <Property Name="Client" Type="Edm.String" Nullable="false" MaxLength="10" sap:label="Client" sap:creatable="false" sap:updatable="false" sap:sortable="false" sap:filterable="false"/>
                <Property Name="Submit" Type="Edm.String" Nullable="false" MaxLength="1" sap:label="Submit to Reviewer" sap:creatable="false" sap:updatable="false" sap:sortable="false" sap:filterable="false"/>
                <Property Name="Budat" Type="Edm.DateTime" Precision="7" sap:label="Posting Date" sap:creatable="false" sap:updatable="false" sap:sortable="false"/>
                <Property Name="MpatnerParvw" Type="Edm.String" Nullable="false" MaxLength="2" sap:label="Partner Functn" sap:creatable="false" sap:updatable="false" sap:sortable="false" sap:filterable="false"/>
                <Property Name="Vkorg" Type="Edm.String" Nullable="false" MaxLength="4" sap:label="Sales Org." sap:creatable="false" sap:updatable="false" sap:sortable="false" sap:filterable="false"/>
                <Property Name="Mpatner" Type="Edm.String" Nullable="false" MaxLength="8" sap:label="Personnel No." sap:creatable="false" sap:updatable="false" sap:sortable="false" sap:filterable="false"/>
                <Property Name="Kunnr" Type="Edm.String" Nullable="false" MaxLength="10" sap:label="Client" sap:creatable="false" sap:updatable="false" sap:sortable="false" sap:filterable="false"/>
                <Property Name="Rptgroup" Type="Edm.String" Nullable="false" MaxLength="24" sap:label="Matter Reporting Grp" sap:creatable="false" sap:updatable="false" sap:sortable="false" sap:filterable="false"/>
                <Property Name="Name1" Type="Edm.String" Nullable="false" MaxLength="35" sap:label="Name" sap:creatable="false" sap:updatable="false" sap:sortable="false" sap:filterable="false"/>
                <Property Name="Mgbill" Type="Edm.String" Nullable="false" MaxLength="24" sap:label="Group Billing ID" sap:creatable="false" sap:updatable="false" sap:sortable="false" sap:filterable="false"/>
                <Property Name="Pspid" Type="Edm.String" Nullable="false" MaxLength="24" sap:label="Project Def." sap:creatable="false" sap:updatable="false" sap:sortable="false" sap:filterable="false"/>
                <Property Name="Post1" Type="Edm.String" Nullable="false" MaxLength="40" sap:label="Description" sap:creatable="false" sap:updatable="false" sap:sortable="false" sap:filterable="false"/>
                <Property Name="Werks" Type="Edm.String" Nullable="false" MaxLength="4" sap:label="Office" sap:creatable="false" sap:updatable="false" sap:sortable="false" sap:filterable="false"/>
                <Property Name="Vbeln" Type="Edm.String" Nullable="false" MaxLength="10" sap:label="Sales Document" sap:creatable="false" sap:updatable="false" sap:sortable="false" sap:filterable="false"/>
                <Property Name="MessageV1" Type="Edm.String" Nullable="false" MaxLength="1000" sap:label="Message String" sap:creatable="false" sap:updatable="false" sap:sortable="false" sap:filterable="false"/>
                <Property Name="Iserror" Type="Edm.String" Nullable="false" MaxLength="1" sap:label="Boolean" sap:creatable="false" sap:updatable="false" sap:sortable="false" sap:filterable="false"/>
                <Property Name="Message" Type="Edm.String" Nullable="false" MaxLength="1000" sap:label="Message String" sap:creatable="false" sap:updatable="false" sap:sortable="false" sap:filterable="false"/>
            </EntityType>
            <EntityType Name="BillEditPreviewDraftBill" sap:content-version="1">
                <Key>
                    <PropertyRef Name="Pspid"/>
                </Key>
                <Property Name="BudatFrom" Type="Edm.DateTime" Nullable="false" Precision="7" sap:label="Posting Date" sap:creatable="false" sap:updatable="false" sap:sortable="false" sap:filterable="false"/>
                <Property Name="Meinh" Type="Edm.String" Nullable="false" MaxLength="3" sap:label="Unit of Measure" sap:creatable="false" sap:updatable="false" sap:sortable="false" sap:filterable="false" sap:semantics="unit-of-measure"/>
                <Property Name="Period" Type="Edm.String" Nullable="false" MaxLength="10" sap:label="Text" sap:creatable="false" sap:updatable="false" sap:sortable="false" sap:filterable="false"/>
                <Property Name="Pspid" Type="Edm.String" Nullable="false" MaxLength="24" sap:label="Project Def." sap:creatable="false" sap:updatable="false" sap:sortable="false" sap:filterable="false"/>
                <Property Name="BudatTo" Type="Edm.DateTime" Nullable="false" Precision="7" sap:label="Posting Date" sap:creatable="false" sap:updatable="false" sap:sortable="false" sap:filterable="false"/>
                <Property Name="TransType" Type="Edm.String" Nullable="false" MaxLength="20" sap:label="Description" sap:creatable="false" sap:updatable="false" sap:sortable="false" sap:filterable="false"/>
                <Property Name="Netvalue" Type="Edm.Decimal" Nullable="false" Precision="16" Scale="3" sap:unit="Twaer" sap:label="Net value" sap:creatable="false" sap:updatable="false" sap:sortable="false" sap:filterable="false"/>
                <Property Name="Posid" Type="Edm.String" Nullable="false" MaxLength="24" sap:label="WBS Element" sap:creatable="false" sap:updatable="false" sap:sortable="false" sap:filterable="false"/>
                <Property Name="Workdate" Type="Edm.DateTime" Nullable="false" Precision="7" sap:label="Work Date" sap:creatable="false" sap:updatable="false" sap:sortable="false" sap:filterable="false"/>
                <Property Name="Pernr" Type="Edm.String" Nullable="false" MaxLength="8" sap:label="Personnel no." sap:creatable="false" sap:updatable="false" sap:sortable="false" sap:filterable="false"/>
                <Property Name="Name1" Type="Edm.String" Nullable="false" MaxLength="30" sap:label="Name 1" sap:creatable="false" sap:updatable="false" sap:sortable="false" sap:filterable="false"/>
                <Property Name="Belnr" Type="Edm.String" Nullable="false" MaxLength="10" sap:label="Document Number" sap:creatable="false" sap:updatable="false" sap:sortable="false" sap:filterable="false"/>
                <Property Name="Buzei" Type="Edm.String" Nullable="false" MaxLength="3" sap:label="Posting row" sap:creatable="false" sap:updatable="false" sap:sortable="false" sap:filterable="false"/>
                <Property Name="NodeId" Type="Edm.String" Nullable="false" MaxLength="6" sap:label="ID" sap:creatable="false" sap:updatable="false" sap:sortable="false" sap:filterable="false"/>
                <Property Name="Status" Type="Edm.String" Nullable="false" MaxLength="1" sap:label="Single-Character Indicator" sap:creatable="false" sap:updatable="false" sap:sortable="false" sap:filterable="false"/>
                <Property Name="SoWtgbtr" Type="Edm.Decimal" Nullable="false" Precision="16" Scale="3" sap:unit="Twaer" sap:label="Value TranCurr" sap:creatable="false" sap:updatable="false" sap:sortable="false" sap:filterable="false"/>
                <Property Name="Twaer" Type="Edm.String" Nullable="false" MaxLength="5" sap:label="Trans. Currency" sap:creatable="false" sap:updatable="false" sap:sortable="false" sap:filterable="false" sap:semantics="currency-code"/>
                <Property Name="SoWogbtr" Type="Edm.Decimal" Nullable="false" Precision="16" Scale="3" sap:unit="Twaer" sap:label="Value/Obj. Crcy" sap:creatable="false" sap:updatable="false" sap:sortable="false" sap:filterable="false"/>
                <Property Name="Owaer" Type="Edm.String" Nullable="false" MaxLength="5" sap:label="Object Currency" sap:creatable="false" sap:updatable="false" sap:sortable="false" sap:filterable="false" sap:semantics="currency-code"/>
                <Property Name="SoMegbtr" Type="Edm.Decimal" Nullable="false" Precision="15" Scale="3" sap:unit="Twaer" sap:label="Total Quantity" sap:creatable="false" sap:updatable="false" sap:sortable="false" sap:filterable="false"/>
            </EntityType>
            <EntityType Name="FbOutputType" sap:content-version="1">
                <Key>
                    <PropertyRef Name="Kappl"/>
                    <PropertyRef Name="Kschl"/>
                    <PropertyRef Name="Default"/>
                    <PropertyRef Name="Vbeln"/>
                </Key>
                <Property Name="Kappl" Type="Edm.String" Nullable="false" MaxLength="2" sap:label="Application" sap:creatable="false" sap:updatable="false" sap:sortable="false" sap:filterable="false"/>
                <Property Name="Kschl" Type="Edm.String" Nullable="false" MaxLength="4" sap:label="Condition Type" sap:creatable="false" sap:updatable="false" sap:sortable="false" sap:filterable="false"/>
                <Property Name="Vtext" Type="Edm.String" Nullable="false" MaxLength="20" sap:label="Description" sap:creatable="false" sap:updatable="false" sap:sortable="false" sap:filterable="false"/>
                <Property Name="Pspid" Type="Edm.String" Nullable="false" MaxLength="24" sap:label="Project Def." sap:creatable="false" sap:updatable="false" sap:sortable="false" sap:filterable="false"/>
                <Property Name="Default" Type="Edm.String" Nullable="false" MaxLength="1" sap:label="Char01" sap:creatable="false" sap:updatable="false" sap:sortable="false" sap:filterable="false"/>
                <Property Name="Vbeln" Type="Edm.String" Nullable="false" MaxLength="10" sap:label="Sales Document" sap:creatable="false" sap:updatable="false" sap:sortable="false" sap:filterable="false"/>
                <Property Name="Isexternal" Type="Edm.String" Nullable="false" MaxLength="1" sap:label="LEDES" sap:creatable="false" sap:updatable="false" sap:sortable="false" sap:filterable="false"/>
                <Property Name="Iserror" Type="Edm.String" Nullable="false" MaxLength="1" sap:label="Single-Character Indicator" sap:creatable="false" sap:updatable="false" sap:sortable="false" sap:filterable="false"/>
                <Property Name="Message" Type="Edm.String" Nullable="false" MaxLength="1000" sap:label="Message String" sap:creatable="false" sap:updatable="false" sap:sortable="false" sap:filterable="false"/>
            </EntityType>
            <EntityType Name="CancelDraft" sap:content-version="1">
                <Key>
                    <PropertyRef Name="Vbeln"/>
                </Key>
                <Property Name="Vbeln" Type="Edm.String" Nullable="false" MaxLength="10" sap:label="Sales Document" sap:creatable="false" sap:updatable="false" sap:sortable="false" sap:filterable="false"/>
                <Property Name="Iserror" Type="Edm.String" Nullable="false" MaxLength="1" sap:label="Single-Character Indicator" sap:creatable="false" sap:updatable="false" sap:sortable="false" sap:filterable="false"/>
                <Property Name="Message" Type="Edm.String" Nullable="false" MaxLength="1000" sap:label="Message String" sap:creatable="false" sap:updatable="false" sap:sortable="false" sap:filterable="false"/>
            </EntityType>
            <EntityType Name="BillTexts" sap:content-version="1">
                <Key>
                    <PropertyRef Name="Vbeln"/>
                </Key>
                <Property Name="Vbeln" Type="Edm.String" Nullable="false" MaxLength="10" sap:label="Sales Document" sap:creatable="false" sap:updatable="false" sap:sortable="false" sap:filterable="false"/>
                <Property Name="Pspid" Type="Edm.String" Nullable="false" MaxLength="24" sap:label="Project Def." sap:creatable="false" sap:updatable="false" sap:sortable="false" sap:filterable="false"/>
                <Property Name="Text" Type="Edm.String" Nullable="false" sap:label="String - Case Sensitive" sap:creatable="false" sap:updatable="false" sap:sortable="false" sap:filterable="false"/>
                <Property Name="Type" Type="Edm.String" Nullable="false" MaxLength="1" sap:label="Char01" sap:creatable="false" sap:updatable="false" sap:sortable="false" sap:filterable="false"/>
            </EntityType>
            <EntityType Name="LedesPrintReturn" sap:content-version="1">
                <Key>
                    <PropertyRef Name="Vbeln"/>
                </Key>
                <Property Name="Message" Type="Edm.String" Nullable="false" MaxLength="50" sap:label="c" sap:creatable="false" sap:updatable="false" sap:sortable="false" sap:filterable="false"/>
                <Property Name="Iserror" Type="Edm.String" Nullable="false" MaxLength="1" sap:label="Single-Character Indicator" sap:creatable="false" sap:updatable="false" sap:sortable="false" sap:filterable="false"/>
                <Property Name="Vbeln" Type="Edm.String" Nullable="false" MaxLength="10" sap:label="Sales Document" sap:creatable="false" sap:updatable="false" sap:sortable="false" sap:filterable="false"/>
            </EntityType>
            <EntityType Name="WFComments" sap:content-version="1">
                <Key>
                    <PropertyRef Name="Vbeln"/>
                    <PropertyRef Name="Posnr"/>
                    <PropertyRef Name="CmtSeqNo"/>
                </Key>
                <Property Name="Area" Type="Edm.String" Nullable="false" MaxLength="2" sap:label="Area" sap:creatable="false" sap:updatable="false" sap:sortable="false" sap:filterable="false"/>
                <Property Name="Usrrole" Type="Edm.String" Nullable="false" MaxLength="2" sap:label="User Role" sap:creatable="false" sap:updatable="false" sap:sortable="false" sap:filterable="false"/>
                <Property Name="Vbeln" Type="Edm.String" Nullable="false" MaxLength="10" sap:label="Sales Document" sap:creatable="false" sap:updatable="false" sap:sortable="false" sap:filterable="false"/>
                <Property Name="Posnr" Type="Edm.String" Nullable="false" MaxLength="6" sap:label="Item" sap:creatable="false" sap:updatable="false" sap:sortable="false" sap:filterable="false"/>
                <Property Name="CmtSeqNo" Type="Edm.Decimal" Nullable="false" Precision="3" Scale="0" sap:label="Comment Sequence Number" sap:creatable="false" sap:updatable="false" sap:sortable="false" sap:filterable="false"/>
                <Property Name="Usercomment" Type="Edm.String" Nullable="false" sap:label="String" sap:creatable="false" sap:updatable="false" sap:sortable="false" sap:filterable="false"/>
                <Property Name="Username" Type="Edm.String" Nullable="false" MaxLength="100" sap:label="User Name" sap:creatable="false" sap:updatable="false" sap:sortable="false" sap:filterable="false"/>
                <Property Name="Date" Type="Edm.DateTime" Nullable="false" Precision="7" sap:label="Date" sap:creatable="false" sap:updatable="false" sap:sortable="false" sap:filterable="false"/>
                <Property Name="Time" Type="Edm.Time" Nullable="false" Precision="0" sap:label="Time" sap:creatable="false" sap:updatable="false" sap:sortable="false" sap:filterable="false"/>
                <Property Name="Iscomments" Type="Edm.String" Nullable="false" MaxLength="1" sap:label="Single-Character Indicator" sap:creatable="false" sap:updatable="false" sap:sortable="false" sap:filterable="false"/>
            </EntityType>
            <EntityType Name="TaxstatusF" sap:content-version="1">
                <Key>
                    <PropertyRef Name="Werks"/>
                </Key>
                <Property Name="Werks" Type="Edm.String" Nullable="false" MaxLength="4" sap:label="Office" sap:creatable="false" sap:updatable="false" sap:sortable="false" sap:filterable="false"/>
                <Property Name="Taxkm" Type="Edm.String" Nullable="false" MaxLength="1" sap:label="Tax classific." sap:creatable="false" sap:updatable="false" sap:sortable="false" sap:filterable="false"/>
                <Property Name="Vtext" Type="Edm.String" Nullable="false" MaxLength="20" sap:label="Description" sap:creatable="false" sap:updatable="false" sap:sortable="false" sap:filterable="false"/>
            </EntityType>
            <EntityType Name="WFCommentsDownload" m:HasStream="true" sap:content-version="1">
                <Key>
                    <PropertyRef Name="Vbeln"/>
                </Key>
                <Property Name="Area" Type="Edm.String" Nullable="false" MaxLength="2" sap:label="Application Area" sap:creatable="false" sap:updatable="false" sap:sortable="false" sap:filterable="false"/>
                <Property Name="Usrrole" Type="Edm.String" Nullable="false" MaxLength="2" sap:label="User Role" sap:creatable="false" sap:updatable="false" sap:sortable="false" sap:filterable="false"/>
                <Property Name="Vbeln" Type="Edm.String" Nullable="false" MaxLength="10" sap:label="Sales Document" sap:creatable="false" sap:updatable="false" sap:sortable="false" sap:filterable="false"/>
                <Property Name="Posnr" Type="Edm.String" Nullable="false" MaxLength="6" sap:label="Item" sap:creatable="false" sap:updatable="false" sap:sortable="false" sap:filterable="false"/>
                <Property Name="CmtSeqNo" Type="Edm.Decimal" Nullable="false" Precision="3" Scale="0" sap:label="Comment Sequence Number" sap:creatable="false" sap:updatable="false" sap:sortable="false" sap:filterable="false"/>
                <Property Name="Usercomment" Type="Edm.String" Nullable="false" sap:label="String" sap:creatable="false" sap:updatable="false" sap:sortable="false" sap:filterable="false"/>
                <Property Name="Username" Type="Edm.String" Nullable="false" MaxLength="100" sap:label="User Name" sap:creatable="false" sap:updatable="false" sap:sortable="false" sap:filterable="false"/>
                <Property Name="Date" Type="Edm.DateTime" Nullable="false" Precision="7" sap:label="Local Date" sap:creatable="false" sap:updatable="false" sap:sortable="false" sap:filterable="false"/>
                <Property Name="Time" Type="Edm.Time" Nullable="false" Precision="0" sap:label="Local Time" sap:creatable="false" sap:updatable="false" sap:sortable="false" sap:filterable="false"/>
            </EntityType>
            <EntityType Name="PriceTypeItm" sap:content-version="1">
                <Key>
                    <PropertyRef Name="Knprs"/>
                </Key>
                <Property Name="Knprs" Type="Edm.String" Nullable="false" MaxLength="1" sap:label="PriceType" sap:creatable="false" sap:updatable="false" sap:sortable="false" sap:filterable="false"/>
                <Property Name="Text" Type="Edm.String" Nullable="false" sap:label="Text" sap:creatable="false" sap:updatable="false" sap:sortable="false" sap:filterable="false"/>
            </EntityType>
            <EntityType Name="MatterRptGrp" sap:content-version="1">
                <Key>
                    <PropertyRef Name="Rptgroup"/>
                </Key>
                <Property Name="Rptgroup" Type="Edm.String" Nullable="false" MaxLength="24" sap:label="Matter Reporting Grp" sap:creatable="false" sap:updatable="false" sap:sortable="false" sap:filterable="false"/>
                <Property Name="Post1" Type="Edm.String" Nullable="false" MaxLength="40" sap:label="Description" sap:creatable="false" sap:updatable="false" sap:sortable="false" sap:filterable="false"/>
            </EntityType>
            <EntityType Name="ClientsGeneral" sap:content-version="1">
                <Key>
                    <PropertyRef Name="Sortl"/>
                    <PropertyRef Name="Pstlz"/>
                    <PropertyRef Name="Mcod3"/>
                    <PropertyRef Name="Mcod1"/>
                    <PropertyRef Name="Kunnr"/>
                    <PropertyRef Name="Bukrs"/>
                </Key>
                <Property Name="Sortl" Type="Edm.String" Nullable="false" MaxLength="10" sap:label="Search term" sap:creatable="false" sap:updatable="false" sap:sortable="false" sap:filterable="false"/>
                <Property Name="Land1" Type="Edm.String" Nullable="false" MaxLength="3" sap:label="Country" sap:creatable="false" sap:updatable="false" sap:sortable="false" sap:filterable="false"/>
                <Property Name="Pstlz" Type="Edm.String" Nullable="false" MaxLength="10" sap:label="Postal Code" sap:creatable="false" sap:updatable="false" sap:sortable="false" sap:filterable="false"/>
                <Property Name="Mcod3" Type="Edm.String" Nullable="false" MaxLength="25" sap:label="City" sap:creatable="false" sap:updatable="false" sap:sortable="false" sap:filterable="false"/>
                <Property Name="Mcod1" Type="Edm.String" Nullable="false" MaxLength="25" sap:label="Name" sap:creatable="false" sap:updatable="false" sap:sortable="false" sap:filterable="false"/>
                <Property Name="Kunnr" Type="Edm.String" Nullable="false" MaxLength="10" sap:label="Client" sap:creatable="false" sap:updatable="false" sap:sortable="false" sap:filterable="false"/>
                <Property Name="Bukrs" Type="Edm.String" Nullable="false" MaxLength="4" sap:label="Company Code" sap:creatable="false" sap:updatable="false" sap:sortable="false" sap:filterable="false"/>
            </EntityType>
            <EntityType Name="PartnerType" sap:content-version="1">
                <Key>
                    <PropertyRef Name="Parvw"/>
                </Key>
                <Property Name="Parvw" Type="Edm.String" Nullable="false" sap:label="Partner Type" sap:creatable="false" sap:updatable="false" sap:sortable="false" sap:filterable="false"/>
                <Property Name="Vtext" Type="Edm.String" Nullable="false" sap:label="Description" sap:creatable="false" sap:updatable="false" sap:sortable="false" sap:filterable="false"/>
            </EntityType>
            <EntityType Name="BillOffice" sap:content-version="1">
                <Key>
                    <PropertyRef Name="Werks"/>
                </Key>
                <Property Name="Werks" Type="Edm.String" Nullable="false" MaxLength="4" sap:label="Office" sap:creatable="false" sap:updatable="false" sap:sortable="false" sap:filterable="false"/>
                <Property Name="Name1" Type="Edm.String" Nullable="false" MaxLength="30" sap:label="Name 1" sap:creatable="false" sap:updatable="false" sap:sortable="false" sap:filterable="false"/>
                <Property Name="Adrnr" Type="Edm.String" Nullable="false" MaxLength="10" sap:label="Address" sap:creatable="false" sap:updatable="false" sap:sortable="false" sap:filterable="false"/>
                <Property Name="AddrLine1" Type="Edm.String" Nullable="false" sap:label="Narrative String" sap:creatable="false" sap:updatable="false" sap:sortable="false" sap:filterable="false"/>
                <Property Name="AddrLine2" Type="Edm.String" Nullable="false" sap:label="Narrative String" sap:creatable="false" sap:updatable="false" sap:sortable="false" sap:filterable="false"/>
                <Property Name="AddrLine3" Type="Edm.String" Nullable="false" sap:label="Narrative String" sap:creatable="false" sap:updatable="false" sap:sortable="false" sap:filterable="false"/>
            </EntityType>
            <EntityType Name="BillingOffice" sap:content-version="1">
                <Key>
                    <PropertyRef Name="Werks"/>
                </Key>
                <Property Name="Werks" Type="Edm.String" Nullable="false" MaxLength="4" sap:label="Office" sap:creatable="false" sap:updatable="false" sap:sortable="false" sap:filterable="false"/>
                <Property Name="Name1" Type="Edm.String" Nullable="false" MaxLength="30" sap:label="Name 1" sap:creatable="false" sap:updatable="false" sap:sortable="false" sap:filterable="false"/>
            </EntityType>
            <EntityType Name="SalesOrg" sap:content-version="1">
                <Key>
                    <PropertyRef Name="Vkorg"/>
                </Key>
                <Property Name="Vkorg" Type="Edm.String" Nullable="false" MaxLength="4" sap:label="Sales Org." sap:creatable="false" sap:updatable="false" sap:sortable="false" sap:filterable="false"/>
                <Property Name="Vtext" Type="Edm.String" Nullable="false" MaxLength="30" sap:label="Name 1" sap:creatable="false" sap:updatable="false" sap:sortable="false" sap:filterable="false"/>
            </EntityType>
            <EntityType Name="PartnerNumber" sap:content-version="1">
                <Key>
                    <PropertyRef Name="Pernr"/>
                </Key>
                <Property Name="Pernr" Type="Edm.String" Nullable="false" MaxLength="8" sap:label="Personnel No." sap:creatable="false" sap:updatable="false" sap:sortable="false" sap:filterable="false"/>
                <Property Name="Nachn" Type="Edm.String" Nullable="false" MaxLength="40" sap:label="Last name" sap:creatable="false" sap:updatable="false" sap:sortable="false" sap:filterable="false"/>
                <Property Name="Vorna" Type="Edm.String" Nullable="false" MaxLength="40" sap:label="First name" sap:creatable="false" sap:updatable="false" sap:sortable="false" sap:filterable="false"/>
            </EntityType>
            <EntityType Name="MatterGrpBill" sap:content-version="1">
                <Key>
                    <PropertyRef Name="Zzgrpbill"/>
                </Key>
                <Property Name="Zzgrpbill" Type="Edm.String" Nullable="false" MaxLength="24" sap:label="Group Billing ID" sap:creatable="false" sap:updatable="false" sap:sortable="false" sap:filterable="false"/>
                <Property Name="Post1" Type="Edm.String" Nullable="false" MaxLength="40" sap:label="Description" sap:creatable="false" sap:updatable="false" sap:sortable="false" sap:filterable="false"/>
            </EntityType>
            <Association Name="SalesOrderOderItem" sap:content-version="1">
                <End Type="ZPRS_BILL_EDIT_SRV.BillSummary" Multiplicity="1" Role="FromRole_SalesOrderOderItem"/>
                <End Type="ZPRS_BILL_EDIT_SRV.BillDetail" Multiplicity="*" Role="ToRole_SalesOrderOderItem"/>
                <ReferentialConstraint>
                    <Principal Role="FromRole_SalesOrderOderItem">
                        <PropertyRef Name="Vbeln"/>
                    </Principal>
                    <Dependent Role="ToRole_SalesOrderOderItem">
                        <PropertyRef Name="Vbeln"/>
                    </Dependent>
                </ReferentialConstraint>
            </Association>
            <Association Name="PriceByMatnr" sap:content-version="1">
                <End Type="ZPRS_BILL_EDIT_SRV.BillSummary" Multiplicity="1" Role="FromRole_PriceByMatnr"/>
                <End Type="ZPRS_BILL_EDIT_SRV.PriceInfoByMatnr" Multiplicity="*" Role="ToRole_PriceByMatnr"/>
                <ReferentialConstraint>
                    <Principal Role="FromRole_PriceByMatnr">
                        <PropertyRef Name="Vbeln"/>
                    </Principal>
                    <Dependent Role="ToRole_PriceByMatnr">
                        <PropertyRef Name="Vbeln"/>
                    </Dependent>
                </ReferentialConstraint>
            </Association>
            <Association Name="HeaderToGroupInfo" sap:content-version="1">
                <End Type="ZPRS_BILL_EDIT_SRV.BillSummary" Multiplicity="1" Role="FromRole_HeaderToGroupInfo"/>
                <End Type="ZPRS_BILL_EDIT_SRV.BillGroupInfo" Multiplicity="*" Role="ToRole_HeaderToGroupInfo"/>
                <ReferentialConstraint>
                    <Principal Role="FromRole_HeaderToGroupInfo">
                        <PropertyRef Name="Vbeln"/>
                    </Principal>
                    <Dependent Role="ToRole_HeaderToGroupInfo">
                        <PropertyRef Name="Vbeln"/>
                    </Dependent>
                </ReferentialConstraint>
            </Association>
            <Association Name="DBToStatus" sap:content-version="1">
                <End Type="ZPRS_BILL_EDIT_SRV.BillSummary" Multiplicity="1" Role="FromRole_DBToStatus"/>
                <End Type="ZPRS_BILL_EDIT_SRV.DbStatus" Multiplicity="*" Role="ToRole_DBToStatus"/>
                <ReferentialConstraint>
                    <Principal Role="FromRole_DBToStatus">
                        <PropertyRef Name="Vbeln"/>
                    </Principal>
                    <Dependent Role="ToRole_DBToStatus">
                        <PropertyRef Name="Vbeln"/>
                    </Dependent>
                </ReferentialConstraint>
            </Association>
            <EntityContainer Name="ZPRS_BILL_EDIT_SRV_Entities" m:IsDefaultEntityContainer="true" sap:supported-formats="atom json xlsx">
                <EntitySet Name="MatterSet" EntityType="ZPRS_BILL_EDIT_SRV.Matter" sap:creatable="false" sap:updatable="false" sap:deletable="false" sap:pageable="false" sap:content-version="1"/>
                <EntitySet Name="GetLogSet" EntityType="ZPRS_BILL_EDIT_SRV.GetLog" sap:creatable="false" sap:updatable="false" sap:deletable="false" sap:pageable="false" sap:content-version="1"/>
                <EntitySet Name="FBMassOutputTypeSet" EntityType="ZPRS_BILL_EDIT_SRV.FBMassOutputType" sap:creatable="false" sap:updatable="false" sap:deletable="false" sap:pageable="false" sap:addressable="false" sap:content-version="1"/>
                <EntitySet Name="FinalBillTypeSet" EntityType="ZPRS_BILL_EDIT_SRV.FinalBillType" sap:creatable="false" sap:updatable="false" sap:deletable="false" sap:pageable="false" sap:content-version="1"/>
                <EntitySet Name="DBCreateLogSet" EntityType="ZPRS_BILL_EDIT_SRV.DBCreateLog" sap:creatable="false" sap:updatable="false" sap:deletable="false" sap:pageable="false" sap:addressable="false" sap:content-version="1"/>
                <EntitySet Name="ChangeStatusLogSet" EntityType="ZPRS_BILL_EDIT_SRV.ChangeStatusLog" sap:creatable="false" sap:updatable="false" sap:deletable="false" sap:pageable="false" sap:content-version="1"/>
                <EntitySet Name="BillSummarySet" EntityType="ZPRS_BILL_EDIT_SRV.BillSummary" sap:creatable="false" sap:updatable="false" sap:deletable="false" sap:pageable="false" sap:content-version="1"/>
                <EntitySet Name="PricingTypeSet" EntityType="ZPRS_BILL_EDIT_SRV.PricingType" sap:creatable="false" sap:updatable="false" sap:deletable="false" sap:pageable="false" sap:content-version="1"/>
                <EntitySet Name="DbStatusSet" EntityType="ZPRS_BILL_EDIT_SRV.DbStatus" sap:creatable="false" sap:updatable="false" sap:deletable="false" sap:pageable="false" sap:content-version="1"/>
                <EntitySet Name="PDFOutCollection" EntityType="ZPRS_BILL_EDIT_SRV.PDFOut" sap:content-version="1"/>
                <EntitySet Name="Tax1InfoSet" EntityType="ZPRS_BILL_EDIT_SRV.Tax1Info" sap:creatable="false" sap:updatable="false" sap:deletable="false" sap:pageable="false" sap:content-version="1"/>
                <EntitySet Name="BillDetailSet" EntityType="ZPRS_BILL_EDIT_SRV.BillDetail" sap:creatable="false" sap:updatable="false" sap:deletable="false" sap:pageable="false" sap:content-version="1"/>
                <EntitySet Name="TrasnferReturnSet" EntityType="ZPRS_BILL_EDIT_SRV.TransferReturn" sap:creatable="false" sap:updatable="false" sap:deletable="false" sap:pageable="false" sap:content-version="1"/>
                <EntitySet Name="LateWipReturnSet" EntityType="ZPRS_BILL_EDIT_SRV.LateWipReturn" sap:creatable="false" sap:updatable="false" sap:deletable="false" sap:pageable="false" sap:addressable="false" sap:content-version="1"/>
                <EntitySet Name="OpenDbForMatterSet" EntityType="ZPRS_BILL_EDIT_SRV.OpenDbForMatter" sap:creatable="false" sap:updatable="false" sap:deletable="false" sap:pageable="false" sap:addressable="false" sap:content-version="1"/>
                <EntitySet Name="DbOutputTypeSet" EntityType="ZPRS_BILL_EDIT_SRV.DbOutputType" sap:creatable="false" sap:updatable="false" sap:deletable="false" sap:pageable="false" sap:content-version="1"/>
                <EntitySet Name="PriceInfoByMatnrSet" EntityType="ZPRS_BILL_EDIT_SRV.PriceInfoByMatnr" sap:creatable="false" sap:updatable="false" sap:deletable="false" sap:pageable="false" sap:content-version="1"/>
                <EntitySet Name="BillGroupInfoSet" EntityType="ZPRS_BILL_EDIT_SRV.BillGroupInfo" sap:creatable="false" sap:updatable="false" sap:deletable="false" sap:pageable="false" sap:content-version="1"/>
                <EntitySet Name="BillEditMatterDetailSet" EntityType="ZPRS_BILL_EDIT_SRV.BillEditMatterDetail" sap:creatable="false" sap:updatable="false" sap:deletable="false" sap:pageable="false" sap:addressable="false" sap:content-version="1"/>
                <EntitySet Name="BillEditPreviewDraftBillSet" EntityType="ZPRS_BILL_EDIT_SRV.BillEditPreviewDraftBill" sap:creatable="false" sap:updatable="false" sap:deletable="false" sap:pageable="false" sap:addressable="false" sap:content-version="1"/>
                <EntitySet Name="FbOutputTypeSet" EntityType="ZPRS_BILL_EDIT_SRV.FbOutputType" sap:creatable="false" sap:updatable="false" sap:deletable="false" sap:pageable="false" sap:addressable="false" sap:content-version="1"/>
                <EntitySet Name="CancelDraftSet" EntityType="ZPRS_BILL_EDIT_SRV.CancelDraft" sap:creatable="false" sap:updatable="false" sap:deletable="false" sap:pageable="false" sap:addressable="false" sap:content-version="1"/>
                <EntitySet Name="BillTextsSet" EntityType="ZPRS_BILL_EDIT_SRV.BillTexts" sap:creatable="false" sap:updatable="false" sap:deletable="false" sap:pageable="false" sap:content-version="1"/>
                <EntitySet Name="LedesPrintReturnSet" EntityType="ZPRS_BILL_EDIT_SRV.LedesPrintReturn" sap:creatable="false" sap:updatable="false" sap:deletable="false" sap:pageable="false" sap:content-version="1"/>
                <EntitySet Name="WFCommentsSet" EntityType="ZPRS_BILL_EDIT_SRV.WFComments" sap:creatable="false" sap:updatable="false" sap:deletable="false" sap:pageable="false" sap:content-version="1"/>
                <EntitySet Name="TaxstatusFSet" EntityType="ZPRS_BILL_EDIT_SRV.TaxstatusF" sap:creatable="false" sap:updatable="false" sap:deletable="false" sap:pageable="false" sap:content-version="1"/>
                <EntitySet Name="WFCommentsDownloadSet" EntityType="ZPRS_BILL_EDIT_SRV.WFCommentsDownload" sap:creatable="false" sap:updatable="false" sap:deletable="false" sap:pageable="false" sap:content-version="1"/>
                <EntitySet Name="PriceTypeItmSet" EntityType="ZPRS_BILL_EDIT_SRV.PriceTypeItm" sap:creatable="false" sap:updatable="false" sap:deletable="false" sap:pageable="false" sap:addressable="false" sap:content-version="1"/>
                <EntitySet Name="MatterRptGrpSet" EntityType="ZPRS_BILL_EDIT_SRV.MatterRptGrp" sap:creatable="false" sap:updatable="false" sap:deletable="false" sap:pageable="false" sap:content-version="1"/>
                <EntitySet Name="ClientsGeneralSet" EntityType="ZPRS_BILL_EDIT_SRV.ClientsGeneral" sap:creatable="false" sap:updatable="false" sap:deletable="false" sap:pageable="false" sap:addressable="false" sap:content-version="1"/>
                <EntitySet Name="PartnerTypeSet" EntityType="ZPRS_BILL_EDIT_SRV.PartnerType" sap:creatable="false" sap:updatable="false" sap:deletable="false" sap:pageable="false" sap:addressable="false" sap:content-version="1"/>
                <EntitySet Name="BillOfficeSet" EntityType="ZPRS_BILL_EDIT_SRV.BillOffice" sap:creatable="false" sap:updatable="false" sap:deletable="false" sap:pageable="false" sap:addressable="false" sap:content-version="1"/>
                <EntitySet Name="BillingOfficeSet" EntityType="ZPRS_BILL_EDIT_SRV.BillingOffice" sap:creatable="false" sap:updatable="false" sap:deletable="false" sap:pageable="false" sap:content-version="1"/>
                <EntitySet Name="SalesOrgSet" EntityType="ZPRS_BILL_EDIT_SRV.SalesOrg" sap:creatable="false" sap:updatable="false" sap:deletable="false" sap:pageable="false" sap:content-version="1"/>
                <EntitySet Name="PartnerNumberSet" EntityType="ZPRS_BILL_EDIT_SRV.PartnerNumber" sap:creatable="false" sap:updatable="false" sap:deletable="false" sap:pageable="false" sap:content-version="1"/>
                <EntitySet Name="MatterGrpBillSet" EntityType="ZPRS_BILL_EDIT_SRV.MatterGrpBill" sap:creatable="false" sap:updatable="false" sap:deletable="false" sap:pageable="false" sap:content-version="1"/>
                <AssociationSet Name="SalesOrderOderItemSet" Association="ZPRS_BILL_EDIT_SRV.SalesOrderOderItem" sap:creatable="false" sap:updatable="false" sap:deletable="false" sap:content-version="1">
                    <End EntitySet="BillSummarySet" Role="FromRole_SalesOrderOderItem"/>
                    <End EntitySet="BillDetailSet" Role="ToRole_SalesOrderOderItem"/>
                </AssociationSet>
                <AssociationSet Name="DBToStatusSet" Association="ZPRS_BILL_EDIT_SRV.DBToStatus" sap:creatable="false" sap:updatable="false" sap:deletable="false" sap:content-version="1">
                    <End EntitySet="BillSummarySet" Role="FromRole_DBToStatus"/>
                    <End EntitySet="DbStatusSet" Role="ToRole_DBToStatus"/>
                </AssociationSet>
                <AssociationSet Name="HeaderToGroupInfoSet" Association="ZPRS_BILL_EDIT_SRV.HeaderToGroupInfo" sap:creatable="false" sap:updatable="false" sap:deletable="false" sap:content-version="1">
                    <End EntitySet="BillSummarySet" Role="FromRole_HeaderToGroupInfo"/>
                    <End EntitySet="BillGroupInfoSet" Role="ToRole_HeaderToGroupInfo"/>
                </AssociationSet>
                <AssociationSet Name="PriceByMatnrSet" Association="ZPRS_BILL_EDIT_SRV.PriceByMatnr" sap:creatable="false" sap:updatable="false" sap:deletable="false" sap:content-version="1">
                    <End EntitySet="BillSummarySet" Role="FromRole_PriceByMatnr"/>
                    <End EntitySet="PriceInfoByMatnrSet" Role="ToRole_PriceByMatnr"/>
                </AssociationSet>
                <FunctionImport Name="ChangeDBStatus" ReturnType="Collection(ZPRS_BILL_EDIT_SRV.BillSummary)" EntitySet="BillSummarySet" m:HttpMethod="GET">
                    <Parameter Name="Vbeln" Type="Edm.String" Mode="In"/>
                    <Parameter Name="DbStatus" Type="Edm.String" Mode="In"/>
                    <Parameter Name="TypeOfApproval" Type="Edm.String" Mode="In"/>
                </FunctionImport>
                <FunctionImport Name="ChangeStatus" ReturnType="Collection(ZPRS_BILL_EDIT_SRV.ChangeStatusLog)" EntitySet="ChangeStatusLogSet" m:HttpMethod="GET">
                    <Parameter Name="STATUS" Type="Edm.String" Mode="In"/>
                    <Parameter Name="TYPEOFAPPROVAL" Type="Edm.String" Mode="In"/>
                    <Parameter Name="VBELN" Type="Edm.String" Mode="In"/>
                </FunctionImport>
                <FunctionImport Name="BillTransfer" ReturnType="Collection(ZPRS_BILL_EDIT_SRV.TransferReturn)" EntitySet="TrasnferReturnSet" m:HttpMethod="GET">
                    <Parameter Name="Counter" Type="Edm.String" Mode="In"/>
                    <Parameter Name="Action" Type="Edm.String" Mode="In"/>
                    <Parameter Name="Vbeln" Type="Edm.String" Mode="In"/>
                    <Parameter Name="Posnr" Type="Edm.String" Mode="In"/>
                    <Parameter Name="ToActivityCode" Type="Edm.String" Mode="In"/>
                    <Parameter Name="ToFfActivityCode" Type="Edm.String" Mode="In"/>
                    <Parameter Name="ToMatter" Type="Edm.String" Mode="In"/>
                    <Parameter Name="ToTaskCode" Type="Edm.String" Mode="In"/>
                    <Parameter Name="ToFfTaskCode" Type="Edm.String" Mode="In"/>
                    <Parameter Name="ToVbeln" Type="Edm.String" Mode="In"/>
                    <Parameter Name="Hours" Type="Edm.String" Mode="In"/>
                    <Parameter Name="Percentage" Type="Edm.String" Mode="In"/>
                </FunctionImport>
                <FunctionImport Name="AddLateWip" ReturnType="ZPRS_BILL_EDIT_SRV.LateWipReturn" EntitySet="LateWipReturnSet" m:HttpMethod="GET">
                    <Parameter Name="Belnr" Type="Edm.String" Mode="In"/>
                    <Parameter Name="Buzei" Type="Edm.String" Mode="In"/>
                    <Parameter Name="Budat" Type="Edm.String" Mode="In"/>
                    <Parameter Name="Vbeln" Type="Edm.String" Mode="In"/>
                </FunctionImport>
                <FunctionImport Name="CreateDraft" ReturnType="Collection(ZPRS_BILL_EDIT_SRV.BillEditMatterDetail)" EntitySet="BillEditMatterDetailSet" m:HttpMethod="GET">
                    <Parameter Name="PSPID" Type="Edm.String" Mode="In"/>
                    <Parameter Name="ACTION" Type="Edm.String" Mode="In"/>
                    <Parameter Name="budat_from" Type="Edm.String" Mode="In"/>
                    <Parameter Name="budat_to" Type="Edm.String" Mode="In"/>
                    <Parameter Name="Submit" Type="Edm.String" Mode="In"/>
                </FunctionImport>
                <FunctionImport Name="PreviewDraft" ReturnType="Collection(ZPRS_BILL_EDIT_SRV.BillEditPreviewDraftBill)" EntitySet="BillEditPreviewDraftBillSet" m:HttpMethod="GET"/>
                <FunctionImport Name="CreateFinal" ReturnType="Collection(ZPRS_BILL_EDIT_SRV.BillSummary)" EntitySet="BillSummarySet" m:HttpMethod="GET">
                    <Parameter Name="GROUPBILL" Type="Edm.String" Mode="In"/>
                    <Parameter Name="FKART" Type="Edm.String" Mode="In"/>
                    <Parameter Name="FKDAT" Type="Edm.String" Mode="In"/>
                    <Parameter Name="VBELN" Type="Edm.String" Mode="In"/>
                </FunctionImport>
                <FunctionImport Name="DraftCancel" ReturnType="Collection(ZPRS_BILL_EDIT_SRV.CancelDraft)" EntitySet="CancelDraftSet" m:HttpMethod="GET">
                    <Parameter Name="Vbeln" Type="Edm.String" Mode="In"/>
                </FunctionImport>
                <FunctionImport Name="LedesPrint" ReturnType="Collection(ZPRS_BILL_EDIT_SRV.LedesPrintReturn)" EntitySet="LedesPrintReturnSet" m:HttpMethod="GET">
                    <Parameter Name="DraftBill" Type="Edm.String" Mode="In"/>
                    <Parameter Name="Kappl" Type="Edm.String" Mode="In"/>
                    <Parameter Name="Kschl" Type="Edm.String" Mode="In"/>
                </FunctionImport>
                <FunctionImport Name="FBillMassPrint" ReturnType="Collection(ZPRS_BILL_EDIT_SRV.LedesPrintReturn)" EntitySet="LedesPrintReturnSet" m:HttpMethod="GET">
                    <Parameter Name="Kschl" Type="Edm.String" Mode="In"/>
                    <Parameter Name="Vbeln" Type="Edm.String" Mode="In"/>
                </FunctionImport>
                <FunctionImport Name="DBillMassPrint" ReturnType="Collection(ZPRS_BILL_EDIT_SRV.LedesPrintReturn)" EntitySet="LedesPrintReturnSet" m:HttpMethod="GET">
                    <Parameter Name="Vbeln" Type="Edm.String" Mode="In"/>
                </FunctionImport>
            </EntityContainer>
            <atom:link
                xmlns:atom="http://www.w3.org/2005/Atom" rel="self" href="./sap/ZPRS_BILL_EDIT_SRV/$metadata"/>
                <atom:link
                    xmlns:atom="http://www.w3.org/2005/Atom" rel="latest-version" href="./sap/ZPRS_BILL_EDIT_SRV/$metadata"/>
                </Schema>
            </edmx:DataServices>
        </edmx:Edmx>