{
	"orderNum": "EXT300056",
	"repOrdNum": "EXT300056",
	"vehicleRegNum": "Vreg300056",
	"promisedDateTime": "",
	"startDate": "",
	"endDate": "",
	"lineItems": [{
		"jobNum": "9160000277",
		"jobDesc": "Jones, Mike vs Bureau",
		"partCode": "code0010",
		"pCodeDesc": "dashboard",
		"quantity": "1",
		"uom": "",
		"Assign": "yes",
		"techNum": "1002/Sunny",
		"skill": "",
		"Status": "Approved"
	}, {
		"jobNum": "9160000278",
		"jobDesc": "Jones, Mike vs Bureau",
		"partCode": "code0012",
		"pCodeDesc": "GBox",
		"quantity": "2",
		"uom": "",
		"Assign": "yes",
		"techNum": "1004/john",
		"skill": "",
		"Status": "Approved"
	}]

}