 [{
	"Matter": "1000000001",
	"MatterName": "Fifth Avenue Trust",
	"Client": "10001",
	"ClientMatterID": "2015-T-1035",
	"ProfessionalEmail": "Hcraig@fmg.com",
	"InvoiceDesc": "For Services Rendered",
	"MatterIDOverride": "2015-T-1035",
	"ClaimNo": "1022345668",
	"BillingMethod ": "Z4 Ebill",
	"eBillVendor": "Collaborati",
	"MatterState": "Reconciled",
	"SetSpecialist": "Hanna Craig",
	"ClientIDOverride": "10005",
	"LawFirmName": "Freeman Mathis & Gary, LLP",
	"eBillClientName": "Two Sigma Investments",
	"LawFirmNo": "EIN13554356",
	"DivisionOffice": "ATL1",
	"LOBCode": "2999-001",
	"ClaimHandler": "NA",
	"ClaimantName": "NA",
	"Division": "NA",
	"CaseLevelID": "NA",
	"DateofLoss": "NA",
	"eBillLocation": "New York",
	"DraftBillNumber": "70041230",
	"Invoice": "9160000431",
	"DraftBillAmount": "3,921.00",
	"InvoiceAmount": "3,921.00"
}]

