<core:FragmentDefinition  xmlns:core="sap.ui.core" xmlns="sap.ui.table" xmlns:m="sap.m" xmlns:l="sap.ui.layout" >
	<m:Dialog title="Wip Detail">
		<Table
				selectionMode="MultiToggle"
				visibleRowCount="9"
				id="TableDialog"
				rows="{AdditionalWipMod>/results}">
				<columns>
					<!--<Column width="11rem">-->
					<!--	<m:Label text="info" />-->
					<!--	<template>-->
					<!--		<m:Text text="{AdditionalWipMod>Megbtr}"/>-->
					<!--	</template>-->
					<!--</Column>-->
					<Column width="11rem">
						<m:Label text="Work Date" />
						<template>
							<m:Text text="{AdditionalWipMod>Budat}"/>
						</template>
					</Column>
						<Column width="8rem">
						<m:Label text="Document No" />
						<template>
							<m:Text text="{AdditionalWipMod>Belnr}"/>
						</template>
					</Column>
						<Column width="8rem">
						<m:Label text="Transaction Type" />
						<template>
							<m:Text text="{AdditionalWipMod>Belnr}"/>
						</template>
					</Column>
					<Column width="11rem">
						<m:Label text="Activity Desc" />
						<template>
							<m:Text text="{AdditionalWipMod>Matnr}"/>
						</template>
					</Column>
					<Column width="11rem">
						<m:Label text="Working Ofc" />
						<template>
							<m:Text text="{AdditionalWipMod>LstarText}"/>
						</template>
					</Column>
					<Column width="11rem">
						<m:Label text="Time Keeper No" />
						<template>
							<m:Text text="{AdditionalWipMod>Werks}"/>
						</template>
					</Column>
					<Column width="11rem">
						<m:Label text="Time Keeper" />
						<template>
							<m:Text text="{AdditionalWipMod>Pernr}"/>
						</template>
					</Column>
					<Column width="11rem">
						<m:Label text="Hours/Quantity" />
						<template>
							<m:Text text="{AdditionalWipMod>Quantity}"/>
						</template>
					</Column>
					<Column width="11rem">
						<m:Label text="items" />
						<template>
							<m:Text text="{AdditionalWipMod>Buzei}"/>
						</template>
					</Column>
						<Column width="11rem">
						<m:Label text="Task Code" />
						<template>
							<m:Text text="{AdditionalWipMod>Zztskcd}"/>
						</template>
					</Column>
						<Column width="11rem">
						<m:Label text="Activity Code" />
						<template>
							<m:Text text="{AdditionalWipMod>Zzactcd}"/>
						</template>
					</Column>
						<Column width="11rem">
						<m:Label text="FlatFee Task Code" />
						<template>
							<m:Text text="{AdditionalWipMod>Zzfftskcd}"/>
						</template>
					</Column>
						<Column width="11rem">
						<m:Label text="FlatFee Activity Code" />
						<template>
							<m:Text text="{AdditionalWipMod>Zzffactcd}"/>
						</template>
					</Column>
				</columns>
			</Table>
		<m:beginButton>
			<m:Button text="Add to Draft Bill" type="Emphasized" press="onWipAddDraftBill"/>
		</m:beginButton>
		<m:endButton>
			<m:Button text="Cancel"  type="Emphasized" press="onWipCancel"/>
		</m:endButton>
	</m:Dialog>
</core:FragmentDefinition>