<core:FragmentDefinition  xmlns:core="sap.ui.core" xmlns="sap.m" xmlns:l="sap.ui.layout" >
	<Dialog title="Wip Detail Set">
	<l:Grid defaultSpan="L3 M4 S6" class="sapUiSmallMarginTop gridclass" >
	<l:content>
	<Label text="Billing Date"/>
			
				<DatePicker id="BillingDate" value="2014-01-01" valueFormat="yyyyMMdd" displayFormat="yyyy-MM-dd"/>
			<Label text="Final Bill Type"/>
			<ComboBox id="idFinalBillType" class="panelClassSelect" items="{path: '/FinalBillTypeSet'}" >
									<core:Item key="{Fkart}" text="{Vtext}"/>
			</ComboBox>	
	</l:content>
	</l:Grid>
	<Toolbar>
			
	<ToolbarSpacer/>
	<Button text="GO" type="Accept" press="oClickFinalBill"/>
	<Button text="Cancel" type="Emphasized" press="onFinalBillclose"/>
	</Toolbar>
	</Dialog>
</core:FragmentDefinition>