<core:FragmentDefinition xmlns="sap.m" xmlns:core="sap.ui.core">
	<Popover title="Attachments" class="sapUiContentPadding" placement="Left">
		<footer>
			<Toolbar>
				<ToolbarSpacer/>
				<Button text="close" press="handlAttachClose"/>
			</Toolbar>
		</footer>
		<List id="AttachList" mode="Delete" items="{path: 'AttachModel>/FileListSet'}" >
		<CustomListItem>
			<HBox>
					<VBox  class="sapUiSmallMarginBegin sapUiSmallMarginTopBottom" >
					<Link text="{AttachModel>Descript}{IconTab>/dot}{AttachModel>Docuclass}" press="handleLinkPress"/>
					<Label text="{AttachModel>CreaUser}"/>
				</VBox>
			</HBox>
		</CustomListItem>
	</List>
		</Popover>
	</core:FragmentDefinition>