<core:FragmentDefinition xmlns="sap.m" xmlns:core="sap.ui.core">
	<Popover title="Display Comments" class="sapUiContentPadding" placement="Left">
		<footer>
			<Toolbar>
				<ToolbarSpacer/>
				<Button text="close" press="handlCommentClose"/>
			</Toolbar>
		</footer>
		<!--<TextArea value="{worklistView>/Comments}" cols="30" enabled="false" rows="4" />-->
		<List id="commentsList" showSeparators="Inner" items = "{path: '/WFCommentsSet'}" noDataText="No Comments">
			<FeedListItem senderActive="false" sender="{Username}" 
			timestamp="{Date}" text="{Usercomment}"/>
			</List>
		</Popover>
	</core:FragmentDefinition>