<core:FragmentDefinition  xmlns:core="sap.ui.core" xmlns="sap.m" xmlns:l="sap.ui.layout" >
	<Dialog title="Wip Detail Set">
		<Table
		id="TableDialog"
		noDataText="No Data Found"
		
		items="{path : 'comModel>/WipDetailsSet'}" >
					<columns>
						<Column>
							<header>
							<Label text="Work Date"/>
							</header>
						</Column>
						<Column>
							<header>
							<Label text="Document No"/>
							</header>
						</Column>
						<Column>
							<header>
							<Label text="Transaction Type"/>
							</header>
						</Column>
						<Column>
							<header>
							<Label text="Activity Desc"/>
							</header>
						</Column>
						<Column>
							<header>
							<Label text="Working Ofc"/>
							</header>
						</Column>
						<Column>
							<header>
							<Label text="Time Keeper No"/>
							</header>
						</Column>
						<Column>
							<header>
							<Label text="Time Keeper"/>
							</header>
						</Column>
						<Column>
							<header>
							<Label text="Hours/Quantity"/>
							</header>
						</Column>
						<Column>
							<header>
							<Label text="info"/>
							</header>
						</Column>
					</columns>
					<items>
						<ColumnListItem>
							<cells>
								<Text text="{comModel>Budat}"/>
								<Text text="{comModel>Belnr}"/>
								<Text text="{comModel>Matnr}"/>
								<Text text="{comModel>LstarText}"/>
								<Text text="{comModel>Werks}"/>
								<Text text="{comModel>Pernr}"/>
								<Text text="{comModel>Sname}"/>
								<Text text="{comModel>Megbtr}"/>
							</cells>
						</ColumnListItem>
					</items>
		</Table>
	</Dialog>
</core:FragmentDefinition>