<core:FragmentDefinition  xmlns:core="sap.ui.core" xmlns="sap.m" 
	xmlns:l="sap.ui.layout" >
	<Dialog title="Matter Filter">
	<l:Grid defaultSpan="L3 M4 S6" class="sapUiSmallMarginTop gridclass" >
		<l:content>
			<Label text="{i18n>WDateFrmLbl}"/>
			
				<DatePicker id="Datefrom" value="2014-01-01" valueFormat="yyyy-MM-dd" displayFormat="yyyy-MM-dd"/>
			<Label text="{i18n>WDateToLbl}"/>
			
				<DatePicker id="Dateto" valueFormat="yyyy-MM-dd" displayFormat="yyyy-MM-dd"/>
			
				<Label text="{i18n>ClientLbl}">
				<layoutData>
					<l:GridData span="L3 M4 S6" />
				</layoutData>
			</Label>
			<MultiInput id="clientInputId" tokens="{ path: 'nemod>/Clients'}" valueHelpRequest="handleValueHelpClient">
				<tokens>
							<Token text="{nemod>ClientId}" />
						</tokens>
				<!--<Input  type="Text" showValueHelp="true">-->
				<layoutData>
					<l:GridData span="L9 M8 S6" />
				</layoutData>
			</MultiInput>
			<Label text="{i18n>PartnerTypeLbl}"/>
			<ComboBox id="idpartnerType" class="panelClassSelect" items="{path: '/PartnerTypeSet'}" >
									<core:Item key="{Parvw}" text="{Vtext}"/>
			</ComboBox>
				
			<Label  text="{i18n>PartnerNumLbl}"/>
			
				<Input type="Text" showValueHelp="true" id="partnerInputId" valueHelpRequest="handleValueHelpBillpart"/>
				<Label  text="Matter">
				<layoutData>
					<l:GridData span="L3 M4 S6" />
				</layoutData>
			</Label>
					<!--<Input  type="Text" showValueHelp="true" id="matterid">-->
					<!--<MultiInput type="Text" id="matterInputId" enableMultiLineMode="true" valueHelpRequest="handleValueHelpMatter">-->
					<MultiInput id="matterInputId" tokens="{path: 'nemod>/Matters'}"  valueHelpRequest="handleValueHelpMatter">
						<tokens>
							<Token text="{nemod>MatterId}" />
						</tokens>
				<layoutData>
					<l:GridData span="L9 M8 S6" />
				</layoutData>
			</MultiInput>
			<Label text="{i18n>MatterRptLbl}"/>
			
				<Input type="Text" showValueHelp="true" id="MRepotGrpInputId" valueHelpRequest="handleValueHelpMreportGroup"/>
				<Label text="{i18n>GrpBillLbl}"/>
			<Input type="Text" showValueHelp="true" id="groupBillInputId" valueHelpRequest="handleValueHelpGroupbill"/>
				
				<Label text="{i18n>BillOfcLbl}"/>
			<Input type="Text" id="BilOfcInputId" showValueHelp="true" valueHelpRequest="handleValueHelpBillofc"/>
				
				<Label text="{i18n>SalesOrgLbl}"/>
			<Input type="Text" id="SalesOrgInputId" showValueHelp="true" valueHelpRequest="handleValueHelpsaleorg"/>
				
				<Label text="{i18n>DBNumLbl}"/>
			
				<Input type="Text" showValueHelp="true" id="DBIdInputId" valueHelpRequest="handleValueHelpDraft"/>
			
			<CheckBox text="{i18n>CreateDBLal}" id="checkid" />
			
		</l:content>
	</l:Grid>
	<Toolbar>
			
				<ToolbarSpacer/>
				<Button text="GO" type="Accept" press="onGoClick"/>
				<Button text="Cancel" type="Emphasized" press="onclose"/>
			</Toolbar>
</Dialog>
</core:FragmentDefinition>