<core:FragmentDefinition  xmlns:core="sap.ui.core" xmlns:m="sap.m" xmlns:smartTable="sap.ui.comp.smarttable" xmlns:l="sap.ui.layout" 
xmlns:smartFilterBar="sap.ui.comp.smartfilterbar" xmlns="sap.ui.table">
	<smartFilterBar:SmartFilterBar id="smartFilterBar" entityType="BillSummary" persistencyKey="SmartFilter_Explored"
				basicSearchFieldName="Pspid" enableBasicSearch="true" visible="{IconTab>/isFilterBar}">
				<!-- layout data used to make the table growing but the filter bar fixed -->
				<smartFilterBar:layoutData>
					<m:FlexItemData shrinkFactor="0"/>
				</smartFilterBar:layoutData>
			</smartFilterBar:SmartFilterBar>
			<smartTable:SmartTable id="idsmartTable" useExportToExcel="true" showRowCount="true" visible="{IconTab>/isMainTable}"
				useTablePersonalisation="true" persistencyKey="PKeyResponsiveExample1" useVariantManagement="false" entitySet="BillSummarySet"
				beforeRebindTable="onBeforeRebindTable" enableAutoBinding="true" editable="false" tableType="Table" enableCustomFilter="true"
				editTogglable="false" dataReceived="handleDataReceived">
				<smartTable:customToolbar>
					<m:Toolbar>
						<m:ToolbarSpacer/>
						<m:SearchField width="auto" search="onSearch"/>
						<m:Button icon="sap-icon://document" tooltip="{i18n>WipDetail}" press="DocPress"/>
						<m:Button icon="sap-icon://settings" tooltip="{i18n>DisplayLog}" press="onDisplayLog"/>
						<m:Button icon="sap-icon://refresh" press="onRefresh"/>
						<m:Button icon="sap-icon://filter" press="onFilterButton"/>
					</m:Toolbar>
				</smartTable:customToolbar>
				<Table selectionMode="MultiToggle" rowSelectionChange="onPress" visibleRowCount="{IconTab>/visibleRowCount}">
					<columns>
						<Column width="8rem">
							<customData>
								<core:CustomData key="p13nData" value='\{"columnKey": "Iserror", "columnIndex":"0"}'/>
							</customData>
							<label>
								<m:Text text="Iserror"/>
							</label>
							<template>
								<core:Icon src="{path : 'Iserror', formatter : '.formatter.SeTStatusIcon'}"
									color="{path : 'Iserror', formatter : '.formatter.SeTStatusIconColor'}" tooltip="{path : 'Message'}"/>
							</template>
						</Column>
						<Column width="15rem">
							<customData>
								<core:CustomData key="p13nData" value='\{"columnKey": "Message", "leadingProperty": "Message"}'/>
							</customData>
							<label>
								<m:Text text="Status Message"/>
							</label>
							<template>
								<m:Text width="100%" text="{Message}"/>
							</template>
						</Column>
						<Column width="8rem">
							<customData>
								<core:CustomData key="p13nData" value='\{"columnKey": "Status", "leadingProperty": "Status"}'/>
							</customData>
							<label>
								<m:Text text="Draft Bill Status"/>
							</label>
							<template>
								<m:Text width="100%" text="{Status}"/>
							</template>
						</Column>
						<Column width="8rem">
							<customData>
								<core:CustomData key="p13nData" value='\{"columnKey": "WfStatusText", "leadingProperty": "WfStatusText"}'/>
							</customData>
							<label>
								<m:Text text="Work Flow Status"/>
							</label>
							<template>
								<m:Text width="100%" text="{WfStatusText}"/>
							</template>
						</Column>
						<Column width="8rem">
							<customData>
								<core:CustomData key="p13nData" value='\{"columnKey": "WfComments", "leadingProperty": "WfComments"}'/>
							</customData>
							<label>
								<m:Text text="Comments"/>
							</label>
							<template>
								<!--<m:Text width="100%"-->
								<!--text="{WfComments}" />-->
								<core:Icon src="{path : 'WfComments', formatter : '.formatter.SeTCommentIcon'}"
									color="{path : 'WfComments', formatter : '.formatter.SeTCommentIconColor'}" press="onCommentClick"/>
							</template>
						</Column>
						<Column width="8rem">
							<customData>
								<core:CustomData key="p13nData" value='\{"columnKey": "isattachment", "leadingProperty": "isattachment"}'/>
							</customData>
							<label>
								<m:Text text="Attachments"/>
							</label>
							<template>
								<core:Icon src="{path : 'isattachment', formatter : '.formatter.SeTAttachmentIcon'}"
									color="{path : 'isattachment', formatter : '.formatter.SeTAttachmentIconColor'}" press="onAttachmentClick"/>
							</template>
						</Column>
						<Column width="12rem">
							<customData>
								<core:CustomData key="p13nData" value='\{"columnKey": "BaName", "leadingProperty": "BaName"}'/>
							</customData>
							<label>
								<m:Text text="Billing Partner"/>
							</label>
							<template>
								<m:Text width="100%" text="{BaName}"/>
							</template>
						</Column>
						<Column width="12rem">
							<customData>
								<core:CustomData key="p13nData" value='\{"columnKey": "ClientName", "leadingProperty": "ClientName"}'/>
							</customData>
							<label>
								<m:Text text="Client Name"/>
							</label>
							<template>
								<m:Text width="100%" text="{ClientName}"/>
							</template>
						</Column>
						<Column width="8rem">
							<customData>
								<core:CustomData key="p13nData" value='\{"columnKey": "Pspid", "leadingProperty": "Pspid"}'/>
							</customData>
							<label>
								<m:Text text="Matter Number"/>
							</label>
							<template>
								<m:Text width="100%" text="{Pspid}"/>
							</template>
						</Column>
						<Column width="12rem">
							<customData>
								<core:CustomData key="p13nData" value='\{"columnKey": "Post1", "leadingProperty": "Post1"}'/>
							</customData>
							<label>
								<m:Text text="Matter Description"/>
							</label>
							<template>
								<m:Text width="100%" text="{Post1}"/>
							</template>
						</Column>
						<Column width="8rem">
							<customData>
								<core:CustomData key="p13nData" value='\{"columnKey": "Vbeln", "leadingProperty": "Vbeln"}'/>
							</customData>
							<label>
								<m:Text text="Draft Bill"/>
							</label>
							<template>
								<m:Text width="100%" text="{Vbeln}"/>
							</template>
						</Column>
						<Column width="8rem">
							<customData>
								<core:CustomData key="p13nData" value='\{"columnKey": "Budat", "leadingProperty": "Budat"}'/>
							</customData>
							<label>
								<m:Text text="Date"/>
							</label>
							<template>
								<m:Text width="100%" text="{Budat}"/>
							</template>
						</Column>
						<Column width="8rem">
							<customData>
								<core:CustomData key="p13nData" value='\{"columnKey": "Waers", "leadingProperty": "Waers"}'/>
							</customData>
							<label>
								<m:Text text="Currency"/>
							</label>
							<template>
								<m:Text width="100%" text="{Waers}"/>
							</template>
						</Column>
						<Column width="8rem">
							<customData>
								<core:CustomData key="p13nData" value='\{"columnKey": "NetFees", "leadingProperty": "NetFees"}'/>
							</customData>
							<label>
								<m:Text text="Net Fees"/>
							</label>
							<template>
								<m:Text width="100%" text="{NetFees}"/>
							</template>
						</Column>
						<Column width="12rem">
							<customData>
								<core:CustomData key="p13nData" value='\{"columnKey": "NetCost", "leadingProperty": "NetCost"}'/>
							</customData>
							<label>
								<m:Text text="Net Disb"/>
							</label>
							<template>
								<m:Text width="100%" text="{NetCost}"/>
							</template>
						</Column>
						<Column width="8rem">
							<customData>
								<core:CustomData key="p13nData" value='\{"columnKey": "Tax","leadingProperty": "Tax"}'/>
							</customData>
							<label>
								<m:Text text="Tax"/>
							</label>
							<template>
								<m:Text width="100%" text="{Tax}"/>
							</template>
						</Column>
						<Column width="8rem">
							<customData>
								<core:CustomData key="p13nData" value='\{"columnKey": "NetAmount", "leadingProperty": "NetAmount"}'/>
							</customData>
							<label>
								<m:Text text="Total"/>
							</label>
							<template>
								<m:Text width="100%" text="{NetAmount}"/>
							</template>
						</Column>
							<Column width="8rem">
							<customData>
								<core:CustomData key="p13nData" value='\{"columnKey": "VbelnVf", "leadingProperty": "VbelnVf"}'/>
							</customData>
							<label>
								<m:Text text="Final Bill"/>
							</label>
							<template>
								<m:Text width="100%" text="{VbelnVf}"/>
							</template>
						</Column>
								<Column width="8rem" visible="{IconTab>/isMainTblColmns}">
							<customData>
								<core:CustomData key="p13nData" value='\{"columnKey": "Werks", "leadingProperty": "Werks"}'/>
							</customData>
							<label>
								<m:Text text="Billing Office"/>
							</label>
							<template>
								<m:Text width="100%" text="{Werks}"/>
							</template>
						</Column>
							<Column width="8rem" visible="{IconTab>/isMainTblColmns}">
							<customData>
								<core:CustomData key="p13nData" value='\{"columnKey": "Zzcreditamt", "leadingProperty": "Zzcreditamt"}'/>
							</customData>
							<label>
								<m:Text text="Credit Amount"/>
							</label>
							<template>
								<m:Text width="100%" text="{Zzcreditamt}"/>
							</template>
						</Column>
										<Column width="8rem" visible="{IconTab>/isMainTblColmns}">
							<customData>
								<core:CustomData key="p13nData" value='\{"columnKey": "Client", "leadingProperty": "Client"}'/>
							</customData>
							<label>
								<m:Text text="Client"/>
							</label>
							<template>
								<m:Text width="100%" text="{Client}"/>
							</template>
						</Column>
						<Column width="8rem" visible="{IconTab>/isMainTblColmns}">
							<customData>
								<core:CustomData key="p13nData" value='\{"columnKey": "BlockNarrative", "leadingProperty": "BlockNarrative"}'/>
							</customData>
							<label>
								<m:Text text="DB Editable"/>
							</label>
							<template>
								<m:Text width="100%" text="{BlockNarrative}"/>
							</template>
						</Column>
								<Column width="8rem" visible="{IconTab>/isMainTblColmns}">
							<customData>
								<core:CustomData key="p13nData" value='\{"columnKey": "BlockNarrative", "leadingProperty": "BlockNarrative"}'/>
							</customData>
							<label>
								<m:Text text="DB Editable"/>
							</label>
							<template>
								<m:Text width="100%" text="{BlockNarrative}"/>
							</template>
						</Column>
									<Column width="8rem" visible="{IconTab>/isMainTblColmns}">
							<customData>
								<core:CustomData key="p13nData" value='\{"columnKey": "TypeOfApproval", "leadingProperty": "TypeOfApproval"}'/>
							</customData>
							<label>
								<m:Text text="TypeOfApproval"/>
							</label>
							<template>
								<m:Text width="100%" text="{TypeOfApproval}"/>
							</template>
						</Column>
									<Column width="8rem" visible="{IconTab>/isMainTblColmns}">
							<customData>
								<core:CustomData key="p13nData" value='\{"columnKey": "Iseditable", "leadingProperty": "Iseditable"}'/>
							</customData>
							<label>
								<m:Text text="Is Editable"/>
							</label>
							<template>
								<m:Text width="100%" text="{Iseditable}"/>
							</template>
						</Column>
					</columns>
				</Table>
			</smartTable:SmartTable>
</core:FragmentDefinition>