<core:FragmentDefinition xmlns:core="sap.ui.core" xmlns:m="sap.m" xmlns:smartTable="sap.ui.comp.smarttable" xmlns:l="sap.ui.layout" 
xmlns="sap.ui.table">
	<smartTable:SmartTable id="idsmartTableNE" useExportToExcel="true" showRowCount="true" useTablePersonalisation="true"
				persistencyKey="PKeyResponsiveExample1" useVariantManagement="false" entitySet="BillDetailSet"
				beforeRebindTable="onBeforeRebindTableOrdItem" enableAutoBinding="false" editable="false" tableType="Table" enableCustomFilter="true"
				visible="{IconTab>/isOrderItem}" dataReceived="handleDataReceivedNarrative">
				<smartTable:customToolbar>
					<m:Toolbar>
						<m:ToolbarSpacer/>
					
						<m:Button icon="sap-icon://refresh" press="onRefreshNarrative"/>
						
					</m:Toolbar>
				</smartTable:customToolbar>
				<Table selectionMode="MultiToggle" width="auto" rowSelectionChange="onPressNETbl">
					<columns>
						<Column width="8rem" visible="{IconTab>/Narrative}">
							<customData>
								<core:CustomData key="p13nData" value='\{"columnKey": "Zzreview", "leadingProperty": "Zzreview"}'/>
							</customData>
							<label>
								<m:Text text="Reviewed"/>
							</label>
							<template>
								<m:Text width="100%" text="{path : 'Zzreview', formatter : '.formatter.SeTReviewedStatus'}" class="columnColor" />
							</template>
						</Column>
						<Column width="8rem" visible="{IconTab>/Narrative}">
							<customData>
								<core:CustomData key="p13nData" value='\{"columnKey": "Posnr", "leadingProperty": "Posnr"}'/>
							</customData>
							<label>
								<m:Text text="Item"/>
							</label>
							<template>
								<m:Text width="100%" text="{Posnr}"/>
							</template>
						</Column>
							<Column width="8rem" visible="{IconTab>/Narrative}">
							<customData>
								<core:CustomData key="p13nData" value='\{"columnKey": "Budat", "leadingProperty": "Budat"}'/>
							</customData>
							<label>
								<m:Text text="Work Date"/>
							</label>
							<template>
								<m:Text text="{path: 'Budat',type: 'sap.ui.model.type.DateTime',formatOptions: {style: 'short'}}"/>
							</template>
						</Column>
						<Column width="8rem" visible="{IconTab>/Narrative}">
							<customData>
								<core:CustomData key="p13nData" value='\{"columnKey": "Sname", "leadingProperty": "Sname"}'/>
							</customData>
							<label>
								<m:Text text="Time keeper"/>
							</label>
							<template>
								<m:Text width="100%" text="{Sname}"/>
							</template>
						</Column>
						<Column width="8rem" visible="{IconTab>/Narrative}">
							<customData>
								<core:CustomData key="p13nData" value='\{"columnKey": "Pernr", "leadingProperty": "Pernr"}'/>
							</customData>
							<label>
								<m:Text text="Time keeper No"/>
							</label>
							<template>
								<m:Text width="100%" text="{Pernr}"/>
							</template>
						</Column>
						<Column width="8rem" visible="{IconTab>/Narrative}">
							<customData>
								<core:CustomData key="p13nData" value='\{"columnKey": "Zzwerks", "leadingProperty": "Zzwerks"}'/>
							</customData>
							<label>
								<m:Text text="Working Ofc"/>
							</label>
							<template>
								<m:Text width="100%" text="{Zzwerks}"/>
							</template>
						</Column>
						<Column width="24rem" visible="{IconTab>/Narrative}">
							<customData>
								<core:CustomData key="p13nData" value='\{"columnKey": "Narrative", "leadingProperty": "Narrative"}'/>
							</customData>
							<label>
								<m:Text text="Narrative"/>
							</label>
							<template>
								<m:TextArea width="100%" value="{Narrative}"/>
							</template>
						</Column>
						<Column width="8rem" visible="{IconTab>/LitemEdit}">
							<customData>
								<core:CustomData key="p13nData" value='\{"columnKey": "IsError", "leadingProperty": "IsError"}'/>
							</customData>
							<label>
								<m:Text text="Info"/>
							</label>
							<template>
								
								<core:Icon src="{path : 'IsError', formatter : '.formatter.SeTStatusIsErrorIcon'}"
									color="{path : 'IsError', formatter : '.formatter.SeTStatusIconColor'}" tooltip="{path : 'Message'}"/>
							</template>
						</Column>
						<!--	<Column width="8rem" visible="{IconTab>/LitemEdit}">-->
						<!--	<customData>-->
						<!--		<core:CustomData key="p13nData"/>-->
						<!--	</customData>-->
						<!--	<label>-->
						<!--		<m:Text text="Rej Code"/>-->
						<!--	</label>-->
						<!--	<template>-->
						<!--		<m:Text text=""/>-->
						<!--	</template>-->
						<!--</Column>-->
						<Column width="8rem" visible="{IconTab>/LitemTransferT}">
							<customData>
								<core:CustomData key="p13nData" value='\{"columnKey": "Zzprtoninv", "leadingProperty": "Zzprtoninv"}'/>
							</customData>
							<label>
								<m:Text text="Print on Invoice"/>
							</label>
							<template>
								<!--<m:Text text="{Zzprtoninv}"/>-->
								<m:CheckBox selected="{path : 'Zzprtoninv', formatter : '.formatter.SeTCheckBoxStatus'}"/>
							</template>
						</Column>
						
						<Column width="8rem" visible="{IconTab>/LitemTransferT}">
							<customData>
								<core:CustomData key="p13nData" value='\{"columnKey": "Budat", "leadingProperty": "Budat"}'/>
							</customData>
							<label>
								<m:Text text="Work Date"/>
							</label>
							<template>
								<m:Text text="{path: 'Budat',type: 'sap.ui.model.type.DateTime',formatOptions: {style: 'short'}}"/>
							</template>
						</Column>
							<Column width="8rem" visible="{IconTab>/LitemEdit}">
							<customData>
								<core:CustomData key="p13nData" value='\{"columnKey": "Vbeln", "leadingProperty": "Vbeln"}'/>
							</customData>
							<label>
								<m:Text text="Draft Bill"/>
							</label>
							<template>
								<m:Text text="{Vbeln}"/>
							</template>
						</Column>
						<Column width="8rem" visible="{IconTab>/LitemEdit}">
							<customData>
								<core:CustomData key="p13nData" value='\{"columnKey": "Sname", "leadingProperty": "Sname"}'/>
							</customData>
							<label>
								<m:Text text="Time Keeper"/>
							</label>
							<template>
								<m:Text text="{Sname}"/>
							</template>
						</Column>
						<Column width="8rem" visible="{IconTab>/LitemEdit}">
							<customData>
								<core:CustomData key="p13nData" value='\{"columnKey": "Ptext", "leadingProperty": "Ptext"}'/>
							</customData>
							<label>
								<m:Text text="Title"/>
							</label>
							<template>
								<m:Text text="{Ptext}"/>
							</template>
						</Column>
						<Column width="8rem" visible="{IconTab>/LitemEdit}">
							<customData>
								<core:CustomData key="p13nData" value='\{"columnKey": "Awtyp", "leadingProperty": "Awtyp"}'/>
							</customData>
							<label>
								<m:Text text="Trans Type"/>
							</label>
							<template>
								<m:Text text="{Awtyp}"/>
							</template>
						</Column>
						<Column width="8rem" visible="{IconTab>/LitemEdit}">
							<customData>
								<core:CustomData key="p13nData" value='\{"columnKey": "Lstar", "leadingProperty": "Lstar"}'/>
							</customData>
							<label>
								<m:Text text="Trans Code"/>
							</label>
							<template>
								<m:Text text="{Lstar}"/>
							</template>
						</Column>
						<Column width="8rem" visible="{IconTab>/LitemEdit}">
							<customData>
								<core:CustomData key="p13nData" value='\{"columnKey": "LstarDesc", "leadingProperty": "LstarDesc"}'/>
							</customData>
							<label>
								<m:Text text="Trans Description"/>
							</label>
							<template>
								<m:Text text="{LstarDesc}"/>
							</template>
						</Column>
									<Column width="8rem" visible="{IconTab>/LitemEdit}">
							<customData>
								<core:CustomData key="p13nData" value='\{"columnKey": "Belnr", "leadingProperty": "Belnr"}'/>
							</customData>
							<label>
								<m:Text text="Document Number"/>
							</label>
							<template>
								<m:Text text="{Belnr}"/>
								
							</template>
						</Column>
						<Column width="8rem" visible="{IconTab>/LitemEdit}">
							<customData>
								<core:CustomData key="p13nData" value='\{"columnKey": "Meinh", "leadingProperty": "Meinh"}'/>
							</customData>
							<label>
								<m:Text text="UOM"/>
							</label>
							<template>
								<m:Text text="{Meinh}"/>
							</template>
						</Column>
						<Column width="8rem" visible="{IconTab>/LitemEdit}">
							<customData>
								<core:CustomData key="p13nData" value='\{"columnKey": "Waers", "leadingProperty": "Waers"}'/>
							</customData>
							<label>
								<m:Text text="Currency"/>
							</label>
							<template>
								<m:Text text="{Waers}"/>
							</template>
						</Column>
						<Column width="8rem" visible="{IconTab>/LitemEdit}">
							<customData>
								<core:CustomData key="p13nData" value='\{"columnKey": "BaseRate", "leadingProperty": "BaseRate"}'/>
							</customData>
							<label>
								<m:Text text="Matter Rate"/>
							</label>
							<template>
								<m:Text text="{BaseRate}"/>
							</template>
						</Column>
						<Column width="8rem" visible="{IconTab>/LitemEdit}">
							<customData>
								<core:CustomData key="p13nData" value='\{"columnKey": "ActualRate", "leadingProperty": "ActualRate"}'/>
							</customData>
							<label>
								<m:Text text="Bill Rate"/>
							</label>
							<template>
								<m:Text text="{ActualRate}"/>
							</template>
						</Column>
						<Column width="8rem" visible="{IconTab>/LitemEdit}">
							<customData>
								<core:CustomData key="p13nData" value='\{"columnKey": "BaseValue", "leadingProperty": "BaseValue"}'/>
							</customData>
							<label>
								<m:Text text="Matter Value"/>
							</label>
							<template>
								<m:Text text="{BaseValue}"/>
							</template>
						</Column>
						<Column width="8rem" visible="{IconTab>/LitemEdit}">
							<customData>
								<core:CustomData key="p13nData" value='\{"columnKey": "ActualValue", "leadingProperty": "ActualValue"}'/>
							</customData>
							<label>
								<m:Text text="Bill Value"/>
							</label>
							<template>
								<m:Text text="{ActualValue}"/>
							</template>
						</Column>
						<Column width="8rem" visible="{IconTab>/LitemEdit}">
							<customData>
								<core:CustomData key="p13nData" value='\{"columnKey": "BaseQty", "leadingProperty": "BaseQty"}'/>
							</customData>
							<label>
								<m:Text text="Worked Qty"/>
							</label>
							<template>
								<m:Text text="{BaseQty}"/>
							</template>
						</Column>
						<Column width="8rem" visible="{IconTab>/LitemEdit}">
							<customData>
								<core:CustomData key="p13nData" value='\{"columnKey": "ActualQty", "leadingProperty": "ActualQty"}'/>
							</customData>
							<label>
								<m:Text text="Bill Qty"/>
							</label>
							<template>
								<m:Text text="{ActualQty}"/>
							</template>
						</Column>
				
						<Column width="8rem" visible="{IconTab>/LitemEdit}">
							<customData>
								<core:CustomData key="p13nData" value='\{"columnKey": "ZwriteoffAmt", "leadingProperty": "ZwriteoffAmt"}'/>
							</customData>
							<label>
								<m:Text text="Write Up/Down"/>
							</label>
							<template>
								<m:Text text="{ZwriteoffAmt}"/>
							</template>
						</Column>
						<Column width="8rem" visible="{IconTab>/LitemEdit}">
							<customData>
								<core:CustomData key="p13nData" value='\{"columnKey": "ZwriteoffQty", "leadingProperty": "ZwriteoffQty"}'/>
							</customData>
							<label>
								<m:Text text="Write Down Qty"/>
							</label>
							<template>
								<m:Text text="{ZwriteoffQty}"/>
							</template>
						</Column>
						<Column width="8rem" visible="{IconTab>/LitemEdit}">
							<customData>
								<core:CustomData key="p13nData" value='\{"columnKey": "Kzwi6", "leadingProperty": "Kzwi6"}'/>
							</customData>
							<label>
								<m:Text text="Vat on IOB"/>
							</label>
							<template>
								<m:Text text="{Kzwi6}"/>
							</template>
						</Column>
						<Column width="8rem" visible="{IconTab>/LitemEdit}">
							<customData>
								<core:CustomData key="p13nData" value='\{"columnKey": "Kzwi5", "leadingProperty": "Kzwi5"}'/>
							</customData>
							<label>
								<m:Text text="Free MarkUp"/>
							</label>
							<template>
								<m:Text text="{Kzwi5}"/>
							</template>
						</Column>
						<Column width="8rem" visible="{IconTab>/LitemEdit}">
							<customData>
								<core:CustomData key="p13nData" value='\{"columnKey": "Kzwi4", "leadingProperty": "Kzwi4"}'/>
							</customData>
							<label>
								<m:Text text="Discount"/>
							</label>
							<template>
								<m:Text text="{Kzwi4}"/>
							</template>
						</Column>
						<Column width="8rem" visible="{IconTab>/LitemEdit}">
							<customData>
								<core:CustomData key="p13nData" value='\{"columnKey": "NetBillValue", "leadingProperty": "NetBillValue"}'/>
							</customData>
							<label>
								<m:Text text="Net Value"/>
							</label>
							<template>
								<m:Text text="{NetBillValue}"/>
							</template>
						</Column>
						<Column width="8rem" visible="{IconTab>/LitemEdit}">
							<customData>
								<core:CustomData key="p13nData" value='\{"columnKey": "Tax", "leadingProperty": "Tax"}'/>
							</customData>
							<label>
								<m:Text text="Tax Amount"/>
							</label>
							<template>
								<m:Text text="{Tax}"/>
							</template>
						</Column>
							<Column width="8rem" visible="{IconTab>/LitemEditTransfer}">
							<customData>
								<core:CustomData key="p13nData" value='\{"columnKey": "Phase", "leadingProperty": "Phase"}'/>
							</customData>
							<label>
								<m:Text text="To Matter"/>
							</label>
							<template>
								<m:Text text="{Phase}"/>
							</template>
						</Column>
								<Column width="8rem" visible="{IconTab>/LitemEditTransfer}">
							<customData>
								<core:CustomData key="p13nData" value='\{"columnKey": "ToVbeln", "leadingProperty": "ToVbeln"}'/>
							</customData>
							<label>
								<m:Text text="To Draft"/>
							</label>
							<template>
								<m:Text text="{ToVbeln}"/>
							</template>
						</Column>
									<Column width="8rem" visible="{IconTab>/LitemEditTransfer}">
							<customData>
								<core:CustomData key="p13nData" value='\{"columnKey": "ToMegbtr", "leadingProperty": "ToMegbtr"}'/>
							</customData>
							<label>
								<m:Text text="QTY"/>
							</label>
							<template>
								<m:Text text="{ToMegbtr}"/>
							</template>
						</Column>
									<Column width="8rem" visible="{IconTab>/LitemEditTransfer}">
							<customData>
								<core:CustomData key="p13nData" value='\{"columnKey": "ToPercent", "leadingProperty": "ToPercent"}'/>
							</customData>
							<label>
								<m:Text text="%"/>
							</label>
							<template>
								<m:Text text="{ToPercent}"/>
							</template>
						</Column>
							<Column width="12rem" visible="{IconTab>/LitemEdit}">
										<customData>
											<core:CustomData key="p13nData" value='\{"columnKey": "Zzphase", "leadingProperty": "Zzphase"}'/>
										</customData>
										<label>
											<m:Text text="Phase Code"/>
										</label>
										<template>
										
											<m:Select items="{ path: 'phaseCodeModel>/results' }" width="100%">
												<core:Item key="{phaseCodeModel>Phasecode}" text="{phaseCodeModel>Phasecode}"/>
											</m:Select>
										</template>
									</Column>
									<Column width="12rem" visible="{IconTab>/LitemEdit}">
										<customData>
											<core:CustomData key="p13nData" value='\{"columnKey": "ToZztskcd", "leadingProperty": "ToZztskcd"}'/>
										</customData>
										<label>
											<m:Text text="Task Code"/>
										</label>
										<template>
										
											<m:Select items="{ path: 'taskCodeModel>/results' }" width="100%">
												<core:Item key="{taskCodeModel>TaskCodes}" text="{taskCodeModel>TaskCodes}"/>
											</m:Select>
										</template>
									</Column>
									<Column width="12rem" visible="{IconTab>/LitemEdit}">
										<customData>
											<core:CustomData key="p13nData" value='\{"columnKey": "ToZzactcd", "leadingProperty": "ToZzactcd"}'/>
										</customData>
										<label>
											<m:Text text="Activity Code"/>
										</label>
										<template>
											
											<m:Select items="{ path: 'actCodeModel>/results' }" width="100%">
												<core:Item key="{actCodeModel>ActivityCodes}" text="{actCodeModel>ActivityCodes}"/>
											</m:Select>
										</template>
									</Column>
							
									<Column width="12rem" visible="{IconTab>/LitemEdit}">
										<customData>
											<core:CustomData key="p13nData" value='\{"columnKey": "ToZzfftskcd", "leadingProperty": "ToZzfftskcd"}'/>
										</customData>
										<label>
											<m:Text text="Flat Fee Code"/>
										</label>
										<template>
												<m:Select items="{ path: 'fftaskCodeModel>/results' }" width="100%">
												<core:Item key="{fftaskCodeModel>FfTaskCodes}" text="{fftaskCodeModel>FfTaskCodeSetDesc}"/>
											</m:Select>
										</template>
									</Column>
											<Column width="12rem" visible="{IconTab>/LitemEdit}">
										<customData>
											<core:CustomData key="p13nData" value='\{"columnKey": "ToZzffactcd", "leadingProperty": "ToZzffactcd"}'/>
										</customData>
										<label>
											<m:Text text="FF ACT Code"/>
										</label>
										<template>
										
											<m:Select items="{ path: 'fftaskCodeModel>/results' }" width="100%">
												<core:Item key="{fftaskCodeModel>FfTaskCode}" text="{fftaskCodeModel>FfTaskCodeSetDesc}"/>
											</m:Select>
										</template>
									</Column>
					</columns>
				</Table>
			</smartTable:SmartTable>
</core:FragmentDefinition>