<core:FragmentDefinition
	xmlns="sap.m"
	xmlns:core="sap.ui.core">
	<Popover
		title="Change Status"
		class="sapUiContentPadding"
		placement="Left"
			initialFocus="email">
	
	<List id="ActionList" items = "{path: '/DbStatusSet'}"  noDataText="No Status Available" >
		<ActionListItem  text="{Status} {StatusT}" press="ActionListItemPress"/>
	</List>
		<footer>
			<Toolbar>
				<ToolbarSpacer/>
				<Button
					text="close"
					press="handleStatusClose" />
			</Toolbar>
		</footer>
	</Popover>
	<!--<ActionSheet-->
	<!--	title="Change Status"-->
	<!--	showCancelButton="true"-->
	<!--	placement="Top" id="ActionList">-->
	<!--	<buttons>-->
	<!--	<Button text="{changeStatusModel>StatusT}"  />-->
	<!--	</buttons>-->

	<!--</ActionSheet>-->
</core:FragmentDefinition>