<core:FragmentDefinition xmlns:core="sap.ui.core" xmlns:l="sap.ui.layout" xmlns:m="sap.m" xmlns="sap.ui.table">
	<m:Dialog title="Write Up/Down">
		<l:Grid defaultSpan="L3 M4 S6" class="sapUiSmallMarginTop gridclass">
			<l:content>
				<m:Label text="Amount"/>
				<m:Input type="Text" value="{oValueModel>/WriteInputAmount}"/>
				<m:Label text="Quantity"/>
				<m:Input type="Text" value="{oValueModel>/WriteInputQty}"/>
			</l:content>
		</l:Grid>
		<m:Table id="idWriteUpDown">
				<m:columns>
				<m:Column>
					<m:Label text="Info"/>
				</m:Column>
				<m:Column>
					<m:Label text="Timekeeper"/>
				</m:Column>
				<m:Column>
					<m:Label text="Base Rate"/>
				</m:Column>
				<m:Column>
					<m:Label text="Worked Qty"/>
				</m:Column>
				<m:Column>
					<m:Label text="Base Value"/>
				</m:Column>
				<m:Column>
					<m:Label text="Bill Rate"/>
				</m:Column>
				<m:Column>
					<m:Label text="Bill Qty"/>
				</m:Column>
				<m:Column>
					<m:Label text="Bill Value"/>
				</m:Column>
			</m:columns>
			<m:items>
				<m:ColumnListItem>
					<m:cells>
						<core:Icon src="{path : 'IsError', formatter : '.formatter.SeTStatusIsErrorIcon'}"
							color="{path : 'IsError', formatter : '.formatter.SeTStatusIconColor'}" tooltip="{path : 'Message'}"/>
						<m:Text text="{Sname}"/>
						<m:Text text="{BaseRate}"/>
						<m:Text text="{BaseQty}"/>
						<m:Text text="{BaseValue}"/>
						<m:Text text="{ActualRate}"/>
						<m:Text text="{ActualQty}"/>
						<m:Text text="{ActualValue}"/>
					</m:cells>
				</m:ColumnListItem>
			</m:items>
		</m:Table>
		<!--<m:Toolbar>-->
		<!--	<m:ToolbarSpacer/>-->
		<!--	<m:Button text="GO" type="Accept" press="onWriteUpDownClick"/>-->
		<!--	<m:Button text="Cancel" type="Emphasized" press="onWriteUpDownClose"/>-->
		<!--</m:Toolbar>-->
		<m:beginButton>
			<m:Button text="Submit" press="onWriteUpDownClick" type="Emphasized"/>
		</m:beginButton>
		<m:endButton>
			<m:Button text="Cancel" press="onWriteUpDownClose" type="Emphasized"/>
		</m:endButton>
	</m:Dialog>
</core:FragmentDefinition>