<core:FragmentDefinition xmlns="sap.m" xmlns:core="sap.ui.core"
	xmlns:custom="http://schemas.sap.com/sapui5/extension/sap.ui.core.CustomData/1" xmlns:smartTable="sap.ui.comp.smarttable">
	<smartTable:SmartTable id="swbTable" smartFilterId="swbFilterBar" tableType="ResponsiveTable" useExportToExcel="true" entitySet="ProductSet"
		showFullScreenButton="false" header="Records" showRowCount="true" enableAutoBinding="false" exportType="UI5Client"
		beforeExport="onBeforeExport" custom:useSmartField="true" useVariantManagement="true" useTablePersonalisation="true"
		persistencyKey="siteworkbench.ZEMS_SWB.SmartTable">
		<!--<smartTable:customToolbar>-->
		<!--	<OverflowToolbar design="Transparent">-->
		<!--		<ToolbarSpacer/>-->
		<!--	</OverflowToolbar>-->
		<!--</smartTable:customToolbar>-->
		<Table sticky="HeaderToolbar,InfoToolbar,ColumnHeaders">
			<columns>
				<Column>
					<customData>
						<core:CustomData key="p13nData" value='\{"columnKey": "ProductID", "leadingProperty": "ProductID"}'/>
					</customData>
					<Label text="Site Number"/>
				</Column>
				<Column>
					<customData>
						<core:CustomData key="p13nData" value='\{"columnKey": "Category", "leadingProperty": "Category"}'/>
					</customData>
					<Label text="BU Site Number"/>
				</Column>
				<Column>
					<customData>
						<core:CustomData key="p13nData" value='\{"columnKey": "SupplierID", "leadingProperty": "SupplierID"}'/>
					</customData>
					<Label text="Alternate Referance"/>
				</Column>
			</columns>
			<items>
				<ColumnListItem vAlign="Middle" type="Navigation" press="onPressLineItemSiteNo">
					<cells>
						<Text text="{ProductID}"/>
						<Text text=""/>
						<Text text=""/>
					</cells>
				</ColumnListItem>
			</items>
		</Table>
	</smartTable:SmartTable>
</core:FragmentDefinition>