{
	"d" : {
		"results" : [
				{
					"AttributeProfileID" : "FIN_DISS",
					"Attribute" : "CaseTitle",
					"GroupID" : "01",
					"GroupTitle" : "Header data",
					"RowNo" : "001",
					"ColumnNo" : "001",
					"Mandatory" : false,
					"Hidden" : false,
					"DisplayOnly" : false,
					"EditAtCreation" : false,
					"IsDropdown" : false,
					"IsCheckbox" : false
				},
				{
					"AttributeProfileID" : "FIN_DISS",
					"Attribute" : "Status",
					"GroupID" : "01",
					"GroupTitle" : "Header data",
					"RowNo" : "002",
					"ColumnNo" : "001",
					"Mandatory" : false,
					"Hidden" : false,
					"DisplayOnly" : false,
					"EditAtCreation" : false,
					"IsDropdown" : true,
					"IsCheckbox" : false
				},
				{
					"AttributeProfileID" : "FIN_DISS",
					"Attribute" : "ReasonCode",
					"GroupID" : "01",
					"GroupTitle" : "Header data",
					"RowNo" : "003",
					"ColumnNo" : "001",
					"Mandatory" : false,
					"Hidden" : false,
					"DisplayOnly" : false,
					"EditAtCreation" : false,
					"IsDropdown" : true,
					"IsCheckbox" : false
				},
				{
					"AttributeProfileID" : "FIN_DISS",
					"Attribute" : "Processor",
					"GroupID" : "01",
					"GroupTitle" : "Header data",
					"RowNo" : "004",
					"ColumnNo" : "001",
					"Mandatory" : true,
					"Hidden" : false,
					"DisplayOnly" : false,
					"EditAtCreation" : false,
					"IsDropdown" : false,
					"IsCheckbox" : false
				},
				{
					"AttributeProfileID" : "FIN_DISS",
					"Attribute" : "Responsible",
					"GroupID" : "01",
					"GroupTitle" : "Header data",
					"RowNo" : "005",
					"ColumnNo" : "001",
					"Mandatory" : true,
					"Hidden" : false,
					"DisplayOnly" : false,
					"EditAtCreation" : false,
					"IsDropdown" : false,
					"IsCheckbox" : false
				},
				{
					"AttributeProfileID" : "FIN_DISS",
					"Attribute" : "Coordinator",
					"GroupID" : "01",
					"GroupTitle" : "Header data",
					"RowNo" : "006",
					"ColumnNo" : "001",
					"Mandatory" : false,
					"Hidden" : false,
					"DisplayOnly" : false,
					"EditAtCreation" : false,
					"IsDropdown" : false,
					"IsCheckbox" : false
				},
				{
					"AttributeProfileID" : "FIN_DISS",
					"Attribute" : "Priority",
					"GroupID" : "01",
					"GroupTitle" : "Header data",
					"RowNo" : "007",
					"ColumnNo" : "001",
					"Mandatory" : false,
					"Hidden" : false,
					"DisplayOnly" : false,
					"EditAtCreation" : false,
					"IsDropdown" : true,
					"IsCheckbox" : false
				},
				{
					"AttributeProfileID" : "FIN_DISS",
					"Attribute" : "DisputedAmount",
					"GroupID" : "01",
					"GroupTitle" : "Header data",
					"RowNo" : "009",
					"ColumnNo" : "001",
					"Mandatory" : false,
					"Hidden" : false,
					"DisplayOnly" : true,
					"EditAtCreation" : false,
					"IsDropdown" : false,
					"IsCheckbox" : false
				},
				{
					"AttributeProfileID" : "FIN_DISS",
					"Attribute" : "OriginalDisputedAmount",
					"GroupID" : "01",
					"GroupTitle" : "Header data",
					"RowNo" : "010",
					"ColumnNo" : "001",
					"Mandatory" : false,
					"Hidden" : false,
					"DisplayOnly" : true,
					"EditAtCreation" : false,
					"IsDropdown" : false,
					"IsCheckbox" : false
				},
				{
					"AttributeProfileID" : "FIN_DISS",
					"Attribute" : "PaidAmount",
					"GroupID" : "01",
					"GroupTitle" : "Header data",
					"RowNo" : "011",
					"ColumnNo" : "001",
					"Mandatory" : false,
					"Hidden" : false,
					"DisplayOnly" : true,
					"EditAtCreation" : false,
					"IsDropdown" : false,
					"IsCheckbox" : false
				},
				{
					"AttributeProfileID" : "FIN_DISS",
					"Attribute" : "CreditedAmount",
					"GroupID" : "01",
					"GroupTitle" : "Header data",
					"RowNo" : "012",
					"ColumnNo" : "001",
					"Mandatory" : false,
					"Hidden" : false,
					"DisplayOnly" : true,
					"EditAtCreation" : false,
					"IsDropdown" : false,
					"IsCheckbox" : false
				},
				{
					"AttributeProfileID" : "FIN_DISS",
					"Attribute" : "WriteOffAmount",
					"GroupID" : "01",
					"GroupTitle" : "Header data",
					"RowNo" : "013",
					"ColumnNo" : "001",
					"Mandatory" : false,
					"Hidden" : false,
					"DisplayOnly" : true,
					"EditAtCreation" : false,
					"IsDropdown" : false,
					"IsCheckbox" : false
				},
				{
					"AttributeProfileID" : "FIN_DISS",
					"Attribute" : "NotSolvedAmount",
					"GroupID" : "01",
					"GroupTitle" : "Header data",
					"RowNo" : "014",
					"ColumnNo" : "001",
					"Mandatory" : false,
					"Hidden" : false,
					"DisplayOnly" : true,
					"EditAtCreation" : false,
					"IsDropdown" : false,
					"IsCheckbox" : false
				},
				{
					"AttributeProfileID" : "FIN_DISS",
					"Attribute" : "DisputeCurrency",
					"GroupID" : "01",
					"GroupTitle" : "Header data",
					"RowNo" : "015",
					"ColumnNo" : "001",
					"Mandatory" : false,
					"Hidden" : false,
					"DisplayOnly" : true,
					"EditAtCreation" : false,
					"IsDropdown" : false,
					"IsCheckbox" : false
				},
				{
					"AttributeProfileID" : "FIN_DISS",
					"Attribute" : "CreatedBy",
					"GroupID" : "01",
					"GroupTitle" : "Header data",
					"RowNo" : "017",
					"ColumnNo" : "001",
					"Mandatory" : false,
					"Hidden" : false,
					"DisplayOnly" : true,
					"EditAtCreation" : false,
					"IsDropdown" : false,
					"IsCheckbox" : false
				},
				{
					"AttributeProfileID" : "FIN_DISS",
					"Attribute" : "ChangedBy",
					"GroupID" : "01",
					"GroupTitle" : "Header data",
					"RowNo" : "018",
					"ColumnNo" : "001",
					"Mandatory" : false,
					"Hidden" : false,
					"DisplayOnly" : true,
					"EditAtCreation" : false,
					"IsDropdown" : false,
					"IsCheckbox" : false
				},
				{
					"AttributeProfileID" : "FIN_DISS",
					"Attribute" : "ClosedBy",
					"GroupID" : "01",
					"GroupTitle" : "Header data",
					"RowNo" : "019",
					"ColumnNo" : "001",
					"Mandatory" : false,
					"Hidden" : false,
					"DisplayOnly" : true,
					"EditAtCreation" : false,
					"IsDropdown" : false,
					"IsCheckbox" : false
				},
				{
					"AttributeProfileID" : "FIN_DISS",
					"Attribute" : "ExternalKey",
					"GroupID" : "01",
					"GroupTitle" : "Header data",
					"RowNo" : "001",
					"ColumnNo" : "002",
					"Mandatory" : false,
					"Hidden" : false,
					"DisplayOnly" : true,
					"EditAtCreation" : false,
					"IsDropdown" : false,
					"IsCheckbox" : false
				},
				{
					"AttributeProfileID" : "FIN_DISS",
					"Attribute" : "Customer",
					"GroupID" : "01",
					"GroupTitle" : "Header data",
					"RowNo" : "002",
					"ColumnNo" : "002",
					"Mandatory" : false,
					"Hidden" : false,
					"DisplayOnly" : true,
					"EditAtCreation" : false,
					"IsDropdown" : false,
					"IsCheckbox" : false
				},
				{
					"AttributeProfileID" : "FIN_DISS",
					"Attribute" : "CompanyCode",
					"GroupID" : "01",
					"GroupTitle" : "Header data",
					"RowNo" : "003",
					"ColumnNo" : "002",
					"Mandatory" : false,
					"Hidden" : false,
					"DisplayOnly" : true,
					"EditAtCreation" : false,
					"IsDropdown" : false,
					"IsCheckbox" : false
				},
				{
					"AttributeProfileID" : "FIN_DISS",
					"Attribute" : "DocumentReferenceID",
					"GroupID" : "01",
					"GroupTitle" : "Header data",
					"RowNo" : "004",
					"ColumnNo" : "002",
					"Mandatory" : false,
					"Hidden" : false,
					"DisplayOnly" : false,
					"EditAtCreation" : false,
					"IsDropdown" : false,
					"IsCheckbox" : false
				},
				{
					"AttributeProfileID" : "FIN_DISS",
					"Attribute" : "Category",
					"GroupID" : "01",
					"GroupTitle" : "Header data",
					"RowNo" : "005",
					"ColumnNo" : "002",
					"Mandatory" : false,
					"Hidden" : false,
					"DisplayOnly" : false,
					"EditAtCreation" : false,
					"IsDropdown" : true,
					"IsCheckbox" : false
				},
				{
					"AttributeProfileID" : "FIN_DISS",
					"Attribute" : "EscalationReason",
					"GroupID" : "01",
					"GroupTitle" : "Header data",
					"RowNo" : "006",
					"ColumnNo" : "002",
					"Mandatory" : false,
					"Hidden" : false,
					"DisplayOnly" : false,
					"EditAtCreation" : false,
					"IsDropdown" : true,
					"IsCheckbox" : false
				},
				{
					"AttributeProfileID" : "FIN_DISS",
					"Attribute" : "ProcessingDeadline",
					"GroupID" : "01",
					"GroupTitle" : "Header data",
					"RowNo" : "008",
					"ColumnNo" : "002",
					"Mandatory" : false,
					"Hidden" : false,
					"DisplayOnly" : false,
					"EditAtCreation" : false,
					"IsDropdown" : false,
					"IsCheckbox" : false
				},
				{
					"AttributeProfileID" : "FIN_DISS",
					"Attribute" : "PlannedEndDate",
					"GroupID" : "01",
					"GroupTitle" : "Header data",
					"RowNo" : "009",
					"ColumnNo" : "002",
					"Mandatory" : false,
					"Hidden" : false,
					"DisplayOnly" : false,
					"EditAtCreation" : false,
					"IsDropdown" : false,
					"IsCheckbox" : false
				},
				{
					"AttributeProfileID" : "FIN_DISS",
					"Attribute" : "ContactPersonName",
					"GroupID" : "01",
					"GroupTitle" : "Header data",
					"RowNo" : "010",
					"ColumnNo" : "002",
					"Mandatory" : false,
					"Hidden" : false,
					"DisplayOnly" : false,
					"EditAtCreation" : false,
					"IsDropdown" : false,
					"IsCheckbox" : false
				},
				{
					"AttributeProfileID" : "FIN_DISS",
					"Attribute" : "ContactPersonEmailAddress",
					"GroupID" : "01",
					"GroupTitle" : "Header data",
					"RowNo" : "011",
					"ColumnNo" : "002",
					"Mandatory" : false,
					"Hidden" : false,
					"DisplayOnly" : false,
					"EditAtCreation" : false,
					"IsDropdown" : false,
					"IsCheckbox" : false
				},
				{
					"AttributeProfileID" : "FIN_DISS",
					"Attribute" : "ContactPersonPhoneNumber",
					"GroupID" : "01",
					"GroupTitle" : "Header data",
					"RowNo" : "012",
					"ColumnNo" : "002",
					"Mandatory" : false,
					"Hidden" : false,
					"DisplayOnly" : false,
					"EditAtCreation" : false,
					"IsDropdown" : false,
					"IsCheckbox" : false
				},
				{
					"AttributeProfileID" : "FIN_DISS",
					"Attribute" : "CreationDateTime",
					"GroupID" : "01",
					"GroupTitle" : "Header data",
					"RowNo" : "016",
					"ColumnNo" : "002",
					"Mandatory" : false,
					"Hidden" : false,
					"DisplayOnly" : true,
					"EditAtCreation" : false,
					"IsDropdown" : false,
					"IsCheckbox" : false
				},
				{
					"AttributeProfileID" : "FIN_DISS",
					"Attribute" : "LastChangeDateTime",
					"GroupID" : "01",
					"GroupTitle" : "Header data",
					"RowNo" : "017",
					"ColumnNo" : "002",
					"Mandatory" : false,
					"Hidden" : false,
					"DisplayOnly" : true,
					"EditAtCreation" : false,
					"IsDropdown" : false,
					"IsCheckbox" : false
				},
				{
					"AttributeProfileID" : "FIN_DISS",
					"Attribute" : "ClosingDateTime",
					"GroupID" : "01",
					"GroupTitle" : "Header data",
					"RowNo" : "018",
					"ColumnNo" : "002",
					"Mandatory" : false,
					"Hidden" : false,
					"DisplayOnly" : true,
					"EditAtCreation" : false,
					"IsDropdown" : false,
					"IsCheckbox" : false
				} ]
	}
}
