{
	"d" : {
		"__count" : "7",
		"results" : [
				{
					"Identifier" : "32.32.4.0.-.14.-.-.-.-.0.12.-.-.-.-.-.-.14.12.7.0.3.8.-.5.-.-.-.0.8.1.7.4.7.2.3._.5CF3FCDD5D9A1ED3B5D784A68E8CB056Customer complains about invoiceF_D220140929133100000000000912Harald Schmidt015112264704FINDEMOEUR20140515C0001201405152FINDEMO0001FINDEMO10001._.R( STAT_PARA < '007' AND PROCESSOR = 'FINDEMO' )",
					"CaseGuid" : "5CF3FCDD5D9A1ED3B5D784A68E8CB056",
					"CaseType" : "F_D2",
					"ExternalKey" : "912",
					"PlannedEndDate" : "\/Date(1400112000000)\/",
					"Processor" : "FINDEMO",
					"Responsible" : "FINDEMO",
					"CaseTitle" : "Customer complains about invoice",
					"EscalationReason" : "",
					"Category" : "",
					"Priority" : "2",
					"Status" : "10",
					"SystemStatus" : "001",
					"ReasonCode" : "0001",
					"Coordinator" : "FINDEMO",
					"RootCauseCode" : "",
					"ProcessingDeadline" : "\/Date(1400112000000)\/",
					"OriginalDisputedAmount" : "1983.89",
					"DisputedAmount" : "1983.89",
					"PaidAmount" : "0.00",
					"CreditedAmount" : "0.00",
					"WriteOffAmount" : "0.00",
					"NotSolvedAmount" : "0.00",
					"DisputeCurrency" : "EUR",
					"CustomerDisputedAmount" : "0.00",
					"CustomerDisputedCurrency" : "",
					"ContactPersonName" : "Maria Schaefer",
					"ContactPersonPhoneNumber" : "0123456789",
					"Customer" : "C0001",
					"PriorityDescription" : "High",
					"StatusDescription" : "New",
					"ReasonCodeDescription" : "Damaged Goods",
					"CustomerDescription" : "Bohr und Hammer GmbH D-10117 Berlin"
				},
				{
					"Identifier" : "32.33.4.0.-.14.-.-.-.-.0.12.-.-.-.-.-.-.12.8.7.0.3.8.-.5.-.-.-.0.8.1.7.4.7.2.3._.5CF3FCDD5D9A1ED3B5D737226DF66FF2Customer complains about deliveryF_D220140912121759000000000911Markus Meyer87031201FINDEMOEUR20140520C0001201405202FINDEMO0002FINDEMO10001._.R( STAT_PARA < '007' AND PROCESSOR = 'FINDEMO' )",
					"CaseGuid" : "5CF3FCDD5D9A1ED3B5D737226DF66FF2",
					"CaseType" : "F_D2",
					"ExternalKey" : "911",
					"PlannedEndDate" : "\/Date(1400544000000)\/",
					"Processor" : "FINDEMO",
					"Responsible" : "FINDEMO",
					"CaseTitle" : "Customer complains about delivery",
					"EscalationReason" : "",
					"Category" : "",
					"Priority" : "2",
					"Status" : "10",
					"SystemStatus" : "001",
					"ReasonCode" : "0002",
					"Coordinator" : "FINDEMO",
					"RootCauseCode" : "",
					"ProcessingDeadline" : "\/Date(1400544000000)\/",
					"OriginalDisputedAmount" : "5330.01",
					"DisputedAmount" : "5330.01",
					"PaidAmount" : "0.00",
					"CreditedAmount" : "0.00",
					"WriteOffAmount" : "0.00",
					"NotSolvedAmount" : "0.00",
					"DisputeCurrency" : "EUR",
					"CustomerDisputedAmount" : "0.00",
					"CustomerDisputedCurrency" : "",
					"ContactPersonName" : "Tom Meyer",
					"ContactPersonPhoneNumber" : "0123456789",
					"Customer" : "C0001",
					"PriorityDescription" : "High",
					"StatusDescription" : "New",
					"ReasonCodeDescription" : "Late Delivery",
					"CustomerDescription" : "Bohr und Hammer GmbH D-10117 Berlin"
				},
				{
					"Identifier" : "32.53.4.0.-.14.-.-.-.-.0.12.-.-.-.-.-.-.0.0.0.3.3.8.-.5.-.-.-.0.8.1.7.4.0.2.3._.005056BA2D7F1EE3B38CF9AF3CF8CA98Customer claims that he has not received this invoiceF_D220140722073650000000000832EURUSD00000000C0017000000003FINDEMO000010001._.R( STAT_PARA < '007' AND PROCESSOR = 'FINDEMO' )",
					"CaseGuid" : "005056BA2D7F1EE3B38CF9AF3CF8CA98",
					"CaseType" : "F_D2",
					"ExternalKey" : "832",
					"PlannedEndDate" : null,
					"Processor" : "FINDEMO",
					"Responsible" : "",
					"CaseTitle" : "Customer claims that he has not received this invoice",
					"EscalationReason" : "",
					"Category" : "",
					"Priority" : "3",
					"Status" : "10",
					"SystemStatus" : "001",
					"ReasonCode" : "0000",
					"Coordinator" : "",
					"RootCauseCode" : "",
					"ProcessingDeadline" : null,
					"OriginalDisputedAmount" : "2617.44",
					"DisputedAmount" : "2617.44",
					"PaidAmount" : "0.00",
					"CreditedAmount" : "0.00",
					"WriteOffAmount" : "0.00",
					"NotSolvedAmount" : "0.00",
					"DisputeCurrency" : "USD",
					"CustomerDisputedAmount" : "500.00",
					"CustomerDisputedCurrency" : "EUR",
					"ContactPersonName" : "Claudia Wagner",
					"ContactPersonPhoneNumber" : "0123456789",
					"Customer" : "C0017",
					"PriorityDescription" : "Medium",
					"StatusDescription" : "New",
					"ReasonCodeDescription" : "Unknown",
					"CustomerDescription" : "Hip Tools PLC New York 10012"
				},
				{
					"Identifier" : "32.41.4.0.-.14.-.-.-.-.0.12.-.-.-.-.-.-.0.0.0.3.0.8.-.5.-.-.-.0.8.1.7.4.0.2.3._.005056BA2D7F1EE3B38CEFB552944A73The customer complains about this invoiceF_D220140722073336000000000831USD00000000C0017000000002FINDEMO000110001._.R( STAT_PARA < '007' AND PROCESSOR = 'FINDEMO' )",
					"CaseGuid" : "005056BA2D7F1EE3B38CEFB552944A73",
					"CaseType" : "F_D2",
					"ExternalKey" : "831",
					"PlannedEndDate" : null,
					"Processor" : "FINDEMO",
					"Responsible" : "",
					"CaseTitle" : "The customer complains about this invoice",
					"EscalationReason" : "",
					"Category" : "",
					"Priority" : "2",
					"Status" : "10",
					"SystemStatus" : "001",
					"ReasonCode" : "0001",
					"Coordinator" : "",
					"RootCauseCode" : "",
					"ProcessingDeadline" : null,
					"OriginalDisputedAmount" : "0.00",
					"DisputedAmount" : "0.00",
					"PaidAmount" : "0.00",
					"CreditedAmount" : "0.00",
					"WriteOffAmount" : "0.00",
					"NotSolvedAmount" : "0.00",
					"DisputeCurrency" : "",
					"CustomerDisputedAmount" : "500.00",
					"CustomerDisputedCurrency" : "USD",
					"ContactPersonName" : "Maria Thomas",
					"ContactPersonPhoneNumber" : "0123456789",
					"Customer" : "C0017",
					"PriorityDescription" : "High",
					"StatusDescription" : "New",
					"ReasonCodeDescription" : "Damaged Goods",
					"CustomerDescription" : "Hip Tools PLC New York 10012"
				},
				{
					"Identifier" : "32.17.4.0.-.14.-.-.-.-.0.12.-.-.-.-.-.-.0.0.0.0.3.8.-.5.-.-.-.0.8.1.7.4.7.2.3._.005056BA2D7F1ED3ADC94BE37F048C15Test D051301 - T2F_D220140815133941000000000782EUR20140331C0001000000002FINDEMO0003FINDEMO10001._.R( STAT_PARA < '007' AND PROCESSOR = 'FINDEMO' )",
					"CaseGuid" : "005056BA2D7F1ED3ADC94BE37F048C15",
					"CaseType" : "F_D2",
					"ExternalKey" : "782",
					"PlannedEndDate" : null,
					"Processor" : "FINDEMO",
					"Responsible" : "FINDEMO",
					"CaseTitle" : "Customer complaints about price difference in the invoice and the bill",
					"EscalationReason" : "",
					"Category" : "",
					"Priority" : "2",
					"Status" : "10",
					"SystemStatus" : "001",
					"ReasonCode" : "0003",
					"Coordinator" : "",
					"RootCauseCode" : "",
					"ProcessingDeadline" : "\/Date(1396224000000)\/",
					"OriginalDisputedAmount" : "9667.79",
					"DisputedAmount" : "9667.79",
					"PaidAmount" : "0.00",
					"CreditedAmount" : "0.00",
					"WriteOffAmount" : "0.00",
					"NotSolvedAmount" : "0.00",
					"DisputeCurrency" : "EUR",
					"CustomerDisputedAmount" : "0.00",
					"CustomerDisputedCurrency" : "",
					"ContactPersonName" : "Karolin Marcel",
					"ContactPersonPhoneNumber" : "0123456789",
					"Customer" : "C0001",
					"PriorityDescription" : "High",
					"StatusDescription" : "New",
					"ReasonCodeDescription" : "Price Difference",
					"CustomerDescription" : "Bohr und Hammer GmbH D-10117 Berlin"
				},
				{
					"Identifier" : "32.12.4.0.-.14.-.-.-.-.0.12.-.-.-.-.-.-.0.0.0.0.0.8.-.5.-.-.-.0.8.1.7.4.7.2.3._.005056BA2D7F1ED3ADC907EBE69A0B85Test D051301F_D22014090409241500000000078120140331C0001000000002FINDEMO0003FINDEMO10001._.R( STAT_PARA < '007' AND PROCESSOR = 'FINDEMO' )",
					"CaseGuid" : "005056BA2D7F1ED3ADC907EBE69A0B85",
					"CaseType" : "F_D2",
					"ExternalKey" : "781",
					"PlannedEndDate" : null,
					"Processor" : "FINDEMO",
					"Responsible" : "FINDEMO",
					"CaseTitle" : "Customer complains about price difference",
					"EscalationReason" : "",
					"Category" : "",
					"Priority" : "2",
					"Status" : "10",
					"SystemStatus" : "001",
					"ReasonCode" : "0003",
					"Coordinator" : "",
					"RootCauseCode" : "",
					"ProcessingDeadline" : "\/Date(1396224000000)\/",
					"OriginalDisputedAmount" : "0.00",
					"DisputedAmount" : "0.00",
					"PaidAmount" : "0.00",
					"CreditedAmount" : "0.00",
					"WriteOffAmount" : "0.00",
					"NotSolvedAmount" : "0.00",
					"DisputeCurrency" : "",
					"CustomerDisputedAmount" : "0.00",
					"CustomerDisputedCurrency" : "",
					"ContactPersonName" : "Ricardo Schreiber",
					"ContactPersonPhoneNumber" : "0123456789",
					"Customer" : "C0001",
					"PriorityDescription" : "High",
					"StatusDescription" : "New",
					"ReasonCodeDescription" : "Price Difference",
					"CustomerDescription" : "Bohr und Hammer GmbH D-10117 Berlin"
				},
				{
					"Identifier" : "32.12.4.0.-.14.-.-.-.-.0.12.-.-.-.-.-.-.11.8.0.0.3.8.-.5.-.-.-.0.8.1.7.4.0.2.3._.005056AB2C7B1EE39EA3129BE2E4D0B3VerschwundenF_D220140526075311000000000581Renate GrÃ¼n87031201EUR00000000C0001000000003FINDEMO000210001._.R( STAT_PARA < '007' AND PROCESSOR = 'FINDEMO' )",
					"CaseGuid" : "005056AB2C7B1EE39EA3129BE2E4D0B3",
					"CaseType" : "F_D2",
					"ExternalKey" : "581",
					"PlannedEndDate" : null,
					"Processor" : "FINDEMO",
					"Responsible" : "",
					"CaseTitle" : "Verschwunden",
					"EscalationReason" : "",
					"Category" : "",
					"Priority" : "3",
					"Status" : "10",
					"SystemStatus" : "001",
					"ReasonCode" : "0002",
					"Coordinator" : "",
					"RootCauseCode" : "",
					"ProcessingDeadline" : null,
					"OriginalDisputedAmount" : "479.88",
					"DisputedAmount" : "479.88",
					"PaidAmount" : "0.00",
					"CreditedAmount" : "0.00",
					"WriteOffAmount" : "0.00",
					"NotSolvedAmount" : "0.00",
					"DisputeCurrency" : "EUR",
					"CustomerDisputedAmount" : "0.00",
					"CustomerDisputedCurrency" : "",
					"ContactPersonName" : "Robert Weiss",
					"ContactPersonPhoneNumber" : "0123456789",
					"Customer" : "C0001",
					"PriorityDescription" : "Medium",
					"StatusDescription" : "New",
					"ReasonCodeDescription" : "Late Delivery",
					"CustomerDescription" : "Bohr und Hammer GmbH D-10117 Berlin"
				} ]
	}
}