{
	"d" : {
		"results" : [
				{
					"REASON_CODE" : "0000",
					"DESCRIPTION" : "Unknown",
					"CASE_TYPE" : "F_D2"
				},
				{
					"REASON_CODE" : "0001",
					"DESCRIPTION" : "Damaged Goods",
					"CASE_TYPE" : "F_D2"
				},
				{
					"REASON_CODE" : "0002",
					"DESCRIPTION" : "Late Delivery",
					"CASE_TYPE" : "F_D2"
				},
				{
					"REASON_CODE" : "0003",
					"DESCRIPTION" : "Price Difference",
					"CASE_TYPE" : "F_D2"
				},
				{
					"REASON_CODE" : "0004",
					"DESCRIPTION" : "Underdelivery",
					"CASE_TYPE" : "F_D2"
				},
				{
					"REASON_CODE" : "0005",
					"DESCRIPTION" : "Unauthorized Cash Discount Deduction",
					"CASE_TYPE" : "F_D2"
				} ]
	}
}