{
	"d" : {
		"results" : [
				{
					"KTOKD" : "DEBI",
					"SORTL" : "",
					"LAND1" : "CN",
					"PSTLZ" : "",
					"MCOD3" : "SHANGHAI",
					"MCOD1" : "DEMO CUSTOMER",
					"KUNNR" : "11"
				},
				{
					"KTOKD" : "DEBI",
					"SORTL" : "",
					"LAND1" : "DE",
					"PSTLZ" : "",
					"MCOD3" : "WALLDORF",
					"MCOD1" : "CASHCUSTOMER01",
					"KUNNR" : "46"
				},
				{
					"KTOKD" : "DEBI",
					"SORTL" : "",
					"LAND1" : "DE",
					"PSTLZ" : "",
					"MCOD3" : "WALLDORF",
					"MCOD1" : "CASHCUSTOMER02",
					"KUNNR" : "47"
				},
				{
					"KTOKD" : "DEBI",
					"SORTL" : "",
					"LAND1" : "DE",
					"PSTLZ" : "",
					"MCOD3" : "WALLDORF",
					"MCOD1" : "CASHCUSTOMER03",
					"KUNNR" : "48"
				},
				{
					"KTOKD" : "DEBI",
					"SORTL" : "",
					"LAND1" : "DE",
					"PSTLZ" : "",
					"MCOD3" : "WALLDORF",
					"MCOD1" : "CASHCUSTOMER04",
					"KUNNR" : "49"
				},
				{
					"KTOKD" : "DEBI",
					"SORTL" : "",
					"LAND1" : "DE",
					"PSTLZ" : "",
					"MCOD3" : "WALLDORF",
					"MCOD1" : "CASHCUSTOMER05",
					"KUNNR" : "50"
				},
				{
					"KTOKD" : "DEBI",
					"SORTL" : "",
					"LAND1" : "DE",
					"PSTLZ" : "",
					"MCOD3" : "WALLDORF",
					"MCOD1" : "CASHCUSTOMER06",
					"KUNNR" : "51"
				},
				{
					"KTOKD" : "DEBI",
					"SORTL" : "",
					"LAND1" : "DE",
					"PSTLZ" : "",
					"MCOD3" : "WALLDORF",
					"MCOD1" : "CASHCUSTOMER07",
					"KUNNR" : "52"
				},
				{
					"KTOKD" : "DEBI",
					"SORTL" : "",
					"LAND1" : "DE",
					"PSTLZ" : "",
					"MCOD3" : "WALLDORF",
					"MCOD1" : "CASHCUSTOMER08",
					"KUNNR" : "53"
				},
				{
					"KTOKD" : "DEBI",
					"SORTL" : "",
					"LAND1" : "DE",
					"PSTLZ" : "",
					"MCOD3" : "WALLDORF",
					"MCOD1" : "CASHCUSTOMER09",
					"KUNNR" : "54"
				},
				{
					"KTOKD" : "DEBI",
					"SORTL" : "",
					"LAND1" : "DE",
					"PSTLZ" : "",
					"MCOD3" : "WALLDORF",
					"MCOD1" : "CASHCUSTOMER10",
					"KUNNR" : "55"
				},
				{
					"KTOKD" : "DEBI",
					"SORTL" : "",
					"LAND1" : "DE",
					"PSTLZ" : "",
					"MCOD3" : "WALLDORF",
					"MCOD1" : "CASHCUSTOMER11",
					"KUNNR" : "56"
				},
				{
					"KTOKD" : "DEBI",
					"SORTL" : "",
					"LAND1" : "DE",
					"PSTLZ" : "",
					"MCOD3" : "WALLDORF",
					"MCOD1" : "CASHCUSTOMER12",
					"KUNNR" : "57"
				},
				{
					"KTOKD" : "DEBI",
					"SORTL" : "",
					"LAND1" : "DE",
					"PSTLZ" : "",
					"MCOD3" : "WALLDORF",
					"MCOD1" : "CASHCUSTOMER13",
					"KUNNR" : "58"
				},
				{
					"KTOKD" : "DEBI",
					"SORTL" : "",
					"LAND1" : "DE",
					"PSTLZ" : "",
					"MCOD3" : "WALLDORF",
					"MCOD1" : "CASHCUSTOMER14",
					"KUNNR" : "59"
				},
				{
					"KTOKD" : "DEBI",
					"SORTL" : "",
					"LAND1" : "DE",
					"PSTLZ" : "",
					"MCOD3" : "WALLDORF",
					"MCOD1" : "CASHCUSTOMER15",
					"KUNNR" : "60"
				},
				{
					"KTOKD" : "DEBI",
					"SORTL" : "",
					"LAND1" : "DE",
					"PSTLZ" : "",
					"MCOD3" : "WALLDORF",
					"MCOD1" : "CASHCUSTOMER16",
					"KUNNR" : "61"
				},
				{
					"KTOKD" : "DEBI",
					"SORTL" : "",
					"LAND1" : "DE",
					"PSTLZ" : "",
					"MCOD3" : "WALLDORF",
					"MCOD1" : "CASHCUSTOMER17",
					"KUNNR" : "62"
				},
				{
					"KTOKD" : "DEBI",
					"SORTL" : "",
					"LAND1" : "DE",
					"PSTLZ" : "",
					"MCOD3" : "WALLDORF",
					"MCOD1" : "CASHCUSTOMER18",
					"KUNNR" : "63"
				},
				{
					"KTOKD" : "DEBI",
					"SORTL" : "",
					"LAND1" : "DE",
					"PSTLZ" : "",
					"MCOD3" : "WALLDORF",
					"MCOD1" : "CASHCUSTOMER19",
					"KUNNR" : "64"
				},
				{
					"KTOKD" : "DEBI",
					"SORTL" : "",
					"LAND1" : "DE",
					"PSTLZ" : "",
					"MCOD3" : "WALLDORF",
					"MCOD1" : "CASHCUSTOMER20",
					"KUNNR" : "65"
				},
				{
					"KTOKD" : "DEBI",
					"SORTL" : "",
					"LAND1" : "DE",
					"PSTLZ" : "",
					"MCOD3" : "WALLDORF",
					"MCOD1" : "CASHCUSTOMER21",
					"KUNNR" : "66"
				},
				{
					"KTOKD" : "DEBI",
					"SORTL" : "",
					"LAND1" : "DE",
					"PSTLZ" : "",
					"MCOD3" : "WALLDORF",
					"MCOD1" : "CASHCUSTOMER22",
					"KUNNR" : "67"
				},
				{
					"KTOKD" : "DEBI",
					"SORTL" : "CITY",
					"LAND1" : "US",
					"PSTLZ" : "23212",
					"MCOD3" : "NY",
					"MCOD1" : "CITY NEVER SLEEPS",
					"KUNNR" : "73"
				},
				{
					"KTOKD" : "DEBI",
					"SORTL" : "",
					"LAND1" : "DE",
					"PSTLZ" : "",
					"MCOD3" : "PARIS",
					"MCOD1" : "CASHCUSTOMER02",
					"KUNNR" : "82"
				},
				{
					"KTOKD" : "DEBI",
					"SORTL" : "",
					"LAND1" : "DE",
					"PSTLZ" : "",
					"MCOD3" : "PARIS",
					"MCOD1" : "CASHCUSTOMER03",
					"KUNNR" : "83"
				},
				{
					"KTOKD" : "DEBI",
					"SORTL" : "",
					"LAND1" : "DE",
					"PSTLZ" : "",
					"MCOD3" : "PARIS",
					"MCOD1" : "CASHCUSTOMER04",
					"KUNNR" : "84"
				},
				{
					"KTOKD" : "DEBI",
					"SORTL" : "",
					"LAND1" : "DE",
					"PSTLZ" : "",
					"MCOD3" : "PARIS",
					"MCOD1" : "CASHCUSTOMER05",
					"KUNNR" : "85"
				},
				{
					"KTOKD" : "DEBI",
					"SORTL" : "",
					"LAND1" : "DE",
					"PSTLZ" : "",
					"MCOD3" : "PARIS",
					"MCOD1" : "CASHCUSTOMER06",
					"KUNNR" : "86"
				},
				{
					"KTOKD" : "DEBI",
					"SORTL" : "",
					"LAND1" : "DE",
					"PSTLZ" : "",
					"MCOD3" : "PARIS",
					"MCOD1" : "CASHCUSTOMER07",
					"KUNNR" : "87"
				},
				{
					"KTOKD" : "DEBI",
					"SORTL" : "",
					"LAND1" : "DE",
					"PSTLZ" : "",
					"MCOD3" : "PARIS",
					"MCOD1" : "CASHCUSTOMER08",
					"KUNNR" : "88"
				},
				{
					"KTOKD" : "DEBI",
					"SORTL" : "",
					"LAND1" : "DE",
					"PSTLZ" : "",
					"MCOD3" : "PARIS",
					"MCOD1" : "CASHCUSTOMER09",
					"KUNNR" : "89"
				},
				{
					"KTOKD" : "DEBI",
					"SORTL" : "",
					"LAND1" : "DE",
					"PSTLZ" : "",
					"MCOD3" : "PARIS",
					"MCOD1" : "CASHCUSTOMER10",
					"KUNNR" : "90"
				},
				{
					"KTOKD" : "DEBI",
					"SORTL" : "",
					"LAND1" : "DE",
					"PSTLZ" : "",
					"MCOD3" : "NEW YORK",
					"MCOD1" : "CASHCUSTOMER01",
					"KUNNR" : "91"
				},
				{
					"KTOKD" : "DEBI",
					"SORTL" : "",
					"LAND1" : "DE",
					"PSTLZ" : "",
					"MCOD3" : "NEW YORK",
					"MCOD1" : "CASHCUSTOMER02",
					"KUNNR" : "92"
				},
				{
					"KTOKD" : "DEBI",
					"SORTL" : "",
					"LAND1" : "DE",
					"PSTLZ" : "",
					"MCOD3" : "NEW YORK",
					"MCOD1" : "CASHCUSTOMER03",
					"KUNNR" : "93"
				},
				{
					"KTOKD" : "DEBI",
					"SORTL" : "",
					"LAND1" : "DE",
					"PSTLZ" : "",
					"MCOD3" : "NEW YORK",
					"MCOD1" : "CASHCUSTOMER04",
					"KUNNR" : "94"
				},
				{
					"KTOKD" : "DEBI",
					"SORTL" : "",
					"LAND1" : "DE",
					"PSTLZ" : "",
					"MCOD3" : "NEW YORK",
					"MCOD1" : "CASHCUSTOMER05",
					"KUNNR" : "95"
				},
				{
					"KTOKD" : "DEBI",
					"SORTL" : "",
					"LAND1" : "DE",
					"PSTLZ" : "",
					"MCOD3" : "NEW YORK",
					"MCOD1" : "CASHCUSTOMER06",
					"KUNNR" : "96"
				},
				{
					"KTOKD" : "DEBI",
					"SORTL" : "",
					"LAND1" : "DE",
					"PSTLZ" : "",
					"MCOD3" : "NEW YORK",
					"MCOD1" : "CASHCUSTOMER07",
					"KUNNR" : "97"
				},
				{
					"KTOKD" : "DEBI",
					"SORTL" : "",
					"LAND1" : "DE",
					"PSTLZ" : "",
					"MCOD3" : "NEW YORK",
					"MCOD1" : "CASHCUSTOMER08",
					"KUNNR" : "98"
				},
				{
					"KTOKD" : "DEBI",
					"SORTL" : "",
					"LAND1" : "DE",
					"PSTLZ" : "",
					"MCOD3" : "NEW YORK",
					"MCOD1" : "CASHCUSTOMER09",
					"KUNNR" : "99"
				},
				{
					"KTOKD" : "DEBI",
					"SORTL" : "",
					"LAND1" : "DE",
					"PSTLZ" : "",
					"MCOD3" : "NEW YORK",
					"MCOD1" : "CASHCUSTOMER10",
					"KUNNR" : "100"
				},
				{
					"KTOKD" : "DEBI",
					"SORTL" : "",
					"LAND1" : "DE",
					"PSTLZ" : "",
					"MCOD3" : "BEIJING",
					"MCOD1" : "CASHCUSTOMER02",
					"KUNNR" : "102"
				},
				{
					"KTOKD" : "DEBI",
					"SORTL" : "",
					"LAND1" : "DE",
					"PSTLZ" : "",
					"MCOD3" : "BEIJING",
					"MCOD1" : "CASHCUSTOMER03",
					"KUNNR" : "103"
				},
				{
					"KTOKD" : "KUNA",
					"SORTL" : "MAIER",
					"LAND1" : "DE",
					"PSTLZ" : "",
					"MCOD3" : "12345",
					"MCOD1" : "MAIER",
					"KUNNR" : "A123456"
				},
				{
					"KTOKD" : "KUNA",
					"SORTL" : "AHRENS",
					"LAND1" : "DE",
					"PSTLZ" : "69190",
					"MCOD3" : "WALLDORF",
					"MCOD1" : "AHRENS IM & EXPORT",
					"KUNNR" : "AHRENS"
				},
				{
					"KTOKD" : "KUNA",
					"SORTL" : "BEF",
					"LAND1" : "DE",
					"PSTLZ" : "",
					"MCOD3" : "WALLDORF",
					"MCOD1" : "BEF",
					"KUNNR" : "BEF1"
				},
				{
					"KTOKD" : "KUNA",
					"SORTL" : "BLACK THRE",
					"LAND1" : "DE",
					"PSTLZ" : "77777",
					"MCOD3" : "BLACK COUNTY",
					"MCOD1" : "BLACK COMPANY THREE",
					"KUNNR" : "BLK1"
				},
				{
					"KTOKD" : "KUNA",
					"SORTL" : "CUTTERS AN",
					"LAND1" : "GB",
					"PSTLZ" : "SK7 4EH",
					"MCOD3" : "STOCKPORT",
					"MCOD1" : "CUTTERS AND MORE PLC",
					"KUNNR" : "C0006"
				},
				{
					"KTOKD" : "KUNA",
					"SORTL" : "VACIADOR S",
					"LAND1" : "ES",
					"PSTLZ" : "28046",
					"MCOD3" : "MADRID",
					"MCOD1" : "VACIADOR S.L.",
					"KUNNR" : "C0007"
				},
				{
					"KTOKD" : "KUNA",
					"SORTL" : "DRILLS FOR",
					"LAND1" : "SG",
					"PSTLZ" : "258390",
					"MCOD3" : "SINGAPORE",
					"MCOD1" : "DRILLS FOR ALL",
					"KUNNR" : "C0009"
				},
				{
					"KTOKD" : "KUNA",
					"SORTL" : "SINGAPORE",
					"LAND1" : "SG",
					"PSTLZ" : "349558",
					"MCOD3" : "SINGAPORE",
					"MCOD1" : "SINGAPORE CUTTING TOOLS P",
					"KUNNR" : "C0010"
				},
				{
					"KTOKD" : "KUNA",
					"SORTL" : "SANDERSON'",
					"LAND1" : "CN",
					"PSTLZ" : "100006",
					"MCOD3" : "åŒ—äº¬å¸‚æœé˜³åŒº",
					"MCOD1" : "SANDERSON'S SANDERS",
					"KUNNR" : "C0012"
				},
				{
					"KTOKD" : "KUNA",
					"SORTL" : "MASAKO AND",
					"LAND1" : "CN",
					"PSTLZ" : "100020",
					"MCOD3" : "BEIJING",
					"MCOD1" : "MASAKO AND SONS",
					"KUNNR" : "C0014"
				},
				{
					"KTOKD" : "KUNA",
					"SORTL" : "MARK AND S",
					"LAND1" : "US",
					"PSTLZ" : "10003",
					"MCOD3" : "NEW YORK",
					"MCOD1" : "MARK AND SONS PLC",
					"KUNNR" : "C0015"
				},
				{
					"KTOKD" : "KUNA",
					"SORTL" : "LAURA'S TO",
					"LAND1" : "CA",
					"PSTLZ" : "V5H 2W7",
					"MCOD3" : "BURNABY",
					"MCOD1" : "LAURA'S TOOL SHOP PLC",
					"KUNNR" : "C0020"
				},
				{
					"KTOKD" : "KUNA",
					"SORTL" : "TIMBER TRA",
					"LAND1" : "CA",
					"PSTLZ" : "V7L 0A7",
					"MCOD3" : "NORTH VANCOUVER",
					"MCOD1" : "TIMBER TRADING INC.",
					"KUNNR" : "C0023"
				},
				{
					"KTOKD" : "KUNA",
					"SORTL" : "ACCORD",
					"LAND1" : "US",
					"PSTLZ" : "70112",
					"MCOD3" : "NEW ORLEANS",
					"MCOD1" : "ACCORD HOME IMPROVEMENT",
					"KUNNR" : "C0103"
				},
				{
					"KTOKD" : "KUNA",
					"SORTL" : "CASH",
					"LAND1" : "DE",
					"PSTLZ" : "10117",
					"MCOD3" : "BERLIN",
					"MCOD1" : "CASH COMPANY",
					"KUNNR" : "CASH1"
				},
				{
					"KTOKD" : "KUNA",
					"SORTL" : "LACKI-LACK",
					"LAND1" : "DE",
					"PSTLZ" : "69115",
					"MCOD3" : "HEIDELBERG",
					"MCOD1" : "ARNDT UND NITTMANN LACKI-",
					"KUNNR" : "CD001"
				},
				{
					"KTOKD" : "KUNA",
					"SORTL" : "CP",
					"LAND1" : "CN",
					"PSTLZ" : "",
					"MCOD3" : "021",
					"MCOD1" : "CP01",
					"KUNNR" : "CP01"
				},
				{
					"KTOKD" : "KUNA",
					"SORTL" : "E&A",
					"LAND1" : "DE",
					"PSTLZ" : "68674",
					"MCOD3" : "BIBLIS",
					"MCOD1" : "E&A GMBH",
					"KUNNR" : "CUST100"
				},
				{
					"KTOKD" : "KUNA",
					"SORTL" : "H&A",
					"LAND1" : "DE",
					"PSTLZ" : "31342",
					"MCOD3" : "SOEST",
					"MCOD1" : "H&A GMBH",
					"KUNNR" : "CUST101"
				},
				{
					"KTOKD" : "KUNA",
					"SORTL" : "INDIA",
					"LAND1" : "IN",
					"PSTLZ" : "560066",
					"MCOD3" : "BANGALORE",
					"MCOD1" : "INDIA MODEL CUSTOMER",
					"KUNNR" : "CUSTCIN_01"
				},
				{
					"KTOKD" : "KUNA",
					"SORTL" : "CUSTOMER01",
					"LAND1" : "DE",
					"PSTLZ" : "12345",
					"MCOD3" : "WALLDORF",
					"MCOD1" : "CUSTOMER01",
					"KUNNR" : "CUSTOMER01"
				},
				{
					"KTOKD" : "KUNA",
					"SORTL" : "CUSTOMER02",
					"LAND1" : "DE",
					"PSTLZ" : "12345",
					"MCOD3" : "WALLDORF",
					"MCOD1" : "CUSTOMER02",
					"KUNNR" : "CUSTOMER02"
				},
				{
					"KTOKD" : "KUNA",
					"SORTL" : "CUSTOMER03",
					"LAND1" : "DE",
					"PSTLZ" : "12345",
					"MCOD3" : "WALLDORF",
					"MCOD1" : "CUSTOMER03",
					"KUNNR" : "CUSTOMER03"
				},
				{
					"KTOKD" : "KUNA",
					"SORTL" : "CUSTOMER04",
					"LAND1" : "DE",
					"PSTLZ" : "12345",
					"MCOD3" : "WALLDORF",
					"MCOD1" : "CUSTOMER04",
					"KUNNR" : "CUSTOMER04"
				},
				{
					"KTOKD" : "KUNA",
					"SORTL" : "CUSTOMER05",
					"LAND1" : "DE",
					"PSTLZ" : "12345",
					"MCOD3" : "WALLDORF",
					"MCOD1" : "CUSTOMER05",
					"KUNNR" : "CUSTOMER05"
				},
				{
					"KTOKD" : "KUNA",
					"SORTL" : "SFF",
					"LAND1" : "DE",
					"PSTLZ" : "21312",
					"MCOD3" : "HEIDE",
					"MCOD1" : "EDO",
					"KUNNR" : "EDO"
				},
				{
					"KTOKD" : "KUNA",
					"SORTL" : "TEST",
					"LAND1" : "DE",
					"PSTLZ" : "",
					"MCOD3" : "TEST",
					"MCOD1" : "TEST",
					"KUNNR" : "EI03"
				},
				{
					"KTOKD" : "KUNA",
					"SORTL" : "ELENA",
					"LAND1" : "DE",
					"PSTLZ" : "68159",
					"MCOD3" : "MANNHEIM",
					"MCOD1" : "ELENA RENKEWITSCH",
					"KUNNR" : "ER_1"
				},
				{
					"KTOKD" : "KUNA",
					"SORTL" : "ELENA",
					"LAND1" : "DE",
					"PSTLZ" : "69126",
					"MCOD3" : "HEIDELBERG",
					"MCOD1" : "ELENA OVERDUE",
					"KUNNR" : "ER_3"
				},
				{
					"KTOKD" : "KUNA",
					"SORTL" : "FJSD",
					"LAND1" : "DE",
					"PSTLZ" : "69190",
					"MCOD3" : "WALLDORF",
					"MCOD1" : "GARTENBAU FRITZ",
					"KUNNR" : "FJSD"
				},
				{
					"KTOKD" : "KUNA",
					"SORTL" : "HAEU",
					"LAND1" : "DE",
					"PSTLZ" : "69117",
					"MCOD3" : "HEIDELBERG",
					"MCOD1" : "HAEU01D",
					"KUNNR" : "HAEU01D"
				},
				{
					"KTOKD" : "KUNA",
					"SORTL" : "HOFFMANNT",
					"LAND1" : "DE",
					"PSTLZ" : "67354",
					"MCOD3" : "DUDENHOFEN",
					"MCOD1" : "UWE",
					"KUNNR" : "HOFFMANNT"
				},
				{
					"KTOKD" : "KUNA",
					"SORTL" : "HS",
					"LAND1" : "DE",
					"PSTLZ" : "",
					"MCOD3" : "DEGGENDROF",
					"MCOD1" : "HARALD",
					"KUNNR" : "HS_2"
				},
				{
					"KTOKD" : "KUNA",
					"SORTL" : "JP",
					"LAND1" : "JP",
					"PSTLZ" : "",
					"MCOD3" : "2012",
					"MCOD1" : "JP",
					"KUNNR" : "JP01"
				},
				{
					"KTOKD" : "KUNA",
					"SORTL" : "BLACK ONE",
					"LAND1" : "DE",
					"PSTLZ" : "77777",
					"MCOD3" : "DEEP BLACK",
					"MCOD1" : "BLACK COMPANY ONE",
					"KUNNR" : "KCP1"
				},
				{
					"KTOKD" : "KUNA",
					"SORTL" : "BLACK TWO",
					"LAND1" : "DE",
					"PSTLZ" : "77777",
					"MCOD3" : "BB",
					"MCOD1" : "BLACK COMPANY TWO",
					"KUNNR" : "KCP2"
				},
				{
					"KTOKD" : "KUNA",
					"SORTL" : "MG",
					"LAND1" : "DE",
					"PSTLZ" : "69257",
					"MCOD3" : "WIESENBACH",
					"MCOD1" : "GRÃœNEWALD & FRIENDS",
					"KUNNR" : "MG001"
				},
				{
					"KTOKD" : "KUNA",
					"SORTL" : "MG",
					"LAND1" : "DE",
					"PSTLZ" : "",
					"MCOD3" : "WIESENBACH",
					"MCOD1" : "GRÃœNEWALD BRANCH",
					"KUNNR" : "MG001_BR"
				},
				{
					"KTOKD" : "KUNA",
					"SORTL" : "MP",
					"LAND1" : "DE",
					"PSTLZ" : "10328",
					"MCOD3" : "ORT",
					"MCOD1" : "NAME (0001)",
					"KUNNR" : "MP-TEST"
				},
				{
					"KTOKD" : "KUNA",
					"SORTL" : "MP",
					"LAND1" : "DE",
					"PSTLZ" : "84357",
					"MCOD3" : "ORT",
					"MCOD1" : "NAME",
					"KUNNR" : "MP-TEST01"
				},
				{
					"KTOKD" : "KUNA",
					"SORTL" : "NC GROUP",
					"LAND1" : "CN",
					"PSTLZ" : "201203",
					"MCOD3" : "SHANGHAI",
					"MCOD1" : "NC GROUP",
					"KUNNR" : "NC0001"
				},
				{
					"KTOKD" : "KUNA",
					"SORTL" : "WLPER",
					"LAND1" : "US",
					"PSTLZ" : "",
					"MCOD3" : "12345",
					"MCOD1" : "RCUS029",
					"KUNNR" : "RCUS029"
				},
				{
					"KTOKD" : "KUNA",
					"SORTL" : "WLPER",
					"LAND1" : "US",
					"PSTLZ" : "",
					"MCOD3" : "12345",
					"MCOD1" : "RCUS039",
					"KUNNR" : "RCUS039"
				},
				{
					"KTOKD" : "KUNA",
					"SORTL" : "WLPER",
					"LAND1" : "US",
					"PSTLZ" : "",
					"MCOD3" : "12345",
					"MCOD1" : "RCUS165",
					"KUNNR" : "RCUS165"
				},
				{
					"KTOKD" : "KUNA",
					"SORTL" : "MUSTER",
					"LAND1" : "DE",
					"PSTLZ" : "12345",
					"MCOD3" : "TESTHAUSEN",
					"MCOD1" : "MUSTERMANN",
					"KUNNR" : "T12345"
				},
				{
					"KTOKD" : "KUNA",
					"SORTL" : "DUNNING",
					"LAND1" : "DE",
					"PSTLZ" : "12345",
					"MCOD3" : "DUNNINGTON",
					"MCOD1" : "PETER DUNNING",
					"KUNNR" : "TESTDUN1"
				},
				{
					"KTOKD" : "KUNA",
					"SORTL" : "DUNNINGER",
					"LAND1" : "DE",
					"PSTLZ" : "54331",
					"MCOD3" : "DUNNINGTON",
					"MCOD1" : "ALICE DUNNINGER",
					"KUNNR" : "TESTDUN2"
				},
				{
					"KTOKD" : "KUNA",
					"SORTL" : "DUNN",
					"LAND1" : "DE",
					"PSTLZ" : "45613",
					"MCOD3" : "DUNNINGTON",
					"MCOD1" : "DUNN",
					"KUNNR" : "TESTDUN3"
				},
				{
					"KTOKD" : "KUNA",
					"SORTL" : "TEST",
					"LAND1" : "US",
					"PSTLZ" : "",
					"MCOD3" : "TEST",
					"MCOD1" : "TEST",
					"KUNNR" : "TESTTEST2"
				},
				{
					"KTOKD" : "KUNA",
					"SORTL" : "TH",
					"LAND1" : "DE",
					"PSTLZ" : "",
					"MCOD3" : "BERLIN",
					"MCOD1" : "TH",
					"KUNNR" : "TH_01"
				},
				{
					"KTOKD" : "KUNA",
					"SORTL" : "ZNAME",
					"LAND1" : "DE",
					"PSTLZ" : "",
					"MCOD3" : "SH",
					"MCOD1" : "UC001",
					"KUNNR" : "UC001"
				},
				{
					"KTOKD" : "KUNA",
					"SORTL" : "WILZBACH",
					"LAND1" : "DE",
					"PSTLZ" : "69171",
					"MCOD3" : "HEIDELBERG",
					"MCOD1" : "GABRIELA WILZBACH DIVKOVI",
					"KUNNR" : "WILZBACH"
				},
				{
					"KTOKD" : "KUNA",
					"SORTL" : "WILZBACH",
					"LAND1" : "DE",
					"PSTLZ" : "",
					"MCOD3" : "69171",
					"MCOD1" : "WILZBACH1",
					"KUNNR" : "WILZBACH1"
				},
				{
					"KTOKD" : "KUNA",
					"SORTL" : "WILZBACH",
					"LAND1" : "DE",
					"PSTLZ" : "69171",
					"MCOD3" : "HEIDELBERG",
					"MCOD1" : "WILZBACH 3",
					"KUNNR" : "WILZBACH3"
				},
				{
					"KTOKD" : "KUNA",
					"SORTL" : "WLPER",
					"LAND1" : "US",
					"PSTLZ" : "",
					"MCOD3" : "12345",
					"MCOD1" : "WLPER001",
					"KUNNR" : "WLPER001"
				},
				{
					"KTOKD" : "KUNA",
					"SORTL" : "WLPER",
					"LAND1" : "US",
					"PSTLZ" : "",
					"MCOD3" : "12345",
					"MCOD1" : "WLPER002",
					"KUNNR" : "WLPER002"
				},
				{
					"KTOKD" : "KUNA",
					"SORTL" : "WLPER",
					"LAND1" : "US",
					"PSTLZ" : "",
					"MCOD3" : "12345",
					"MCOD1" : "WLPER003",
					"KUNNR" : "WLPER003"
				},
				{
					"KTOKD" : "KUNA",
					"SORTL" : "WLPER",
					"LAND1" : "US",
					"PSTLZ" : "",
					"MCOD3" : "12345",
					"MCOD1" : "WLPER004",
					"KUNNR" : "WLPER004"
				},
				{
					"KTOKD" : "KUNA",
					"SORTL" : "WLPER",
					"LAND1" : "US",
					"PSTLZ" : "",
					"MCOD3" : "12345",
					"MCOD1" : "WLPER005",
					"KUNNR" : "WLPER005"
				},
				{
					"KTOKD" : "KUNA",
					"SORTL" : "WLPER",
					"LAND1" : "US",
					"PSTLZ" : "",
					"MCOD3" : "12345",
					"MCOD1" : "WLPER006",
					"KUNNR" : "WLPER006"
				},
				{
					"KTOKD" : "KUNA",
					"SORTL" : "WLPER",
					"LAND1" : "US",
					"PSTLZ" : "",
					"MCOD3" : "12345",
					"MCOD1" : "WLPER007",
					"KUNNR" : "WLPER007"
				},
				{
					"KTOKD" : "KUNA",
					"SORTL" : "WLPER",
					"LAND1" : "US",
					"PSTLZ" : "",
					"MCOD3" : "12345",
					"MCOD1" : "WLPER008",
					"KUNNR" : "WLPER008"
				},
				{
					"KTOKD" : "KUNA",
					"SORTL" : "WLPER",
					"LAND1" : "US",
					"PSTLZ" : "",
					"MCOD3" : "12345",
					"MCOD1" : "WLPER009",
					"KUNNR" : "WLPER009"
				},
				{
					"KTOKD" : "KUNA",
					"SORTL" : "WLPER",
					"LAND1" : "US",
					"PSTLZ" : "",
					"MCOD3" : "12345",
					"MCOD1" : "WLPER010",
					"KUNNR" : "WLPER010"
				},
				{
					"KTOKD" : "KUNA",
					"SORTL" : "WLPER",
					"LAND1" : "US",
					"PSTLZ" : "",
					"MCOD3" : "12345",
					"MCOD1" : "WLPER011",
					"KUNNR" : "WLPER011"
				} ]
	}
}