{
	"d" : {
		"results" : [
				{
					"STCD1" : "",
					"STCD2" : "",
					"STCD3" : "",
					"STCD4" : "",
					"STCD5" : "",
					"STCEG" : "",
					"LAND1" : "CN",
					"MCOD1" : "DEMO CUSTOMER",
					"KUNNR" : "11"
				},
				{
					"STCD1" : "",
					"STCD2" : "",
					"STCD3" : "",
					"STCD4" : "",
					"STCD5" : "",
					"STCEG" : "",
					"LAND1" : "DE",
					"MCOD1" : "CASHCUSTOMER01",
					"KUNNR" : "46"
				},
				{
					"STCD1" : "",
					"STCD2" : "",
					"STCD3" : "",
					"STCD4" : "",
					"STCD5" : "",
					"STCEG" : "",
					"LAND1" : "DE",
					"MCOD1" : "CASHCUSTOMER02",
					"KUNNR" : "47"
				},
				{
					"STCD1" : "",
					"STCD2" : "",
					"STCD3" : "",
					"STCD4" : "",
					"STCD5" : "",
					"STCEG" : "",
					"LAND1" : "DE",
					"MCOD1" : "CASHCUSTOMER03",
					"KUNNR" : "48"
				},
				{
					"STCD1" : "",
					"STCD2" : "",
					"STCD3" : "",
					"STCD4" : "",
					"STCD5" : "",
					"STCEG" : "",
					"LAND1" : "DE",
					"MCOD1" : "CASHCUSTOMER04",
					"KUNNR" : "49"
				},
				{
					"STCD1" : "",
					"STCD2" : "",
					"STCD3" : "",
					"STCD4" : "",
					"STCD5" : "",
					"STCEG" : "",
					"LAND1" : "DE",
					"MCOD1" : "CASHCUSTOMER05",
					"KUNNR" : "50"
				},
				{
					"STCD1" : "",
					"STCD2" : "",
					"STCD3" : "",
					"STCD4" : "",
					"STCD5" : "",
					"STCEG" : "",
					"LAND1" : "DE",
					"MCOD1" : "CASHCUSTOMER06",
					"KUNNR" : "51"
				},
				{
					"STCD1" : "",
					"STCD2" : "",
					"STCD3" : "",
					"STCD4" : "",
					"STCD5" : "",
					"STCEG" : "",
					"LAND1" : "DE",
					"MCOD1" : "CASHCUSTOMER07",
					"KUNNR" : "52"
				},
				{
					"STCD1" : "",
					"STCD2" : "",
					"STCD3" : "",
					"STCD4" : "",
					"STCD5" : "",
					"STCEG" : "",
					"LAND1" : "DE",
					"MCOD1" : "CASHCUSTOMER08",
					"KUNNR" : "53"
				},
				{
					"STCD1" : "",
					"STCD2" : "",
					"STCD3" : "",
					"STCD4" : "",
					"STCD5" : "",
					"STCEG" : "",
					"LAND1" : "DE",
					"MCOD1" : "CASHCUSTOMER09",
					"KUNNR" : "54"
				},
				{
					"STCD1" : "",
					"STCD2" : "",
					"STCD3" : "",
					"STCD4" : "",
					"STCD5" : "",
					"STCEG" : "",
					"LAND1" : "DE",
					"MCOD1" : "CASHCUSTOMER10",
					"KUNNR" : "55"
				},
				{
					"STCD1" : "",
					"STCD2" : "",
					"STCD3" : "",
					"STCD4" : "",
					"STCD5" : "",
					"STCEG" : "",
					"LAND1" : "DE",
					"MCOD1" : "CASHCUSTOMER11",
					"KUNNR" : "56"
				},
				{
					"STCD1" : "",
					"STCD2" : "",
					"STCD3" : "",
					"STCD4" : "",
					"STCD5" : "",
					"STCEG" : "",
					"LAND1" : "DE",
					"MCOD1" : "CASHCUSTOMER12",
					"KUNNR" : "57"
				},
				{
					"STCD1" : "",
					"STCD2" : "",
					"STCD3" : "",
					"STCD4" : "",
					"STCD5" : "",
					"STCEG" : "",
					"LAND1" : "DE",
					"MCOD1" : "CASHCUSTOMER13",
					"KUNNR" : "58"
				},
				{
					"STCD1" : "",
					"STCD2" : "",
					"STCD3" : "",
					"STCD4" : "",
					"STCD5" : "",
					"STCEG" : "",
					"LAND1" : "DE",
					"MCOD1" : "CASHCUSTOMER14",
					"KUNNR" : "59"
				},
				{
					"STCD1" : "",
					"STCD2" : "",
					"STCD3" : "",
					"STCD4" : "",
					"STCD5" : "",
					"STCEG" : "",
					"LAND1" : "DE",
					"MCOD1" : "CASHCUSTOMER15",
					"KUNNR" : "60"
				},
				{
					"STCD1" : "",
					"STCD2" : "",
					"STCD3" : "",
					"STCD4" : "",
					"STCD5" : "",
					"STCEG" : "",
					"LAND1" : "DE",
					"MCOD1" : "CASHCUSTOMER16",
					"KUNNR" : "61"
				},
				{
					"STCD1" : "",
					"STCD2" : "",
					"STCD3" : "",
					"STCD4" : "",
					"STCD5" : "",
					"STCEG" : "",
					"LAND1" : "DE",
					"MCOD1" : "CASHCUSTOMER17",
					"KUNNR" : "62"
				},
				{
					"STCD1" : "",
					"STCD2" : "",
					"STCD3" : "",
					"STCD4" : "",
					"STCD5" : "",
					"STCEG" : "",
					"LAND1" : "DE",
					"MCOD1" : "CASHCUSTOMER18",
					"KUNNR" : "63"
				},
				{
					"STCD1" : "",
					"STCD2" : "",
					"STCD3" : "",
					"STCD4" : "",
					"STCD5" : "",
					"STCEG" : "",
					"LAND1" : "DE",
					"MCOD1" : "CASHCUSTOMER19",
					"KUNNR" : "64"
				},
				{
					"STCD1" : "",
					"STCD2" : "",
					"STCD3" : "",
					"STCD4" : "",
					"STCD5" : "",
					"STCEG" : "",
					"LAND1" : "DE",
					"MCOD1" : "CASHCUSTOMER20",
					"KUNNR" : "65"
				},
				{
					"STCD1" : "",
					"STCD2" : "",
					"STCD3" : "",
					"STCD4" : "",
					"STCD5" : "",
					"STCEG" : "",
					"LAND1" : "DE",
					"MCOD1" : "CASHCUSTOMER21",
					"KUNNR" : "66"
				},
				{
					"STCD1" : "",
					"STCD2" : "",
					"STCD3" : "",
					"STCD4" : "",
					"STCD5" : "",
					"STCEG" : "",
					"LAND1" : "DE",
					"MCOD1" : "CASHCUSTOMER22",
					"KUNNR" : "67"
				},
				{
					"STCD1" : "",
					"STCD2" : "",
					"STCD3" : "",
					"STCD4" : "",
					"STCD5" : "",
					"STCEG" : "",
					"LAND1" : "US",
					"MCOD1" : "CITY NEVER SLEEPS",
					"KUNNR" : "73"
				},
				{
					"STCD1" : "",
					"STCD2" : "",
					"STCD3" : "",
					"STCD4" : "",
					"STCD5" : "",
					"STCEG" : "",
					"LAND1" : "DE",
					"MCOD1" : "CASHCUSTOMER02",
					"KUNNR" : "82"
				},
				{
					"STCD1" : "",
					"STCD2" : "",
					"STCD3" : "",
					"STCD4" : "",
					"STCD5" : "",
					"STCEG" : "",
					"LAND1" : "DE",
					"MCOD1" : "CASHCUSTOMER03",
					"KUNNR" : "83"
				},
				{
					"STCD1" : "",
					"STCD2" : "",
					"STCD3" : "",
					"STCD4" : "",
					"STCD5" : "",
					"STCEG" : "",
					"LAND1" : "DE",
					"MCOD1" : "CASHCUSTOMER04",
					"KUNNR" : "84"
				},
				{
					"STCD1" : "",
					"STCD2" : "",
					"STCD3" : "",
					"STCD4" : "",
					"STCD5" : "",
					"STCEG" : "",
					"LAND1" : "DE",
					"MCOD1" : "CASHCUSTOMER05",
					"KUNNR" : "85"
				},
				{
					"STCD1" : "",
					"STCD2" : "",
					"STCD3" : "",
					"STCD4" : "",
					"STCD5" : "",
					"STCEG" : "",
					"LAND1" : "DE",
					"MCOD1" : "CASHCUSTOMER06",
					"KUNNR" : "86"
				},
				{
					"STCD1" : "",
					"STCD2" : "",
					"STCD3" : "",
					"STCD4" : "",
					"STCD5" : "",
					"STCEG" : "",
					"LAND1" : "DE",
					"MCOD1" : "CASHCUSTOMER07",
					"KUNNR" : "87"
				},
				{
					"STCD1" : "",
					"STCD2" : "",
					"STCD3" : "",
					"STCD4" : "",
					"STCD5" : "",
					"STCEG" : "",
					"LAND1" : "DE",
					"MCOD1" : "CASHCUSTOMER08",
					"KUNNR" : "88"
				},
				{
					"STCD1" : "",
					"STCD2" : "",
					"STCD3" : "",
					"STCD4" : "",
					"STCD5" : "",
					"STCEG" : "",
					"LAND1" : "DE",
					"MCOD1" : "CASHCUSTOMER09",
					"KUNNR" : "89"
				},
				{
					"STCD1" : "",
					"STCD2" : "",
					"STCD3" : "",
					"STCD4" : "",
					"STCD5" : "",
					"STCEG" : "",
					"LAND1" : "DE",
					"MCOD1" : "CASHCUSTOMER10",
					"KUNNR" : "90"
				},
				{
					"STCD1" : "",
					"STCD2" : "",
					"STCD3" : "",
					"STCD4" : "",
					"STCD5" : "",
					"STCEG" : "",
					"LAND1" : "DE",
					"MCOD1" : "CASHCUSTOMER01",
					"KUNNR" : "91"
				},
				{
					"STCD1" : "",
					"STCD2" : "",
					"STCD3" : "",
					"STCD4" : "",
					"STCD5" : "",
					"STCEG" : "",
					"LAND1" : "DE",
					"MCOD1" : "CASHCUSTOMER02",
					"KUNNR" : "92"
				},
				{
					"STCD1" : "",
					"STCD2" : "",
					"STCD3" : "",
					"STCD4" : "",
					"STCD5" : "",
					"STCEG" : "",
					"LAND1" : "DE",
					"MCOD1" : "CASHCUSTOMER03",
					"KUNNR" : "93"
				},
				{
					"STCD1" : "",
					"STCD2" : "",
					"STCD3" : "",
					"STCD4" : "",
					"STCD5" : "",
					"STCEG" : "",
					"LAND1" : "DE",
					"MCOD1" : "CASHCUSTOMER04",
					"KUNNR" : "94"
				},
				{
					"STCD1" : "",
					"STCD2" : "",
					"STCD3" : "",
					"STCD4" : "",
					"STCD5" : "",
					"STCEG" : "",
					"LAND1" : "DE",
					"MCOD1" : "CASHCUSTOMER05",
					"KUNNR" : "95"
				},
				{
					"STCD1" : "",
					"STCD2" : "",
					"STCD3" : "",
					"STCD4" : "",
					"STCD5" : "",
					"STCEG" : "",
					"LAND1" : "DE",
					"MCOD1" : "CASHCUSTOMER06",
					"KUNNR" : "96"
				},
				{
					"STCD1" : "",
					"STCD2" : "",
					"STCD3" : "",
					"STCD4" : "",
					"STCD5" : "",
					"STCEG" : "",
					"LAND1" : "DE",
					"MCOD1" : "CASHCUSTOMER07",
					"KUNNR" : "97"
				},
				{
					"STCD1" : "",
					"STCD2" : "",
					"STCD3" : "",
					"STCD4" : "",
					"STCD5" : "",
					"STCEG" : "",
					"LAND1" : "DE",
					"MCOD1" : "CASHCUSTOMER08",
					"KUNNR" : "98"
				},
				{
					"STCD1" : "",
					"STCD2" : "",
					"STCD3" : "",
					"STCD4" : "",
					"STCD5" : "",
					"STCEG" : "",
					"LAND1" : "DE",
					"MCOD1" : "CASHCUSTOMER09",
					"KUNNR" : "99"
				},
				{
					"STCD1" : "",
					"STCD2" : "",
					"STCD3" : "",
					"STCD4" : "",
					"STCD5" : "",
					"STCEG" : "",
					"LAND1" : "DE",
					"MCOD1" : "CASHCUSTOMER10",
					"KUNNR" : "100"
				},
				{
					"STCD1" : "",
					"STCD2" : "",
					"STCD3" : "",
					"STCD4" : "",
					"STCD5" : "",
					"STCEG" : "",
					"LAND1" : "DE",
					"MCOD1" : "CASHCUSTOMER02",
					"KUNNR" : "102"
				},
				{
					"STCD1" : "",
					"STCD2" : "",
					"STCD3" : "",
					"STCD4" : "",
					"STCD5" : "",
					"STCEG" : "",
					"LAND1" : "DE",
					"MCOD1" : "CASHCUSTOMER03",
					"KUNNR" : "103"
				},
				{
					"STCD1" : "",
					"STCD2" : "",
					"STCD3" : "",
					"STCD4" : "",
					"STCD5" : "",
					"STCEG" : "",
					"LAND1" : "DE",
					"MCOD1" : "MAIER",
					"KUNNR" : "A123456"
				},
				{
					"STCD1" : "",
					"STCD2" : "",
					"STCD3" : "",
					"STCD4" : "",
					"STCD5" : "",
					"STCEG" : "",
					"LAND1" : "DE",
					"MCOD1" : "AHRENS IM & EXPORT",
					"KUNNR" : "AHRENS"
				},
				{
					"STCD1" : "",
					"STCD2" : "",
					"STCD3" : "",
					"STCD4" : "",
					"STCD5" : "",
					"STCEG" : "",
					"LAND1" : "DE",
					"MCOD1" : "BEF",
					"KUNNR" : "BEF1"
				},
				{
					"STCD1" : "",
					"STCD2" : "",
					"STCD3" : "",
					"STCD4" : "",
					"STCD5" : "",
					"STCEG" : "",
					"LAND1" : "DE",
					"MCOD1" : "BLACK COMPANY THREE",
					"KUNNR" : "BLK1"
				},
				{
					"STCD1" : "",
					"STCD2" : "",
					"STCD3" : "",
					"STCD4" : "",
					"STCD5" : "",
					"STCEG" : "GBHA994",
					"LAND1" : "GB",
					"MCOD1" : "CUTTERS AND MORE PLC",
					"KUNNR" : "C0006"
				},
				{
					"STCD1" : "",
					"STCD2" : "",
					"STCD3" : "",
					"STCD4" : "",
					"STCD5" : "",
					"STCEG" : "ESA12345674",
					"LAND1" : "ES",
					"MCOD1" : "VACIADOR S.L.",
					"KUNNR" : "C0007"
				},
				{
					"STCD1" : "",
					"STCD2" : "",
					"STCD3" : "",
					"STCD4" : "",
					"STCD5" : "",
					"STCEG" : "",
					"LAND1" : "SG",
					"MCOD1" : "DRILLS FOR ALL",
					"KUNNR" : "C0009"
				},
				{
					"STCD1" : "",
					"STCD2" : "",
					"STCD3" : "",
					"STCD4" : "",
					"STCD5" : "",
					"STCEG" : "",
					"LAND1" : "SG",
					"MCOD1" : "SINGAPORE CUTTING TOOLS P",
					"KUNNR" : "C0010"
				},
				{
					"STCD1" : "",
					"STCD2" : "",
					"STCD3" : "",
					"STCD4" : "",
					"STCD5" : "",
					"STCEG" : "",
					"LAND1" : "CN",
					"MCOD1" : "SANDERSON'S SANDERS",
					"KUNNR" : "C0012"
				},
				{
					"STCD1" : "",
					"STCD2" : "",
					"STCD3" : "",
					"STCD4" : "",
					"STCD5" : "",
					"STCEG" : "",
					"LAND1" : "CN",
					"MCOD1" : "MASAKO AND SONS",
					"KUNNR" : "C0014"
				},
				{
					"STCD1" : "",
					"STCD2" : "",
					"STCD3" : "",
					"STCD4" : "",
					"STCD5" : "",
					"STCEG" : "",
					"LAND1" : "US",
					"MCOD1" : "MARK AND SONS PLC",
					"KUNNR" : "C0015"
				},
				{
					"STCD1" : "",
					"STCD2" : "",
					"STCD3" : "",
					"STCD4" : "",
					"STCD5" : "",
					"STCEG" : "",
					"LAND1" : "CA",
					"MCOD1" : "LAURA'S TOOL SHOP PLC",
					"KUNNR" : "C0020"
				},
				{
					"STCD1" : "",
					"STCD2" : "",
					"STCD3" : "",
					"STCD4" : "",
					"STCD5" : "",
					"STCEG" : "",
					"LAND1" : "CA",
					"MCOD1" : "TIMBER TRADING INC.",
					"KUNNR" : "C0023"
				},
				{
					"STCD1" : "",
					"STCD2" : "",
					"STCD3" : "",
					"STCD4" : "",
					"STCD5" : "",
					"STCEG" : "",
					"LAND1" : "US",
					"MCOD1" : "ACCORD HOME IMPROVEMENT",
					"KUNNR" : "C0103"
				},
				{
					"STCD1" : "",
					"STCD2" : "",
					"STCD3" : "",
					"STCD4" : "",
					"STCD5" : "",
					"STCEG" : "DE987654321",
					"LAND1" : "DE",
					"MCOD1" : "CASH COMPANY",
					"KUNNR" : "CASH1"
				},
				{
					"STCD1" : "",
					"STCD2" : "",
					"STCD3" : "",
					"STCD4" : "",
					"STCD5" : "",
					"STCEG" : "",
					"LAND1" : "DE",
					"MCOD1" : "ARNDT UND NITTMANN LACKI-",
					"KUNNR" : "CD001"
				},
				{
					"STCD1" : "",
					"STCD2" : "",
					"STCD3" : "",
					"STCD4" : "",
					"STCD5" : "",
					"STCEG" : "",
					"LAND1" : "CN",
					"MCOD1" : "CP01",
					"KUNNR" : "CP01"
				},
				{
					"STCD1" : "",
					"STCD2" : "",
					"STCD3" : "",
					"STCD4" : "",
					"STCD5" : "",
					"STCEG" : "",
					"LAND1" : "DE",
					"MCOD1" : "E&A GMBH",
					"KUNNR" : "CUST100"
				},
				{
					"STCD1" : "",
					"STCD2" : "",
					"STCD3" : "",
					"STCD4" : "",
					"STCD5" : "",
					"STCEG" : "",
					"LAND1" : "DE",
					"MCOD1" : "H&A GMBH",
					"KUNNR" : "CUST101"
				},
				{
					"STCD1" : "",
					"STCD2" : "",
					"STCD3" : "",
					"STCD4" : "",
					"STCD5" : "",
					"STCEG" : "",
					"LAND1" : "IN",
					"MCOD1" : "INDIA MODEL CUSTOMER",
					"KUNNR" : "CUSTCIN_01"
				},
				{
					"STCD1" : "",
					"STCD2" : "",
					"STCD3" : "",
					"STCD4" : "",
					"STCD5" : "",
					"STCEG" : "",
					"LAND1" : "DE",
					"MCOD1" : "CUSTOMER01",
					"KUNNR" : "CUSTOMER01"
				},
				{
					"STCD1" : "",
					"STCD2" : "",
					"STCD3" : "",
					"STCD4" : "",
					"STCD5" : "",
					"STCEG" : "",
					"LAND1" : "DE",
					"MCOD1" : "CUSTOMER02",
					"KUNNR" : "CUSTOMER02"
				},
				{
					"STCD1" : "",
					"STCD2" : "",
					"STCD3" : "",
					"STCD4" : "",
					"STCD5" : "",
					"STCEG" : "",
					"LAND1" : "DE",
					"MCOD1" : "CUSTOMER03",
					"KUNNR" : "CUSTOMER03"
				},
				{
					"STCD1" : "",
					"STCD2" : "",
					"STCD3" : "",
					"STCD4" : "",
					"STCD5" : "",
					"STCEG" : "",
					"LAND1" : "DE",
					"MCOD1" : "CUSTOMER04",
					"KUNNR" : "CUSTOMER04"
				},
				{
					"STCD1" : "",
					"STCD2" : "",
					"STCD3" : "",
					"STCD4" : "",
					"STCD5" : "",
					"STCEG" : "",
					"LAND1" : "DE",
					"MCOD1" : "CUSTOMER05",
					"KUNNR" : "CUSTOMER05"
				},
				{
					"STCD1" : "",
					"STCD2" : "",
					"STCD3" : "",
					"STCD4" : "",
					"STCD5" : "",
					"STCEG" : "",
					"LAND1" : "DE",
					"MCOD1" : "EDO",
					"KUNNR" : "EDO"
				},
				{
					"STCD1" : "",
					"STCD2" : "",
					"STCD3" : "",
					"STCD4" : "",
					"STCD5" : "",
					"STCEG" : "",
					"LAND1" : "DE",
					"MCOD1" : "TEST",
					"KUNNR" : "EI03"
				},
				{
					"STCD1" : "",
					"STCD2" : "",
					"STCD3" : "",
					"STCD4" : "",
					"STCD5" : "",
					"STCEG" : "",
					"LAND1" : "DE",
					"MCOD1" : "ELENA RENKEWITSCH",
					"KUNNR" : "ER_1"
				},
				{
					"STCD1" : "",
					"STCD2" : "",
					"STCD3" : "",
					"STCD4" : "",
					"STCD5" : "",
					"STCEG" : "",
					"LAND1" : "DE",
					"MCOD1" : "ELENA OVERDUE",
					"KUNNR" : "ER_3"
				},
				{
					"STCD1" : "",
					"STCD2" : "",
					"STCD3" : "",
					"STCD4" : "",
					"STCD5" : "",
					"STCEG" : "",
					"LAND1" : "DE",
					"MCOD1" : "GARTENBAU FRITZ",
					"KUNNR" : "FJSD"
				},
				{
					"STCD1" : "",
					"STCD2" : "",
					"STCD3" : "",
					"STCD4" : "",
					"STCD5" : "",
					"STCEG" : "",
					"LAND1" : "DE",
					"MCOD1" : "HAEU01D",
					"KUNNR" : "HAEU01D"
				},
				{
					"STCD1" : "",
					"STCD2" : "",
					"STCD3" : "",
					"STCD4" : "",
					"STCD5" : "",
					"STCEG" : "",
					"LAND1" : "DE",
					"MCOD1" : "UWE",
					"KUNNR" : "HOFFMANNT"
				},
				{
					"STCD1" : "",
					"STCD2" : "",
					"STCD3" : "",
					"STCD4" : "",
					"STCD5" : "",
					"STCEG" : "",
					"LAND1" : "DE",
					"MCOD1" : "HARALD",
					"KUNNR" : "HS_2"
				},
				{
					"STCD1" : "",
					"STCD2" : "",
					"STCD3" : "",
					"STCD4" : "",
					"STCD5" : "",
					"STCEG" : "",
					"LAND1" : "JP",
					"MCOD1" : "JP",
					"KUNNR" : "JP01"
				},
				{
					"STCD1" : "",
					"STCD2" : "",
					"STCD3" : "",
					"STCD4" : "",
					"STCD5" : "",
					"STCEG" : "",
					"LAND1" : "DE",
					"MCOD1" : "BLACK COMPANY ONE",
					"KUNNR" : "KCP1"
				},
				{
					"STCD1" : "",
					"STCD2" : "",
					"STCD3" : "",
					"STCD4" : "",
					"STCD5" : "",
					"STCEG" : "",
					"LAND1" : "DE",
					"MCOD1" : "BLACK COMPANY TWO",
					"KUNNR" : "KCP2"
				},
				{
					"STCD1" : "",
					"STCD2" : "",
					"STCD3" : "",
					"STCD4" : "",
					"STCD5" : "",
					"STCEG" : "",
					"LAND1" : "DE",
					"MCOD1" : "GRÃœNEWALD & FRIENDS",
					"KUNNR" : "MG001"
				},
				{
					"STCD1" : "",
					"STCD2" : "",
					"STCD3" : "",
					"STCD4" : "",
					"STCD5" : "",
					"STCEG" : "",
					"LAND1" : "DE",
					"MCOD1" : "GRÃœNEWALD BRANCH",
					"KUNNR" : "MG001_BR"
				},
				{
					"STCD1" : "",
					"STCD2" : "",
					"STCD3" : "",
					"STCD4" : "",
					"STCD5" : "",
					"STCEG" : "",
					"LAND1" : "DE",
					"MCOD1" : "NAME (0001)",
					"KUNNR" : "MP-TEST"
				},
				{
					"STCD1" : "",
					"STCD2" : "",
					"STCD3" : "",
					"STCD4" : "",
					"STCD5" : "",
					"STCEG" : "",
					"LAND1" : "DE",
					"MCOD1" : "NAME",
					"KUNNR" : "MP-TEST01"
				},
				{
					"STCD1" : "",
					"STCD2" : "",
					"STCD3" : "",
					"STCD4" : "",
					"STCD5" : "",
					"STCEG" : "",
					"LAND1" : "CN",
					"MCOD1" : "NC GROUP",
					"KUNNR" : "NC0001"
				},
				{
					"STCD1" : "",
					"STCD2" : "",
					"STCD3" : "",
					"STCD4" : "",
					"STCD5" : "",
					"STCEG" : "",
					"LAND1" : "US",
					"MCOD1" : "RCUS029",
					"KUNNR" : "RCUS029"
				},
				{
					"STCD1" : "",
					"STCD2" : "",
					"STCD3" : "",
					"STCD4" : "",
					"STCD5" : "",
					"STCEG" : "",
					"LAND1" : "US",
					"MCOD1" : "RCUS039",
					"KUNNR" : "RCUS039"
				},
				{
					"STCD1" : "",
					"STCD2" : "",
					"STCD3" : "",
					"STCD4" : "",
					"STCD5" : "",
					"STCEG" : "",
					"LAND1" : "US",
					"MCOD1" : "RCUS165",
					"KUNNR" : "RCUS165"
				},
				{
					"STCD1" : "",
					"STCD2" : "",
					"STCD3" : "",
					"STCD4" : "",
					"STCD5" : "",
					"STCEG" : "",
					"LAND1" : "DE",
					"MCOD1" : "MUSTERMANN",
					"KUNNR" : "T12345"
				},
				{
					"STCD1" : "",
					"STCD2" : "",
					"STCD3" : "",
					"STCD4" : "",
					"STCD5" : "",
					"STCEG" : "",
					"LAND1" : "DE",
					"MCOD1" : "PETER DUNNING",
					"KUNNR" : "TESTDUN1"
				},
				{
					"STCD1" : "",
					"STCD2" : "",
					"STCD3" : "",
					"STCD4" : "",
					"STCD5" : "",
					"STCEG" : "",
					"LAND1" : "DE",
					"MCOD1" : "ALICE DUNNINGER",
					"KUNNR" : "TESTDUN2"
				},
				{
					"STCD1" : "",
					"STCD2" : "",
					"STCD3" : "",
					"STCD4" : "",
					"STCD5" : "",
					"STCEG" : "",
					"LAND1" : "DE",
					"MCOD1" : "DUNN",
					"KUNNR" : "TESTDUN3"
				},
				{
					"STCD1" : "",
					"STCD2" : "",
					"STCD3" : "",
					"STCD4" : "",
					"STCD5" : "",
					"STCEG" : "",
					"LAND1" : "US",
					"MCOD1" : "TEST",
					"KUNNR" : "TESTTEST2"
				},
				{
					"STCD1" : "",
					"STCD2" : "",
					"STCD3" : "",
					"STCD4" : "",
					"STCD5" : "",
					"STCEG" : "",
					"LAND1" : "DE",
					"MCOD1" : "TH",
					"KUNNR" : "TH_01"
				},
				{
					"STCD1" : "",
					"STCD2" : "",
					"STCD3" : "",
					"STCD4" : "",
					"STCD5" : "",
					"STCEG" : "",
					"LAND1" : "DE",
					"MCOD1" : "UC001",
					"KUNNR" : "UC001"
				},
				{
					"STCD1" : "",
					"STCD2" : "",
					"STCD3" : "",
					"STCD4" : "",
					"STCD5" : "",
					"STCEG" : "",
					"LAND1" : "DE",
					"MCOD1" : "GABRIELA WILZBACH DIVKOVI",
					"KUNNR" : "WILZBACH"
				},
				{
					"STCD1" : "",
					"STCD2" : "",
					"STCD3" : "",
					"STCD4" : "",
					"STCD5" : "",
					"STCEG" : "",
					"LAND1" : "DE",
					"MCOD1" : "WILZBACH1",
					"KUNNR" : "WILZBACH1"
				},
				{
					"STCD1" : "",
					"STCD2" : "",
					"STCD3" : "",
					"STCD4" : "",
					"STCD5" : "",
					"STCEG" : "",
					"LAND1" : "DE",
					"MCOD1" : "WILZBACH 3",
					"KUNNR" : "WILZBACH3"
				},
				{
					"STCD1" : "",
					"STCD2" : "",
					"STCD3" : "",
					"STCD4" : "",
					"STCD5" : "",
					"STCEG" : "",
					"LAND1" : "US",
					"MCOD1" : "WLPER001",
					"KUNNR" : "WLPER001"
				},
				{
					"STCD1" : "",
					"STCD2" : "",
					"STCD3" : "",
					"STCD4" : "",
					"STCD5" : "",
					"STCEG" : "",
					"LAND1" : "US",
					"MCOD1" : "WLPER002",
					"KUNNR" : "WLPER002"
				},
				{
					"STCD1" : "",
					"STCD2" : "",
					"STCD3" : "",
					"STCD4" : "",
					"STCD5" : "",
					"STCEG" : "",
					"LAND1" : "US",
					"MCOD1" : "WLPER003",
					"KUNNR" : "WLPER003"
				},
				{
					"STCD1" : "",
					"STCD2" : "",
					"STCD3" : "",
					"STCD4" : "",
					"STCD5" : "",
					"STCEG" : "",
					"LAND1" : "US",
					"MCOD1" : "WLPER004",
					"KUNNR" : "WLPER004"
				},
				{
					"STCD1" : "",
					"STCD2" : "",
					"STCD3" : "",
					"STCD4" : "",
					"STCD5" : "",
					"STCEG" : "",
					"LAND1" : "US",
					"MCOD1" : "WLPER005",
					"KUNNR" : "WLPER005"
				},
				{
					"STCD1" : "",
					"STCD2" : "",
					"STCD3" : "",
					"STCD4" : "",
					"STCD5" : "",
					"STCEG" : "",
					"LAND1" : "US",
					"MCOD1" : "WLPER006",
					"KUNNR" : "WLPER006"
				},
				{
					"STCD1" : "",
					"STCD2" : "",
					"STCD3" : "",
					"STCD4" : "",
					"STCD5" : "",
					"STCEG" : "",
					"LAND1" : "US",
					"MCOD1" : "WLPER007",
					"KUNNR" : "WLPER007"
				},
				{
					"STCD1" : "",
					"STCD2" : "",
					"STCD3" : "",
					"STCD4" : "",
					"STCD5" : "",
					"STCEG" : "",
					"LAND1" : "US",
					"MCOD1" : "WLPER008",
					"KUNNR" : "WLPER008"
				},
				{
					"STCD1" : "",
					"STCD2" : "",
					"STCD3" : "",
					"STCD4" : "",
					"STCD5" : "",
					"STCEG" : "",
					"LAND1" : "US",
					"MCOD1" : "WLPER009",
					"KUNNR" : "WLPER009"
				},
				{
					"STCD1" : "",
					"STCD2" : "",
					"STCD3" : "",
					"STCD4" : "",
					"STCD5" : "",
					"STCEG" : "",
					"LAND1" : "US",
					"MCOD1" : "WLPER010",
					"KUNNR" : "WLPER010"
				},
				{
					"STCD1" : "",
					"STCD2" : "",
					"STCD3" : "",
					"STCD4" : "",
					"STCD5" : "",
					"STCEG" : "",
					"LAND1" : "US",
					"MCOD1" : "WLPER011",
					"KUNNR" : "WLPER011"
				} ]
	}
}