{
	"d" : {
		"results" : [
				{
					"BNAME" : "MUELLERP",
					"NAME_FIRST" : "Peter",
					"NAME_LAST" : "Mueller"
				},
				{
					"BNAME" : "HOFFMANNKEV",
					"NAME_FIRST" : "Kevin",
					"NAME_LAST" : "Hoffmann"
				},
				{
					"BNAME" : "MAYERFE",
					"NAME_FIRST" : "Felix",
					"NAME_LAST" : "Mayer"
				},
				{
					"BNAME" : "SCHMIDTUL",
					"NAME_FIRST" : "Ulrich",
					"NAME_LAST" : "Schmidt"
				},
				{
					"BNAME" : "LEHMANND",
					"NAME_FIRST" : "David",
					"NAME_LAST" : "Lehmann"
				},
				{
					"BNAME" : "NEUMANNF",
					"NAME_FIRST" : "Frank",
					"NAME_LAST" : "Neumann"
				},
				{
					"BNAME" : "MEYERT",
					"NAME_FIRST" : "Tom",
					"NAME_LAST" : "Meyer"
				},
				{
					"BNAME" : "WEISSRO	",
					"NAME_FIRST" : "Robert",
					"NAME_LAST" : "Weiss"
				},
				{
					"BNAME" : "SCHAEFERM",
					"NAME_FIRST" : "Maria",
					"NAME_LAST" : "Schaefer"
				},
				{
					"BNAME" : "WAGNERC",
					"NAME_FIRST" : "Claudia",
					"NAME_LAST" : "Wagner"
				},
				{
					"BNAME" : "PECHAND",
					"NAME_FIRST" : "Andreas",
					"NAME_LAST" : "Pech"
				},
				{
					"BNAME" : "TRICKUL",
					"NAME_FIRST" : "Ulrich",
					"NAME_LAST" : "Trick"
				},
				{
					"BNAME" : "ZIMMERG",
					"NAME_FIRST" : "Gehlot",
					"NAME_LAST" : "Zimmer"
				},
				{
					"BNAME" : "WOLFHEI",
					"NAME_FIRST" : "Heike",
					"NAME_LAST" : "Wolf"
				},
				{
					"BNAME" : "BAUERJ",
					"NAME_FIRST" : "Jana",
					"NAME_LAST" : "Bauer"
				},
				{
					"BNAME" : "THOMASMA",
					"NAME_FIRST" : "Maria",
					"NAME_LAST" : "Thomas"
				},
				{
					"BNAME" : "SEBAMA",
					"NAME_FIRST" : "Martina",
					"NAME_LAST" : "Sebastian"
				},
				{
					"BNAME" : "WOLFGANGTAN",
					"NAME_FIRST" : "Tanja",
					"NAME_LAST" : "Wolfgang"
				},
				{
					"BNAME" : "MARKUSNA",
					"NAME_FIRST" : "Nadine",
					"NAME_LAST" : "Markus"
				},
				{
					"BNAME" : "SOMMERMI",
					"NAME_FIRST" : "Micheal",
					"NAME_LAST" : "Sommer"
				},
				{
					"BNAME" : "BERGMANNPA",
					"NAME_FIRST" : "Patrick",
					"NAME_LAST" : "Bergmann"
				},
				{
					"BNAME" : "MARCELK",
					"NAME_FIRST" : "Karolin",
					"NAME_LAST" : "Marcel"
				},
				{
					"BNAME" : "PAULL",
					"NAME_FIRST" : "Lena",
					"NAME_LAST" : "Paul"
				},
				{
					"BNAME" : "MARTINKRI",
					"NAME_FIRST" : "Kristine",
					"NAME_LAST" : "Martin"
				},
				{
					"BNAME" : "DOMINIKSA",
					"NAME_FIRST" : "Sandra",
					"NAME_LAST" : "Dominik"
				},
				{
					"BNAME" : "TOMVAN",
					"NAME_FIRST" : "Vanessa",
					"NAME_LAST" : "Tom"
				},
				{
					"BNAME" : "ALBRECHTANN",
					"NAME_FIRST" : "Annett",
					"NAME_LAST" : "Albrecht"
				},
				{
					"BNAME" : "HEINRICHSTE",
					"NAME_FIRST" : "Stefanie",
					"NAME_LAST" : "Heinrich"
				},
				{
					"BNAME" : "KRAEMERR",
					"NAME_FIRST" : "Ralph",
					"NAME_LAST" : "Kraemer"
				},
				{
					"BNAME" : "SCHREIBERRI",
					"NAME_FIRST" : "Ricardo",
					"NAME_LAST" : "Schreiber"
				},
				{
					"BNAME" : "SCHUBERTMAR",
					"NAME_FIRST" : "Mario",
					"NAME_LAST" : "Schubert"
				},
				{
					"BNAME" : "RENENI",
					"NAME_FIRST" : "Nicole",
					"NAME_LAST" : "Rene"
				},
				{
					"BNAME" : "KLEINSU",
					"NAME_FIRST" : "Sussane",
					"NAME_LAST" : "Klein"
				},
				{
					"BNAME" : "BECKSW",
					"NAME_FIRST" : "Swen",
					"NAME_LAST" : "Beck"
				},
				{
					"BNAME" : "RICHTERGAB",
					"NAME_FIRST" : "Gabriele",
					"NAME_LAST" : "Richter"
				},
				{
					"BNAME" : "KUEHNAN",
					"NAME_FIRST" : "Angelika",
					"NAME_LAST" : "Kuehn"
				},
				{
					"BNAME" : "BUSCHJO",
					"NAME_FIRST" : "Jonas",
					"NAME_LAST" : "Busch"
				},
				{
					"BNAME" : "DIETRICHDA",
					"NAME_FIRST" : "Daniela",
					"NAME_LAST" : "Dietrich"
				},
				{
					"BNAME" : "SCHNEIFE",
					"NAME_FIRST" : "Felix",
					"NAME_LAST" : "Schneider"
				},
				{
					"BNAME" : "SCHROEDERD",
					"NAME_FIRST" : "Dirk",
					"NAME_LAST" : "Schroeder"
				},
				{
					"BNAME" : "MARTINJESS",
					"NAME_FIRST" : "Jessika",
					"NAME_LAST" : "Martin"
				},
				{
					"BNAME" : "BECKERURU",
					"NAME_FIRST" : "Urusula",
					"NAME_LAST" : "Becker"
				},
				{
					"BNAME" : "WOLFGANGMON",
					"NAME_FIRST" : "Monika",
					"NAME_LAST" : "Wolfgang"
				},
				{
					"BNAME" : "MARKAR",
					"NAME_FIRST" : "Karolin",
					"NAME_LAST" : "Markus"
				},
				{
					"BNAME" : "HOFFALB",
					"NAME_FIRST" : "Albrecht",
					"NAME_LAST" : "Hoffmann"
				},
				{
					"BNAME" : "ZIMMTHO",
					"NAME_FIRST" : "Thomas",
					"NAME_LAST" : "Zimmermann"
				},
				{
					"BNAME" : "WINKLERTMIC",
					"NAME_FIRST" : "Micheal",
					"NAME_LAST" : "Winkler"
				},
				{
					"BNAME" : "FUCHSBER",
					"NAME_FIRST" : "Bernd",
					"NAME_LAST" : "Fuchs"
				},
				{
					"BNAME" : "KELLFO",
					"NAME_FIRST" : "Florian",
					"NAME_LAST" : "Keller"
				},
				{
					"BNAME" : "FRIEDRICHMAR",
					"NAME_FIRST" : "Martin",
					"NAME_LAST" : "Friedrich"
				},
				{
					"BNAME" : "VOGELPE",
					"NAME_FIRST" : "Peter",
					"NAME_LAST" : "Vogel"
				},
				{
					"BNAME" : "MAXIMILIANJUL",
					"NAME_FIRST" : "Julia",
					"NAME_LAST" : "Maximilian"
				},
				{
					"BNAME" : "PHILIPSAN",
					"NAME_FIRST" : "Sandra",
					"NAME_LAST" : "Philip"
				},
				{
					"BNAME" : "JOERGFRA",
					"NAME_FIRST" : "Franziska",
					"NAME_LAST" : "Joerg"
				},
				{
					"BNAME" : "BENJAMAR",
					"NAME_FIRST" : "Marina",
					"NAME_LAST" : "Benjamin"
				},
				{
					"BNAME" : "NIKLASSI",
					"NAME_FIRST" : "Simone",
					"NAME_LAST" : "Niklas"
				},
				{
					"BNAME" : "BERGMAARN",
					"NAME_FIRST" : "Arnold",
					"NAME_LAST" : "Bergmann"
				},
				{
					"BNAME" : "SCHOLZMEL",
					"NAME_FIRST" : "Melanie",
					"NAME_LAST" : "Scholz"
				},
				{
					"BNAME" : "SCHUSTERSAB",
					"NAME_FIRST" : "Sabrina",
					"NAME_LAST" : "Schuster"
				},
				{
					"BNAME" : "GUENTHERTHO",
					"NAME_FIRST" : "Thomas",	
					"NAME_LAST" : "Guenther"
				},
				{
					"BNAME" : "LANGKL",
					"NAME_FIRST" : "Klaus",
					"NAME_LAST" : "Lang"
				},
				{
					"BNAME" : "DAVIDAN",
					"NAME_FIRST" : "Anna",
					"NAME_LAST" : "David"
				},
				{
					"BNAME" : "FUCHSSEB",
					"NAME_FIRST" : "Sebastian",
					"NAME_LAST" : "Fuchs"
				},
				{
					"BNAME" : "LUKASJA",
					"NAME_FIRST" : "Janina",
					"NAME_LAST" : "Lukas"
				},
				{
					"BNAME" : "MATTDOR",
					"NAME_FIRST" : "Doreen",
					"NAME_LAST" : "Mathias"
				},
				{
					"BNAME" : "DOMINIKKER",
					"NAME_FIRST" : "Kerstin",
					"NAME_LAST" : "Dominik"
				},
				{
					"BNAME" : "JONAJUL",
					"NAME_FIRST" : "Juliane",
					"NAME_LAST" : "Jonas"
				},
				{
					"BNAME" : "KRAEMERCON",
					"NAME_FIRST" : "Conny",
					"NAME_LAST" : "Kraemer"
				},
				{
					"BNAME" : "ALEXDIA",
					"NAME_FIRST" : "Diana",
					"NAME_LAST" : "Alexander"
				},
				{
					"BNAME" : "CHRISTIINE",
					"NAME_FIRST" : "Ines",
					"NAME_LAST" : "Christian"
				},
				{
					"BNAME" : "LEONKAR",
					"NAME_FIRST" : "Karin",
					"NAME_LAST" : "Leon"
				},
				{
					"BNAME" : "SCHUHSTE",
					"NAME_FIRST" : "Stefan",
					"NAME_LAST" : "Schumacher"
				},
				{
					"BNAME" : "OTTOAR",
					"NAME_FIRST" : "Arnold",
					"NAME_LAST" : "Otto"
				},
				{
					"BNAME" : "BUSCHJOE",
					"NAME_FIRST" : "Joerg",
					"NAME_LAST" : "Busch"
				},
				{
					"BNAME" : "SIMONAN",
					"NAME_FIRST" : "Andrey",
					"NAME_LAST" : "Simon"
				},
				{
					"BNAME" : "ARNOLDHE",
					"NAME_FIRST" : "Helen",
					"NAME_LAST" : "Arnold"
				},
				{
					"BNAME" : "FRANKPET",
					"NAME_FIRST" : "Peter",
					"NAME_LAST" : "Frank"
				},
				{
					"BNAME" : "LORENZC",
					"NAME_FIRST" : "Carlos",
					"NAME_LAST" : "Lorenz"
				},
				{
					"BNAME" : "FRIEDRICHKAR",
					"NAME_FIRST" : "Karin",
					"NAME_LAST" : "Friedrich	"
				},
				{
					"BNAME" : "VOGELFR",
					"NAME_FIRST" : "Frank",
					"NAME_LAST" : "Vogel"
				},
				{
					"BNAME" : "JUNGA",
					"NAME_FIRST" : "Andrea",
					"NAME_LAST" : "Jung"
				},
				{
					"BNAME" : "KELLERCLE",
					"NAME_FIRST" : "Clemens",
					"NAME_LAST" : "Keller"
				},
				{
					"BNAME" : "BAUMANNPET",
					"NAME_FIRST" : "Peter",
					"NAME_LAST" : "Baumann"
				},
				{
					"BNAME" : "HARTARN",
					"NAME_FIRST" : "Arnold",
					"NAME_LAST" : "Hartmann"
				},
				{
					"BNAME" : "SATZOL",
					"NAME_FIRST" : "Oliver",
					"NAME_LAST" : "Satz"
				},
				{
					"BNAME" : "JUNGMANNSOE",
					"NAME_FIRST" : "Soeren",
					"NAME_LAST" : "Jungmann"
				},
				{
					"BNAME" : "SCHMIDTU",
					"NAME_FIRST" : "Uwe",
					"NAME_LAST" : "Schmidt"
				},
				{
					"BNAME" : "GEORGEJA",
					"NAME_FIRST" : "Jacob",
					"NAME_LAST" : "George"
				},
				{
					"BNAME" : "CRISTOPHNA",
					"NAME_FIRST" : "Nadine",
					"NAME_LAST" : "Christopher"
				},
				{
					"BNAME" : "WEISSAN",
					"NAME_FIRST" : "Andreas",
					"NAME_LAST" : "Weiss"
				},
				{
					"BNAME" : "HOEHERPET",
					"NAME_FIRST" : "Peter",
					"NAME_LAST" : "Hoeher"
				},
				{
					"BNAME" : "STEINFRA",
					"NAME_FIRST" : "Frank",
					"NAME_LAST" : "Stein"
				},
				{
					"BNAME" : "MAYERJUE",
					"NAME_FIRST" : "Juergen",
					"NAME_LAST" : "Mayer"
				},
				{
					"BNAME" : "LANGMAR",
					"NAME_FIRST" : "Markus",
					"NAME_LAST" : "Lang"
				},
				{
					"BNAME" : "KAISERS",
					"NAME_FIRST" : "Sylvia",
					"NAME_LAST" : "Kaiser"
				},
				{
					"BNAME" : "MOELLERS",
					"NAME_FIRST" : "Frank",
					"NAME_LAST" : "Moeller"
				},
				{
					"BNAME" : "WINTERA",
					"NAME_FIRST" : "Antje",
					"NAME_LAST" : "Winter"
				},
				{
					"BNAME" : "LORENZTHO",
					"NAME_FIRST" : "Thomas",
					"NAME_LAST" : "Lorenz"
				},
				{
					"BNAME" : "VOGELSIM",
					"NAME_FIRST" : "Simon",
					"NAME_LAST" : "Vogel"
				},
				{
					"BNAME" : "KRAUSEMAN",
					"NAME_FIRST" : "Manuela",
					"NAME_LAST" : "Krause"
				},
				{
					"BNAME" : "MIKEMAR",
					"NAME_FIRST" : "Martina",
					"NAME_LAST" : "Mike"
				},
				{
					"BNAME" : "TOBIASSAB",
					"NAME_FIRST" : "Sabine",
					"NAME_LAST" : "Tobias"
				},
				{
					"BNAME" : "ERIKMAN",
					"NAME_FIRST" : "Mandy",
					"NAME_LAST" : "Erik"
				},
				{
					"BNAME" : "KLAUSKA",
					"NAME_FIRST" : "Katja",
					"NAME_LAST" : "Klaus"
				},
				{
					"BNAME" : "PAULAND",
					"NAME_FIRST" : "Andreas",
					"NAME_LAST" : "Paul"
				},
				{
					"BNAME" : "DENNISAND",
					"NAME_FIRST" : "Andrea",
					"NAME_LAST" : "Dennis"
				},
				{
					"BNAME" : "JENSPED",
					"NAME_FIRST" : "Pedra",
					"NAME_LAST" : "Jens"
				},
				{
					"BNAME" : "KABOTHUTE",
					"NAME_FIRST" : "Ute",
					"NAME_LAST" : "Kaboth"
				},
				{
					"BNAME" : "MAXSA",
					"NAME_FIRST" : "Sarah",
					"NAME_LAST" : "Max"
				},
				{
					"BNAME" : "MARTINLI",
					"NAME_FIRST" : "Lisa",
					"NAME_LAST" : "Martin"
				} ]
	}
}