{
	"d" : {
		"results" : [
				{
					"VKORG" : "0001",
					"SORTL" : "",
					"LAND1" : "DE",
					"PSTLZ" : "",
					"MCOD3" : "",
					"MCOD1" : "RIFON CUSTOMER FOR SEPA",
					"KUNNR" : "111",
					"VTWEG" : "01",
					"SPART" : "01",
					"VKBUR" : "",
					"VKGRP" : ""
				},
				{
					"VKORG" : "XAR6",
					"SORTL" : "ECATT",
					"LAND1" : "AR",
					"PSTLZ" : "",
					"MCOD3" : "AR",
					"MCOD1" : "AR CUSTOMER",
					"KUNNR" : "AR-TESTT",
					"VTWEG" : "X1",
					"SPART" : "X1",
					"VKBUR" : "XAR7",
					"VKGRP" : "X50"
				},
				{
					"VKORG" : "S001",
					"SORTL" : "BLACK THRE",
					"LAND1" : "DE",
					"PSTLZ" : "77777",
					"MCOD3" : "BLACK COUNTY",
					"MCOD1" : "BLACK COMPANY THREE",
					"KUNNR" : "BLK1",
					"VTWEG" : "S1",
					"SPART" : "S1",
					"VKBUR" : "S001",
					"VKGRP" : "S01"
				},
				{
					"VKORG" : "BR01",
					"SORTL" : "ECATT",
					"LAND1" : "BR",
					"PSTLZ" : "25385-210",
					"MCOD3" : "PETROPOLIS",
					"MCOD1" : "BASIC CUSTOMER FOR SD - R",
					"KUNNR" : "BR_ERP_RJ",
					"VTWEG" : "01",
					"SPART" : "01",
					"VKBUR" : "",
					"VKGRP" : ""
				},
				{
					"VKORG" : "BR01",
					"SORTL" : "ECATT",
					"LAND1" : "BR",
					"PSTLZ" : "01310-922",
					"MCOD3" : "SÃƒO PAULO",
					"MCOD1" : "BASIC CUSTOMER FOR SD - S",
					"KUNNR" : "BR_ERP_SP",
					"VTWEG" : "01",
					"SPART" : "01",
					"VKBUR" : "",
					"VKGRP" : ""
				},
				{
					"VKORG" : "BR01",
					"SORTL" : "BR",
					"LAND1" : "BR",
					"PSTLZ" : "01000-000",
					"MCOD3" : "SÃƒO PAULO",
					"MCOD1" : "CUSTOMER FOR TESTPA",
					"KUNNR" : "BR_PA_0001",
					"VTWEG" : "01",
					"SPART" : "01",
					"VKBUR" : "",
					"VKGRP" : ""
				},
				{
					"VKORG" : "BR01",
					"SORTL" : "BR",
					"LAND1" : "BR",
					"PSTLZ" : "01000-000",
					"MCOD3" : "SÃƒO PAULO",
					"MCOD1" : "CUSTOMER FOR TESTPA",
					"KUNNR" : "BR_PA_0002",
					"VTWEG" : "01",
					"SPART" : "01",
					"VKBUR" : "",
					"VKGRP" : ""
				},
				{
					"VKORG" : "S001",
					"SORTL" : "BOHR UND H",
					"LAND1" : "DE",
					"PSTLZ" : "10117",
					"MCOD3" : "BERLIN",
					"MCOD1" : "BOHR UND HAMMER GMBH",
					"KUNNR" : "C0001",
					"VTWEG" : "S1",
					"SPART" : "S2",
					"VKBUR" : "S001",
					"VKGRP" : "S01"
				},
				{
					"VKORG" : "S001",
					"SORTL" : "BOHR UND H",
					"LAND1" : "DE",
					"PSTLZ" : "10117",
					"MCOD3" : "BERLIN",
					"MCOD1" : "BOHR UND HAMMER GMBH",
					"KUNNR" : "C0001",
					"VTWEG" : "S1",
					"SPART" : "S1",
					"VKBUR" : "S001",
					"VKGRP" : "S01"
				},
				{
					"VKORG" : "S002",
					"SORTL" : "BOHR UND H",
					"LAND1" : "DE",
					"PSTLZ" : "10117",
					"MCOD3" : "BERLIN",
					"MCOD1" : "BOHR UND HAMMER GMBH",
					"KUNNR" : "C0001",
					"VTWEG" : "S1",
					"SPART" : "S1",
					"VKBUR" : "S003",
					"VKGRP" : ""
				},
				{
					"VKORG" : "S002",
					"SORTL" : "COOL WERKZ",
					"LAND1" : "DE",
					"PSTLZ" : "10623",
					"MCOD3" : "BERLIN",
					"MCOD1" : "COOL WERKZEUG GMBH",
					"KUNNR" : "C0002",
					"VTWEG" : "S1",
					"SPART" : "S1",
					"VKBUR" : "S003",
					"VKGRP" : ""
				},
				{
					"VKORG" : "S001",
					"SORTL" : "COOL WERKZ",
					"LAND1" : "DE",
					"PSTLZ" : "10623",
					"MCOD3" : "BERLIN",
					"MCOD1" : "COOL WERKZEUG GMBH",
					"KUNNR" : "C0002",
					"VTWEG" : "S1",
					"SPART" : "S2",
					"VKBUR" : "S001",
					"VKGRP" : ""
				},
				{
					"VKORG" : "S001",
					"SORTL" : "COOL WERKZ",
					"LAND1" : "DE",
					"PSTLZ" : "10623",
					"MCOD3" : "BERLIN",
					"MCOD1" : "COOL WERKZEUG GMBH",
					"KUNNR" : "C0002",
					"VTWEG" : "S1",
					"SPART" : "S1",
					"VKBUR" : "S001",
					"VKGRP" : ""
				},
				{
					"VKORG" : "S002",
					"SORTL" : "BUFF AND S",
					"LAND1" : "GB",
					"PSTLZ" : "M26 1NN",
					"MCOD3" : "MANCHESTER",
					"MCOD1" : "BUFF AND SAND PLC",
					"KUNNR" : "C0003",
					"VTWEG" : "S1",
					"SPART" : "S1",
					"VKBUR" : "S003",
					"VKGRP" : ""
				},
				{
					"VKORG" : "S001",
					"SORTL" : "BUFF AND S",
					"LAND1" : "GB",
					"PSTLZ" : "M26 1NN",
					"MCOD3" : "MANCHESTER",
					"MCOD1" : "BUFF AND SAND PLC",
					"KUNNR" : "C0003",
					"VTWEG" : "S1",
					"SPART" : "S1",
					"VKBUR" : "S001",
					"VKGRP" : ""
				},
				{
					"VKORG" : "S001",
					"SORTL" : "BUFF AND S",
					"LAND1" : "GB",
					"PSTLZ" : "M26 1NN",
					"MCOD3" : "MANCHESTER",
					"MCOD1" : "BUFF AND SAND PLC",
					"KUNNR" : "C0003",
					"VTWEG" : "S1",
					"SPART" : "S2",
					"VKBUR" : "S001",
					"VKGRP" : "S01"
				},
				{
					"VKORG" : "S002",
					"SORTL" : "GRIND AND",
					"LAND1" : "GB",
					"PSTLZ" : "SK2 7AE",
					"MCOD3" : "STOCKPORT",
					"MCOD1" : "GRIND AND TWIST PLC",
					"KUNNR" : "C0004",
					"VTWEG" : "S1",
					"SPART" : "S1",
					"VKBUR" : "S003",
					"VKGRP" : ""
				},
				{
					"VKORG" : "S001",
					"SORTL" : "GRIND AND",
					"LAND1" : "GB",
					"PSTLZ" : "SK2 7AE",
					"MCOD3" : "STOCKPORT",
					"MCOD1" : "GRIND AND TWIST PLC",
					"KUNNR" : "C0004",
					"VTWEG" : "S1",
					"SPART" : "S2",
					"VKBUR" : "S001",
					"VKGRP" : ""
				},
				{
					"VKORG" : "S001",
					"SORTL" : "GRIND AND",
					"LAND1" : "GB",
					"PSTLZ" : "SK2 7AE",
					"MCOD3" : "STOCKPORT",
					"MCOD1" : "GRIND AND TWIST PLC",
					"KUNNR" : "C0004",
					"VTWEG" : "S1",
					"SPART" : "S1",
					"VKBUR" : "S001",
					"VKGRP" : ""
				},
				{
					"VKORG" : "S002",
					"SORTL" : "A TOUCH OF",
					"LAND1" : "GB",
					"PSTLZ" : "WA14 5NZ",
					"MCOD3" : "ALTRINCHAM",
					"MCOD1" : "A TOUCH OF SCREWS PLC",
					"KUNNR" : "C0005",
					"VTWEG" : "S1",
					"SPART" : "S1",
					"VKBUR" : "S003",
					"VKGRP" : ""
				},
				{
					"VKORG" : "S001",
					"SORTL" : "A TOUCH OF",
					"LAND1" : "GB",
					"PSTLZ" : "WA14 5NZ",
					"MCOD3" : "ALTRINCHAM",
					"MCOD1" : "A TOUCH OF SCREWS PLC",
					"KUNNR" : "C0005",
					"VTWEG" : "S1",
					"SPART" : "S1",
					"VKBUR" : "S001",
					"VKGRP" : ""
				},
				{
					"VKORG" : "S001",
					"SORTL" : "A TOUCH OF",
					"LAND1" : "GB",
					"PSTLZ" : "WA14 5NZ",
					"MCOD3" : "ALTRINCHAM",
					"MCOD1" : "A TOUCH OF SCREWS PLC",
					"KUNNR" : "C0005",
					"VTWEG" : "S1",
					"SPART" : "S2",
					"VKBUR" : "S001",
					"VKGRP" : "S01"
				},
				{
					"VKORG" : "S002",
					"SORTL" : "CUTTERS AN",
					"LAND1" : "GB",
					"PSTLZ" : "SK7 4EH",
					"MCOD3" : "STOCKPORT",
					"MCOD1" : "CUTTERS AND MORE PLC",
					"KUNNR" : "C0006",
					"VTWEG" : "S1",
					"SPART" : "S1",
					"VKBUR" : "S003",
					"VKGRP" : ""
				},
				{
					"VKORG" : "S001",
					"SORTL" : "CUTTERS AN",
					"LAND1" : "GB",
					"PSTLZ" : "SK7 4EH",
					"MCOD3" : "STOCKPORT",
					"MCOD1" : "CUTTERS AND MORE PLC",
					"KUNNR" : "C0006",
					"VTWEG" : "S1",
					"SPART" : "S2",
					"VKBUR" : "S001",
					"VKGRP" : ""
				},
				{
					"VKORG" : "S001",
					"SORTL" : "CUTTERS AN",
					"LAND1" : "GB",
					"PSTLZ" : "SK7 4EH",
					"MCOD3" : "STOCKPORT",
					"MCOD1" : "CUTTERS AND MORE PLC",
					"KUNNR" : "C0006",
					"VTWEG" : "S1",
					"SPART" : "S1",
					"VKBUR" : "S001",
					"VKGRP" : ""
				},
				{
					"VKORG" : "S001",
					"SORTL" : "VACIADOR S",
					"LAND1" : "ES",
					"PSTLZ" : "28046",
					"MCOD3" : "MADRID",
					"MCOD1" : "VACIADOR S.L.",
					"KUNNR" : "C0007",
					"VTWEG" : "S1",
					"SPART" : "S1",
					"VKBUR" : "S001",
					"VKGRP" : ""
				},
				{
					"VKORG" : "S002",
					"SORTL" : "VACIADOR S",
					"LAND1" : "ES",
					"PSTLZ" : "28046",
					"MCOD3" : "MADRID",
					"MCOD1" : "VACIADOR S.L.",
					"KUNNR" : "C0007",
					"VTWEG" : "S1",
					"SPART" : "S1",
					"VKBUR" : "S003",
					"VKGRP" : ""
				},
				{
					"VKORG" : "S001",
					"SORTL" : "VACIADOR S",
					"LAND1" : "ES",
					"PSTLZ" : "28046",
					"MCOD3" : "MADRID",
					"MCOD1" : "VACIADOR S.L.",
					"KUNNR" : "C0007",
					"VTWEG" : "S1",
					"SPART" : "S2",
					"VKBUR" : "S001",
					"VKGRP" : ""
				},
				{
					"VKORG" : "S002",
					"SORTL" : "æ•™å®˜ æœ‰é™",
					"LAND1" : "HK",
					"PSTLZ" : "25243111",
					"MCOD3" : "HONG KONG",
					"MCOD1" : "æ•™å®˜ æœ‰é™",
					"KUNNR" : "C0008",
					"VTWEG" : "S1",
					"SPART" : "S1",
					"VKBUR" : "S003",
					"VKGRP" : ""
				},
				{
					"VKORG" : "S001",
					"SORTL" : "æ•™å®˜ æœ‰é™",
					"LAND1" : "HK",
					"PSTLZ" : "25243111",
					"MCOD3" : "HONG KONG",
					"MCOD1" : "æ•™å®˜ æœ‰é™",
					"KUNNR" : "C0008",
					"VTWEG" : "S1",
					"SPART" : "S1",
					"VKBUR" : "S002",
					"VKGRP" : ""
				},
				{
					"VKORG" : "S001",
					"SORTL" : "æ•™å®˜ æœ‰é™",
					"LAND1" : "HK",
					"PSTLZ" : "25243111",
					"MCOD3" : "HONG KONG",
					"MCOD1" : "æ•™å®˜ æœ‰é™",
					"KUNNR" : "C0008",
					"VTWEG" : "S1",
					"SPART" : "S2",
					"VKBUR" : "S002",
					"VKGRP" : ""
				},
				{
					"VKORG" : "S001",
					"SORTL" : "DRILLS FOR",
					"LAND1" : "SG",
					"PSTLZ" : "258390",
					"MCOD3" : "SINGAPORE",
					"MCOD1" : "DRILLS FOR ALL",
					"KUNNR" : "C0009",
					"VTWEG" : "S1",
					"SPART" : "S1",
					"VKBUR" : "S002",
					"VKGRP" : ""
				},
				{
					"VKORG" : "S002",
					"SORTL" : "DRILLS FOR",
					"LAND1" : "SG",
					"PSTLZ" : "258390",
					"MCOD3" : "SINGAPORE",
					"MCOD1" : "DRILLS FOR ALL",
					"KUNNR" : "C0009",
					"VTWEG" : "S1",
					"SPART" : "S1",
					"VKBUR" : "S003",
					"VKGRP" : ""
				},
				{
					"VKORG" : "S001",
					"SORTL" : "DRILLS FOR",
					"LAND1" : "SG",
					"PSTLZ" : "258390",
					"MCOD3" : "SINGAPORE",
					"MCOD1" : "DRILLS FOR ALL",
					"KUNNR" : "C0009",
					"VTWEG" : "S1",
					"SPART" : "S2",
					"VKBUR" : "S002",
					"VKGRP" : ""
				},
				{
					"VKORG" : "S001",
					"SORTL" : "SINGAPORE",
					"LAND1" : "SG",
					"PSTLZ" : "349558",
					"MCOD3" : "SINGAPORE",
					"MCOD1" : "SINGAPORE CUTTING TOOLS P",
					"KUNNR" : "C0010",
					"VTWEG" : "S1",
					"SPART" : "S1",
					"VKBUR" : "S002",
					"VKGRP" : ""
				},
				{
					"VKORG" : "S002",
					"SORTL" : "SINGAPORE",
					"LAND1" : "SG",
					"PSTLZ" : "349558",
					"MCOD3" : "SINGAPORE",
					"MCOD1" : "SINGAPORE CUTTING TOOLS P",
					"KUNNR" : "C0010",
					"VTWEG" : "S1",
					"SPART" : "S1",
					"VKBUR" : "S003",
					"VKGRP" : ""
				},
				{
					"VKORG" : "S001",
					"SORTL" : "SINGAPORE",
					"LAND1" : "SG",
					"PSTLZ" : "349558",
					"MCOD3" : "SINGAPORE",
					"MCOD1" : "SINGAPORE CUTTING TOOLS P",
					"KUNNR" : "C0010",
					"VTWEG" : "S1",
					"SPART" : "S2",
					"VKBUR" : "S002",
					"VKGRP" : ""
				},
				{
					"VKORG" : "S001",
					"SORTL" : "SIR EMI TO",
					"LAND1" : "JP",
					"PSTLZ" : "5500026",
					"MCOD3" : "OSAKA",
					"MCOD1" : "SIR EMI TOOLS",
					"KUNNR" : "C0011",
					"VTWEG" : "S1",
					"SPART" : "S1",
					"VKBUR" : "S002",
					"VKGRP" : ""
				},
				{
					"VKORG" : "S002",
					"SORTL" : "SIR EMI TO",
					"LAND1" : "JP",
					"PSTLZ" : "5500026",
					"MCOD3" : "OSAKA",
					"MCOD1" : "SIR EMI TOOLS",
					"KUNNR" : "C0011",
					"VTWEG" : "S1",
					"SPART" : "S1",
					"VKBUR" : "S003",
					"VKGRP" : ""
				},
				{
					"VKORG" : "S002",
					"SORTL" : "SANDERSON'",
					"LAND1" : "CN",
					"PSTLZ" : "100006",
					"MCOD3" : "åŒ—äº¬å¸‚æœé˜³åŒº",
					"MCOD1" : "SANDERSON'S SANDERS",
					"KUNNR" : "C0012",
					"VTWEG" : "S1",
					"SPART" : "S1",
					"VKBUR" : "S003",
					"VKGRP" : ""
				},
				{
					"VKORG" : "S001",
					"SORTL" : "SANDERSON'",
					"LAND1" : "CN",
					"PSTLZ" : "100006",
					"MCOD3" : "åŒ—äº¬å¸‚æœé˜³åŒº",
					"MCOD1" : "SANDERSON'S SANDERS",
					"KUNNR" : "C0012",
					"VTWEG" : "S1",
					"SPART" : "S1",
					"VKBUR" : "S002",
					"VKGRP" : ""
				},
				{
					"VKORG" : "S001",
					"SORTL" : "HONG KONG'",
					"LAND1" : "HK",
					"PSTLZ" : "23882666",
					"MCOD3" : "HONG KONG",
					"MCOD1" : "HONG KONG'S FINEST GRINDE",
					"KUNNR" : "C0013",
					"VTWEG" : "S1",
					"SPART" : "S1",
					"VKBUR" : "S002",
					"VKGRP" : ""
				},
				{
					"VKORG" : "S002",
					"SORTL" : "HONG KONG'",
					"LAND1" : "HK",
					"PSTLZ" : "23882666",
					"MCOD3" : "HONG KONG",
					"MCOD1" : "HONG KONG'S FINEST GRINDE",
					"KUNNR" : "C0013",
					"VTWEG" : "S1",
					"SPART" : "S1",
					"VKBUR" : "S003",
					"VKGRP" : ""
				},
				{
					"VKORG" : "S001",
					"SORTL" : "MASAKO AND",
					"LAND1" : "CN",
					"PSTLZ" : "100020",
					"MCOD3" : "BEIJING",
					"MCOD1" : "MASAKO AND SONS",
					"KUNNR" : "C0014",
					"VTWEG" : "S1",
					"SPART" : "S1",
					"VKBUR" : "S002",
					"VKGRP" : ""
				},
				{
					"VKORG" : "S002",
					"SORTL" : "MASAKO AND",
					"LAND1" : "CN",
					"PSTLZ" : "100020",
					"MCOD3" : "BEIJING",
					"MCOD1" : "MASAKO AND SONS",
					"KUNNR" : "C0014",
					"VTWEG" : "S1",
					"SPART" : "S1",
					"VKBUR" : "S003",
					"VKGRP" : ""
				},
				{
					"VKORG" : "S001",
					"SORTL" : "MARK AND S",
					"LAND1" : "US",
					"PSTLZ" : "10003",
					"MCOD3" : "NEW YORK",
					"MCOD1" : "MARK AND SONS PLC",
					"KUNNR" : "C0015",
					"VTWEG" : "S1",
					"SPART" : "S1",
					"VKBUR" : "S003",
					"VKGRP" : ""
				},
				{
					"VKORG" : "S002",
					"SORTL" : "MARK AND S",
					"LAND1" : "US",
					"PSTLZ" : "10003",
					"MCOD3" : "NEW YORK",
					"MCOD1" : "MARK AND SONS PLC",
					"KUNNR" : "C0015",
					"VTWEG" : "S1",
					"SPART" : "S1",
					"VKBUR" : "S003",
					"VKGRP" : ""
				},
				{
					"VKORG" : "S001",
					"SORTL" : "ANDERSONS",
					"LAND1" : "US",
					"PSTLZ" : "10013",
					"MCOD3" : "NEW YORK",
					"MCOD1" : "ANDERSONS AND SONS",
					"KUNNR" : "C0016",
					"VTWEG" : "S1",
					"SPART" : "S1",
					"VKBUR" : "S003",
					"VKGRP" : ""
				},
				{
					"VKORG" : "S002",
					"SORTL" : "ANDERSONS",
					"LAND1" : "US",
					"PSTLZ" : "10013",
					"MCOD3" : "NEW YORK",
					"MCOD1" : "ANDERSONS AND SONS",
					"KUNNR" : "C0016",
					"VTWEG" : "S1",
					"SPART" : "S1",
					"VKBUR" : "S003",
					"VKGRP" : ""
				},
				{
					"VKORG" : "S001",
					"SORTL" : "HIP TOOLS",
					"LAND1" : "US",
					"PSTLZ" : "10012",
					"MCOD3" : "NEW YORK",
					"MCOD1" : "HIP TOOLS PLC",
					"KUNNR" : "C0017",
					"VTWEG" : "S1",
					"SPART" : "S1",
					"VKBUR" : "S003",
					"VKGRP" : ""
				},
				{
					"VKORG" : "S002",
					"SORTL" : "HIP TOOLS",
					"LAND1" : "US",
					"PSTLZ" : "10012",
					"MCOD3" : "NEW YORK",
					"MCOD1" : "HIP TOOLS PLC",
					"KUNNR" : "C0017",
					"VTWEG" : "S1",
					"SPART" : "S1",
					"VKBUR" : "S003",
					"VKGRP" : ""
				},
				{
					"VKORG" : "S002",
					"SORTL" : "SECUREHOME",
					"LAND1" : "US",
					"PSTLZ" : "33131",
					"MCOD3" : "MIAMI",
					"MCOD1" : "SECUREHOME PLC",
					"KUNNR" : "C0018",
					"VTWEG" : "S1",
					"SPART" : "S1",
					"VKBUR" : "S003",
					"VKGRP" : ""
				},
				{
					"VKORG" : "S001",
					"SORTL" : "SECUREHOME",
					"LAND1" : "US",
					"PSTLZ" : "33131",
					"MCOD3" : "MIAMI",
					"MCOD1" : "SECUREHOME PLC",
					"KUNNR" : "C0018",
					"VTWEG" : "S1",
					"SPART" : "S1",
					"VKBUR" : "S003",
					"VKGRP" : ""
				},
				{
					"VKORG" : "S002",
					"SORTL" : "CARMEN'S C",
					"LAND1" : "US",
					"PSTLZ" : "07102",
					"MCOD3" : "NEWARK",
					"MCOD1" : "CARMEN'S CUTTING TOOLS PL",
					"KUNNR" : "C0019",
					"VTWEG" : "S1",
					"SPART" : "S1",
					"VKBUR" : "S003",
					"VKGRP" : ""
				},
				{
					"VKORG" : "S001",
					"SORTL" : "CARMEN'S C",
					"LAND1" : "US",
					"PSTLZ" : "07102",
					"MCOD3" : "NEWARK",
					"MCOD1" : "CARMEN'S CUTTING TOOLS PL",
					"KUNNR" : "C0019",
					"VTWEG" : "S1",
					"SPART" : "S1",
					"VKBUR" : "S003",
					"VKGRP" : ""
				},
				{
					"VKORG" : "S002",
					"SORTL" : "LAURA'S TO",
					"LAND1" : "CA",
					"PSTLZ" : "V5H 2W7",
					"MCOD3" : "BURNABY",
					"MCOD1" : "LAURA'S TOOL SHOP PLC",
					"KUNNR" : "C0020",
					"VTWEG" : "S1",
					"SPART" : "S1",
					"VKBUR" : "S003",
					"VKGRP" : ""
				},
				{
					"VKORG" : "S001",
					"SORTL" : "LAURA'S TO",
					"LAND1" : "CA",
					"PSTLZ" : "V5H 2W7",
					"MCOD3" : "BURNABY",
					"MCOD1" : "LAURA'S TOOL SHOP PLC",
					"KUNNR" : "C0020",
					"VTWEG" : "S1",
					"SPART" : "S1",
					"VKBUR" : "S003",
					"VKGRP" : ""
				},
				{
					"VKORG" : "S001",
					"SORTL" : "Ð’ÐžÐ¡Ð¢ÐžÐ§ÐÐÐ¯",
					"LAND1" : "RU",
					"PSTLZ" : "127322",
					"MCOD3" : "ÐœÐžÐ¡ÐšÐ’Ð",
					"MCOD1" : "Ð’ÐžÐ¡Ð¢ÐžÐ§ÐÐÐ¯ Ð¢ÐžÐ Ð“ÐžÐ’ÐÐ¯ ÐšÐžÐœÐŸÐÐ",
					"KUNNR" : "C0021",
					"VTWEG" : "S1",
					"SPART" : "S1",
					"VKBUR" : "S001",
					"VKGRP" : ""
				},
				{
					"VKORG" : "S002",
					"SORTL" : "Ð’ÐžÐ¡Ð¢ÐžÐ§ÐÐÐ¯",
					"LAND1" : "RU",
					"PSTLZ" : "127322",
					"MCOD3" : "ÐœÐžÐ¡ÐšÐ’Ð",
					"MCOD1" : "Ð’ÐžÐ¡Ð¢ÐžÐ§ÐÐÐ¯ Ð¢ÐžÐ Ð“ÐžÐ’ÐÐ¯ ÐšÐžÐœÐŸÐÐ",
					"KUNNR" : "C0021",
					"VTWEG" : "S1",
					"SPART" : "S1",
					"VKBUR" : "S003",
					"VKGRP" : ""
				},
				{
					"VKORG" : "S001",
					"SORTL" : "EAST ASIA",
					"LAND1" : "VN",
					"PSTLZ" : "100000",
					"MCOD3" : "HANOI",
					"MCOD1" : "EAST ASIA TIMBER",
					"KUNNR" : "C0022",
					"VTWEG" : "S1",
					"SPART" : "S1",
					"VKBUR" : "S002",
					"VKGRP" : ""
				},
				{
					"VKORG" : "S002",
					"SORTL" : "EAST ASIA",
					"LAND1" : "VN",
					"PSTLZ" : "100000",
					"MCOD3" : "HANOI",
					"MCOD1" : "EAST ASIA TIMBER",
					"KUNNR" : "C0022",
					"VTWEG" : "S1",
					"SPART" : "S1",
					"VKBUR" : "S003",
					"VKGRP" : ""
				},
				{
					"VKORG" : "S001",
					"SORTL" : "TIMBER TRA",
					"LAND1" : "CA",
					"PSTLZ" : "V7L 0A7",
					"MCOD3" : "NORTH VANCOUVER",
					"MCOD1" : "TIMBER TRADING INC.",
					"KUNNR" : "C0023",
					"VTWEG" : "S1",
					"SPART" : "S1",
					"VKBUR" : "S003",
					"VKGRP" : ""
				},
				{
					"VKORG" : "S002",
					"SORTL" : "TIMBER TRA",
					"LAND1" : "CA",
					"PSTLZ" : "V7L 0A7",
					"MCOD3" : "NORTH VANCOUVER",
					"MCOD1" : "TIMBER TRADING INC.",
					"KUNNR" : "C0023",
					"VTWEG" : "S1",
					"SPART" : "S1",
					"VKBUR" : "S003",
					"VKGRP" : ""
				},
				{
					"VKORG" : "S001",
					"SORTL" : "TOOLS INC.",
					"LAND1" : "AU",
					"PSTLZ" : "2020",
					"MCOD3" : "MASCOT NSW",
					"MCOD1" : "TOOLS INC. AUSTRALIA",
					"KUNNR" : "C0024",
					"VTWEG" : "S1",
					"SPART" : "S1",
					"VKBUR" : "S002",
					"VKGRP" : ""
				},
				{
					"VKORG" : "S002",
					"SORTL" : "TOOLS INC.",
					"LAND1" : "AU",
					"PSTLZ" : "2020",
					"MCOD3" : "MASCOT NSW",
					"MCOD1" : "TOOLS INC. AUSTRALIA",
					"KUNNR" : "C0024",
					"VTWEG" : "S1",
					"SPART" : "S1",
					"VKBUR" : "S003",
					"VKGRP" : ""
				},
				{
					"VKORG" : "S001",
					"SORTL" : "TOOLS INC.",
					"LAND1" : "BR",
					"PSTLZ" : "01016-040",
					"MCOD3" : "SÃƒO PAULO",
					"MCOD1" : "TOOLS INC. SOUTH AMERICA",
					"KUNNR" : "C0025",
					"VTWEG" : "S1",
					"SPART" : "S1",
					"VKBUR" : "S003",
					"VKGRP" : ""
				},
				{
					"VKORG" : "S002",
					"SORTL" : "TOOLS INC.",
					"LAND1" : "BR",
					"PSTLZ" : "01016-040",
					"MCOD3" : "SÃƒO PAULO",
					"MCOD1" : "TOOLS INC. SOUTH AMERICA",
					"KUNNR" : "C0025",
					"VTWEG" : "S1",
					"SPART" : "S1",
					"VKBUR" : "S003",
					"VKGRP" : ""
				},
				{
					"VKORG" : "S002",
					"SORTL" : "Ø§Ù„Ø£Ù…Ø§Ø±Ø§Øª Ù„",
					"LAND1" : "AE",
					"PSTLZ" : "2345",
					"MCOD3" : "Ø¯Ø¨Ù‰ Øµ.Ø¨.",
					"MCOD1" : "Ø§Ù„Ø£Ù…Ø§Ø±Ø§Øª Ù„Ù„Ù‡Ù†Ø¯Ø³Ø© Ùˆ Ø§Ù„Ø¥Ù†Ø´Ø§",
					"KUNNR" : "C0026",
					"VTWEG" : "S1",
					"SPART" : "S1",
					"VKBUR" : "S003",
					"VKGRP" : ""
				},
				{
					"VKORG" : "S001",
					"SORTL" : "Ø§Ù„Ø£Ù…Ø§Ø±Ø§Øª Ù„",
					"LAND1" : "AE",
					"PSTLZ" : "2345",
					"MCOD3" : "Ø¯Ø¨Ù‰ Øµ.Ø¨.",
					"MCOD1" : "Ø§Ù„Ø£Ù…Ø§Ø±Ø§Øª Ù„Ù„Ù‡Ù†Ø¯Ø³Ø© Ùˆ Ø§Ù„Ø¥Ù†Ø´Ø§",
					"KUNNR" : "C0026",
					"VTWEG" : "S1",
					"SPART" : "S1",
					"VKBUR" : "S001",
					"VKGRP" : ""
				},
				{
					"VKORG" : "S001",
					"SORTL" : "CASH",
					"LAND1" : "DE",
					"PSTLZ" : "10117",
					"MCOD3" : "BERLIN",
					"MCOD1" : "CASH COMPANY",
					"KUNNR" : "CASH1",
					"VTWEG" : "S1",
					"SPART" : "S1",
					"VKBUR" : "S001",
					"VKGRP" : ""
				},
				{
					"VKORG" : "S001",
					"SORTL" : "BOHR UND H",
					"LAND1" : "DE",
					"PSTLZ" : "10117",
					"MCOD3" : "BERLIN",
					"MCOD1" : "BOHR UND HAMMER GMBH",
					"KUNNR" : "CASH2",
					"VTWEG" : "S1",
					"SPART" : "S1",
					"VKBUR" : "S001",
					"VKGRP" : ""
				},
				{
					"VKORG" : "S001",
					"SORTL" : "BOHR UND H",
					"LAND1" : "DE",
					"PSTLZ" : "10117",
					"MCOD3" : "BERLIN",
					"MCOD1" : "BOHR UND HAMMER GMBH",
					"KUNNR" : "CASH3",
					"VTWEG" : "S1",
					"SPART" : "S1",
					"VKBUR" : "S001",
					"VKGRP" : ""
				},
				{
					"VKORG" : "S001",
					"SORTL" : "BOHR UND H",
					"LAND1" : "DE",
					"PSTLZ" : "10117",
					"MCOD3" : "BERLIN",
					"MCOD1" : "BOHR UND HAMMER GMBH",
					"KUNNR" : "CASH4",
					"VTWEG" : "S1",
					"SPART" : "S1",
					"VKBUR" : "S001",
					"VKGRP" : ""
				},
				{
					"VKORG" : "S001",
					"SORTL" : "BOHR UND H",
					"LAND1" : "DE",
					"PSTLZ" : "10117",
					"MCOD3" : "BERLIN",
					"MCOD1" : "BOHR UND HAMMER GMBH",
					"KUNNR" : "CASH5",
					"VTWEG" : "S1",
					"SPART" : "S1",
					"VKBUR" : "S001",
					"VKGRP" : ""
				},
				{
					"VKORG" : "IN47",
					"SORTL" : "INDIA",
					"LAND1" : "IN",
					"PSTLZ" : "560066",
					"MCOD3" : "BANGALORE",
					"MCOD1" : "INDIA MODEL CUSTOMER",
					"KUNNR" : "CUSTCIN_01",
					"VTWEG" : "01",
					"SPART" : "01",
					"VKBUR" : "",
					"VKGRP" : ""
				},
				{
					"VKORG" : "LBE5",
					"SORTL" : "LEGAL REPO",
					"LAND1" : "BE",
					"PSTLZ" : "",
					"MCOD3" : "BRUSSELS",
					"MCOD1" : "FOR ECATTS BE",
					"KUNNR" : "LRBE_CUST",
					"VTWEG" : "B2",
					"SPART" : "B1",
					"VKBUR" : "LBE6",
					"VKGRP" : "B01"
				},
				{
					"VKORG" : "LIT5",
					"SORTL" : "ECATT",
					"LAND1" : "IT",
					"PSTLZ" : "",
					"MCOD3" : "MILAN",
					"MCOD1" : "FOR ECATTS ITALY",
					"KUNNR" : "LRIT_CUST",
					"VTWEG" : "L2",
					"SPART" : "L1",
					"VKBUR" : "LIT6",
					"VKGRP" : "L01"
				},
				{
					"VKORG" : "LPT5",
					"SORTL" : "ECATT",
					"LAND1" : "PT",
					"PSTLZ" : "",
					"MCOD3" : "LISBON",
					"MCOD1" : "FOR ECATTS PORTUGAL",
					"KUNNR" : "LRPT_CUST",
					"VTWEG" : "P2",
					"SPART" : "P1",
					"VKBUR" : "LPT6",
					"VKGRP" : "P01"
				},
				{
					"VKORG" : "LAR6",
					"SORTL" : "ECATT",
					"LAND1" : "AR",
					"PSTLZ" : "",
					"MCOD3" : "AR",
					"MCOD1" : "AR CUSTOMER",
					"KUNNR" : "LR_AR_VAT",
					"VTWEG" : "L1",
					"SPART" : "L1",
					"VKBUR" : "LAR7",
					"VKGRP" : "L50"
				},
				{
					"VKORG" : "0001",
					"SORTL" : "NC GROUP",
					"LAND1" : "CN",
					"PSTLZ" : "201203",
					"MCOD3" : "SHANGHAI",
					"MCOD1" : "NC GROUP",
					"KUNNR" : "NC0001",
					"VTWEG" : "01",
					"SPART" : "01",
					"VKBUR" : "",
					"VKGRP" : ""
				},
				{
					"VKORG" : "0001",
					"SORTL" : "NC0002",
					"LAND1" : "CN",
					"PSTLZ" : "201203",
					"MCOD3" : "SHANGHAI",
					"MCOD1" : "NC0002 CUSTOMER",
					"KUNNR" : "NC0002",
					"VTWEG" : "01",
					"SPART" : "01",
					"VKBUR" : "",
					"VKGRP" : ""
				},
				{
					"VKORG" : "SO01",
					"SORTL" : "N0003",
					"LAND1" : "CN",
					"PSTLZ" : "201203",
					"MCOD3" : "SHANGHAI",
					"MCOD1" : "N0003 GROUP",
					"KUNNR" : "NC0003",
					"VTWEG" : "D1",
					"SPART" : "D1",
					"VKBUR" : "",
					"VKGRP" : ""
				},
				{
					"VKORG" : "OMX6",
					"SORTL" : "ECATT",
					"LAND1" : "MX",
					"PSTLZ" : "",
					"MCOD3" : "MEXICO",
					"MCOD1" : "ODNTESTMX",
					"KUNNR" : "ODNTESTNEW",
					"VTWEG" : "O1",
					"SPART" : "O1",
					"VKBUR" : "OMX7",
					"VKGRP" : "O50"
				},
				{
					"VKORG" : "0001",
					"SORTL" : "STS AG",
					"LAND1" : "DE",
					"PSTLZ" : "",
					"MCOD3" : "RAUENBERG",
					"MCOD1" : "STS AG",
					"KUNNR" : "STS01",
					"VTWEG" : "01",
					"SPART" : "01",
					"VKBUR" : "",
					"VKGRP" : ""
				},
				{
					"VKORG" : "0001",
					"SORTL" : "STS02",
					"LAND1" : "DE",
					"PSTLZ" : "",
					"MCOD3" : "RAUENBERG",
					"MCOD1" : "STS02 AG",
					"KUNNR" : "STS02",
					"VTWEG" : "01",
					"SPART" : "01",
					"VKBUR" : "",
					"VKGRP" : ""
				},
				{
					"VKORG" : "0001",
					"SORTL" : "DUNNINGER",
					"LAND1" : "DE",
					"PSTLZ" : "54331",
					"MCOD3" : "DUNNINGTON",
					"MCOD1" : "ALICE DUNNINGER",
					"KUNNR" : "TESTDUN2",
					"VTWEG" : "01",
					"SPART" : "01",
					"VKBUR" : "0001",
					"VKGRP" : "001"
				},
				{
					"VKORG" : "XAR6",
					"SORTL" : "ECATT",
					"LAND1" : "AR",
					"PSTLZ" : "",
					"MCOD3" : "TEST CITY",
					"MCOD1" : "TEST CUSTOMER",
					"KUNNR" : "THRESHOLD",
					"VTWEG" : "X1",
					"SPART" : "X1",
					"VKBUR" : "XAR7",
					"VKGRP" : "X50"
				},
				{
					"VKORG" : "XAR6",
					"SORTL" : "ECATT",
					"LAND1" : "AR",
					"PSTLZ" : "",
					"MCOD3" : "TEST CITY",
					"MCOD1" : "TEST CUSTOMER",
					"KUNNR" : "TPLIST",
					"VTWEG" : "X1",
					"SPART" : "X1",
					"VKBUR" : "XAR7",
					"VKGRP" : "X50"
				},
				{
					"VKORG" : "XAR6",
					"SORTL" : "ECATT",
					"LAND1" : "AR",
					"PSTLZ" : "",
					"MCOD3" : "TEST CITY",
					"MCOD1" : "TEST CUSTOMER",
					"KUNNR" : "UNITPRICE",
					"VTWEG" : "X1",
					"SPART" : "X1",
					"VKBUR" : "XAR7",
					"VKGRP" : "X50"
				} ]
	}
}