{
    "application": {
        "id": "",
        "title": "com.infy.demo.ZINFY_DEMO_CALLING_API",
        "description": "Main application (Calling API)",
        "type": "SAP_UI5_Component",
        "componentUrl": "/WebContent",
        "appUrl": "#ZINFY_DEMO_CALLING_API-Display",
        "navigationComponentName": "com.infy.demo",
        "intentSemanticObject": "ZINFY_DEMO_CALLING_API",
        "intentAction": "Display",
        "html5ApplicationName": "zinfydemocallingapi",
        "HCPParentApplicationName": ""
    },
    "assignment": {
        "groups": [
            "23bb1d45-5187-4367-9518-487d6a7656cb"
        ],
        "contentPackages": [
            "85c72307-a22e-4d89-8d58-b56ca8cc1993"
        ],
        "categories": []
    },
    "tile": {
        "type": "StaticTile",
        "title": "Static APP",
        "subtitle": "Main APP (component CAll)",
        "searchKeywords": "Static APP,Main APP (component CAll)",
        "displayIconUrl": "sap-icon://approvals",
        "displayInfoText": "",
        "size": "1x1",
        "serviceURL": "",
        "refreshInterval": ""
    }
}